year,round,event_name,driver,abbreviation,constructor,grid_position,finish_position,classification,points
2014,1,Australian Grand Prix,Nico Rosberg,ROS,Mercedes,3.0,1.0,Finished,25.0
2014,1,Australian Grand Prix,Kevin Magnussen,MAG,McLaren,4.0,2.0,Finished,18.0
2014,1,Australian Grand Prix,Jenson Button,BUT,McLaren,10.0,3.0,Finished,15.0
2014,1,Australian Grand Prix,Fernando Alonso,ALO,Ferrari,5.0,4.0,Finished,12.0
2014,1,Australian Grand Prix,Valtteri Bottas,BOT,Williams,15.0,5.0,Finished,10.0
2014,1,Australian Grand Prix,Nico Hülkenberg,HUL,Force India,7.0,6.0,Finished,8.0
2014,1,Australian Grand Prix,Kimi Räikkönen,RAI,Ferrari,11.0,7.0,Finished,6.0
2014,1,Australian Grand Prix,Jean-Éric Vergne,VER,Toro Rosso,6.0,8.0,Finished,4.0
2014,1,Australian Grand Prix,Daniil Kvyat,KVY,Toro Rosso,8.0,9.0,Finished,2.0
2014,1,Australian Grand Prix,Sergio Pérez,PER,Force India,16.0,10.0,Finished,1.0
2014,1,Australian Grand Prix,Adrian Sutil,SUT,Sauber,13.0,11.0,DNF,0.0
2014,1,Australian Grand Prix,Esteban Gutiérrez,GUT,Sauber,20.0,12.0,DNF,0.0
2014,1,Australian Grand Prix,Max Chilton,CHI,Marussia,17.0,13.0,DNF,0.0
2014,1,Australian Grand Prix,Jules Bianchi,BIA,Marussia,18.0,14.0,DNF,0.0
2014,1,Australian Grand Prix,Romain Grosjean,GRO,Lotus F1,22.0,15.0,DNF,0.0
2014,1,Australian Grand Prix,Pastor Maldonado,MAL,Lotus F1,21.0,16.0,DNF,0.0
2014,1,Australian Grand Prix,Marcus Ericsson,ERI,Caterham,19.0,17.0,DNF,0.0
2014,1,Australian Grand Prix,Sebastian Vettel,VET,Red Bull,12.0,18.0,DNF,0.0
2014,1,Australian Grand Prix,Lewis Hamilton,HAM,Mercedes,1.0,19.0,DNF,0.0
2014,1,Australian Grand Prix,Felipe Massa,MAS,Williams,9.0,20.0,DNF,0.0
2014,1,Australian Grand Prix,Kamui Kobayashi,KOB,Caterham,14.0,21.0,DNF,0.0
2014,1,Australian Grand Prix,Daniel Ricciardo,RIC,Red Bull,2.0,22.0,DNF,0.0
2014,2,Malaysian Grand Prix,Lewis Hamilton,HAM,Mercedes,1.0,1.0,Finished,25.0
2014,2,Malaysian Grand Prix,Nico Rosberg,ROS,Mercedes,3.0,2.0,Finished,18.0
2014,2,Malaysian Grand Prix,Sebastian Vettel,VET,Red Bull,2.0,3.0,Finished,15.0
2014,2,Malaysian Grand Prix,Fernando Alonso,ALO,Ferrari,4.0,4.0,Finished,12.0
2014,2,Malaysian Grand Prix,Nico Hülkenberg,HUL,Force India,7.0,5.0,Finished,10.0
2014,2,Malaysian Grand Prix,Jenson Button,BUT,McLaren,10.0,6.0,Finished,8.0
2014,2,Malaysian Grand Prix,Felipe Massa,MAS,Williams,13.0,7.0,Finished,6.0
2014,2,Malaysian Grand Prix,Valtteri Bottas,BOT,Williams,18.0,8.0,Finished,4.0
2014,2,Malaysian Grand Prix,Kevin Magnussen,MAG,McLaren,8.0,9.0,DNF,2.0
2014,2,Malaysian Grand Prix,Daniil Kvyat,KVY,Toro Rosso,11.0,10.0,DNF,1.0
2014,2,Malaysian Grand Prix,Romain Grosjean,GRO,Lotus F1,15.0,11.0,DNF,0.0
2014,2,Malaysian Grand Prix,Kimi Räikkönen,RAI,Ferrari,6.0,12.0,DNF,0.0
2014,2,Malaysian Grand Prix,Kamui Kobayashi,KOB,Caterham,20.0,13.0,DNF,0.0
2014,2,Malaysian Grand Prix,Marcus Ericsson,ERI,Caterham,22.0,14.0,DNF,0.0
2014,2,Malaysian Grand Prix,Max Chilton,CHI,Marussia,21.0,15.0,DNF,0.0
2014,2,Malaysian Grand Prix,Daniel Ricciardo,RIC,Red Bull,5.0,16.0,DNF,0.0
2014,2,Malaysian Grand Prix,Esteban Gutiérrez,GUT,Sauber,12.0,17.0,DNF,0.0
2014,2,Malaysian Grand Prix,Adrian Sutil,SUT,Sauber,17.0,18.0,DNF,0.0
2014,2,Malaysian Grand Prix,Jean-Éric Vergne,VER,Toro Rosso,9.0,19.0,DNF,0.0
2014,2,Malaysian Grand Prix,Jules Bianchi,BIA,Marussia,19.0,20.0,DNF,0.0
2014,2,Malaysian Grand Prix,Pastor Maldonado,MAL,Lotus F1,16.0,21.0,DNF,0.0
2014,2,Malaysian Grand Prix,Sergio Pérez,PER,Force India,14.0,22.0,DNF,0.0
2014,3,Bahrain Grand Prix,Lewis Hamilton,HAM,Mercedes,2.0,1.0,Finished,25.0
2014,3,Bahrain Grand Prix,Nico Rosberg,ROS,Mercedes,1.0,2.0,Finished,18.0
2014,3,Bahrain Grand Prix,Sergio Pérez,PER,Force India,4.0,3.0,Finished,15.0
2014,3,Bahrain Grand Prix,Daniel Ricciardo,RIC,Red Bull,13.0,4.0,Finished,12.0
2014,3,Bahrain Grand Prix,Nico Hülkenberg,HUL,Force India,11.0,5.0,Finished,10.0
2014,3,Bahrain Grand Prix,Sebastian Vettel,VET,Red Bull,10.0,6.0,Finished,8.0
2014,3,Bahrain Grand Prix,Felipe Massa,MAS,Williams,7.0,7.0,Finished,6.0
2014,3,Bahrain Grand Prix,Valtteri Bottas,BOT,Williams,3.0,8.0,Finished,4.0
2014,3,Bahrain Grand Prix,Fernando Alonso,ALO,Ferrari,9.0,9.0,Finished,2.0
2014,3,Bahrain Grand Prix,Kimi Räikkönen,RAI,Ferrari,5.0,10.0,Finished,1.0
2014,3,Bahrain Grand Prix,Daniil Kvyat,KVY,Toro Rosso,12.0,11.0,Finished,0.0
2014,3,Bahrain Grand Prix,Romain Grosjean,GRO,Lotus F1,16.0,12.0,Finished,0.0
2014,3,Bahrain Grand Prix,Max Chilton,CHI,Marussia,21.0,13.0,Finished,0.0
2014,3,Bahrain Grand Prix,Pastor Maldonado,MAL,Lotus F1,17.0,14.0,Finished,0.0
2014,3,Bahrain Grand Prix,Kamui Kobayashi,KOB,Caterham,18.0,15.0,Finished,0.0
2014,3,Bahrain Grand Prix,Jules Bianchi,BIA,Marussia,19.0,16.0,DNF,0.0
2014,3,Bahrain Grand Prix,Jenson Button,BUT,McLaren,6.0,17.0,DNF,0.0
2014,3,Bahrain Grand Prix,Kevin Magnussen,MAG,McLaren,8.0,18.0,DNF,0.0
2014,3,Bahrain Grand Prix,Esteban Gutiérrez,GUT,Sauber,15.0,19.0,DNF,0.0
2014,3,Bahrain Grand Prix,Marcus Ericsson,ERI,Caterham,20.0,20.0,DNF,0.0
2014,3,Bahrain Grand Prix,Jean-Éric Vergne,VER,Toro Rosso,14.0,21.0,DNF,0.0
2014,3,Bahrain Grand Prix,Adrian Sutil,SUT,Sauber,22.0,22.0,DNF,0.0
2014,4,Chinese Grand Prix,Lewis Hamilton,HAM,Mercedes,1.0,1.0,Finished,25.0
2014,4,Chinese Grand Prix,Nico Rosberg,ROS,Mercedes,4.0,2.0,Finished,18.0
2014,4,Chinese Grand Prix,Fernando Alonso,ALO,Ferrari,5.0,3.0,Finished,15.0
2014,4,Chinese Grand Prix,Daniel Ricciardo,RIC,Red Bull,2.0,4.0,Finished,12.0
2014,4,Chinese Grand Prix,Sebastian Vettel,VET,Red Bull,3.0,5.0,Finished,10.0
2014,4,Chinese Grand Prix,Nico Hülkenberg,HUL,Force India,8.0,6.0,Finished,8.0
2014,4,Chinese Grand Prix,Valtteri Bottas,BOT,Williams,7.0,7.0,Finished,6.0
2014,4,Chinese Grand Prix,Kimi Räikkönen,RAI,Ferrari,11.0,8.0,Finished,4.0
2014,4,Chinese Grand Prix,Sergio Pérez,PER,Force India,16.0,9.0,Finished,2.0
2014,4,Chinese Grand Prix,Daniil Kvyat,KVY,Toro Rosso,13.0,10.0,DNF,1.0
2014,4,Chinese Grand Prix,Jenson Button,BUT,McLaren,12.0,11.0,DNF,0.0
2014,4,Chinese Grand Prix,Jean-Éric Vergne,VER,Toro Rosso,9.0,12.0,DNF,0.0
2014,4,Chinese Grand Prix,Kevin Magnussen,MAG,McLaren,15.0,13.0,DNF,0.0
2014,4,Chinese Grand Prix,Pastor Maldonado,MAL,Lotus F1,22.0,14.0,DNF,0.0
2014,4,Chinese Grand Prix,Felipe Massa,MAS,Williams,6.0,15.0,DNF,0.0
2014,4,Chinese Grand Prix,Esteban Gutiérrez,GUT,Sauber,17.0,16.0,DNF,0.0
2014,4,Chinese Grand Prix,Jules Bianchi,BIA,Marussia,19.0,17.0,DNF,0.0
2014,4,Chinese Grand Prix,Kamui Kobayashi,KOB,Caterham,18.0,18.0,DNF,0.0
2014,4,Chinese Grand Prix,Max Chilton,CHI,Marussia,21.0,19.0,DNF,0.0
2014,4,Chinese Grand Prix,Marcus Ericsson,ERI,Caterham,20.0,20.0,DNF,0.0
2014,4,Chinese Grand Prix,Romain Grosjean,GRO,Lotus F1,10.0,21.0,DNF,0.0
2014,4,Chinese Grand Prix,Adrian Sutil,SUT,Sauber,14.0,22.0,DNF,0.0
2014,5,Spanish Grand Prix,Lewis Hamilton,HAM,Mercedes,1.0,1.0,Finished,25.0
2014,5,Spanish Grand Prix,Nico Rosberg,ROS,Mercedes,2.0,2.0,Finished,18.0
2014,5,Spanish Grand Prix,Daniel Ricciardo,RIC,Red Bull,3.0,3.0,Finished,15.0
2014,5,Spanish Grand Prix,Sebastian Vettel,VET,Red Bull,15.0,4.0,Finished,12.0
2014,5,Spanish Grand Prix,Valtteri Bottas,BOT,Williams,4.0,5.0,Finished,10.0
2014,5,Spanish Grand Prix,Fernando Alonso,ALO,Ferrari,7.0,6.0,Finished,8.0
2014,5,Spanish Grand Prix,Kimi Räikkönen,RAI,Ferrari,6.0,7.0,DNF,6.0
2014,5,Spanish Grand Prix,Romain Grosjean,GRO,Lotus F1,5.0,8.0,DNF,4.0
2014,5,Spanish Grand Prix,Sergio Pérez,PER,Force India,11.0,9.0,DNF,2.0
2014,5,Spanish Grand Prix,Nico Hülkenberg,HUL,Force India,10.0,10.0,DNF,1.0
2014,5,Spanish Grand Prix,Jenson Button,BUT,McLaren,8.0,11.0,DNF,0.0
2014,5,Spanish Grand Prix,Kevin Magnussen,MAG,McLaren,14.0,12.0,DNF,0.0
2014,5,Spanish Grand Prix,Felipe Massa,MAS,Williams,9.0,13.0,DNF,0.0
2014,5,Spanish Grand Prix,Daniil Kvyat,KVY,Toro Rosso,12.0,14.0,DNF,0.0
2014,5,Spanish Grand Prix,Pastor Maldonado,MAL,Lotus F1,22.0,15.0,DNF,0.0
2014,5,Spanish Grand Prix,Esteban Gutiérrez,GUT,Sauber,13.0,16.0,DNF,0.0
2014,5,Spanish Grand Prix,Adrian Sutil,SUT,Sauber,16.0,17.0,DNF,0.0
2014,5,Spanish Grand Prix,Jules Bianchi,BIA,Marussia,18.0,18.0,DNF,0.0
2014,5,Spanish Grand Prix,Max Chilton,CHI,Marussia,17.0,19.0,DNF,0.0
2014,5,Spanish Grand Prix,Marcus Ericsson,ERI,Caterham,19.0,20.0,DNF,0.0
2014,5,Spanish Grand Prix,Kamui Kobayashi,KOB,Caterham,20.0,21.0,DNF,0.0
2014,5,Spanish Grand Prix,Jean-Éric Vergne,VER,Toro Rosso,21.0,22.0,DNF,0.0
2014,6,Monaco Grand Prix,Nico Rosberg,ROS,Mercedes,1.0,1.0,Finished,25.0
2014,6,Monaco Grand Prix,Lewis Hamilton,HAM,Mercedes,2.0,2.0,Finished,18.0
2014,6,Monaco Grand Prix,Daniel Ricciardo,RIC,Red Bull,3.0,3.0,Finished,15.0
2014,6,Monaco Grand Prix,Fernando Alonso,ALO,Ferrari,5.0,4.0,Finished,12.0
2014,6,Monaco Grand Prix,Nico Hülkenberg,HUL,Force India,11.0,5.0,DNF,10.0
2014,6,Monaco Grand Prix,Jenson Button,BUT,McLaren,12.0,6.0,DNF,8.0
2014,6,Monaco Grand Prix,Felipe Massa,MAS,Williams,16.0,7.0,DNF,6.0
2014,6,Monaco Grand Prix,Romain Grosjean,GRO,Lotus F1,14.0,8.0,DNF,4.0
2014,6,Monaco Grand Prix,Jules Bianchi,BIA,Marussia,21.0,9.0,DNF,2.0
2014,6,Monaco Grand Prix,Kevin Magnussen,MAG,McLaren,8.0,10.0,DNF,1.0
2014,6,Monaco Grand Prix,Marcus Ericsson,ERI,Caterham,22.0,11.0,DNF,0.0
2014,6,Monaco Grand Prix,Kimi Räikkönen,RAI,Ferrari,6.0,12.0,DNF,0.0
2014,6,Monaco Grand Prix,Kamui Kobayashi,KOB,Caterham,20.0,13.0,DNF,0.0
2014,6,Monaco Grand Prix,Max Chilton,CHI,Marussia,19.0,14.0,DNF,0.0
2014,6,Monaco Grand Prix,Esteban Gutiérrez,GUT,Sauber,17.0,15.0,DNF,0.0
2014,6,Monaco Grand Prix,Valtteri Bottas,BOT,Williams,13.0,16.0,DNF,0.0
2014,6,Monaco Grand Prix,Jean-Éric Vergne,VER,Toro Rosso,7.0,17.0,DNF,0.0
2014,6,Monaco Grand Prix,Adrian Sutil,SUT,Sauber,18.0,18.0,DNF,0.0
2014,6,Monaco Grand Prix,Daniil Kvyat,KVY,Toro Rosso,9.0,19.0,DNF,0.0
2014,6,Monaco Grand Prix,Sebastian Vettel,VET,Red Bull,4.0,20.0,DNF,0.0
2014,6,Monaco Grand Prix,Sergio Pérez,PER,Force India,10.0,21.0,DNF,0.0
2014,6,Monaco Grand Prix,Pastor Maldonado,MAL,Lotus F1,15.0,22.0,DNF,0.0
2014,7,Canadian Grand Prix,Daniel Ricciardo,RIC,Red Bull,6.0,1.0,Finished,25.0
2014,7,Canadian Grand Prix,Nico Rosberg,ROS,Mercedes,1.0,2.0,Finished,18.0
2014,7,Canadian Grand Prix,Sebastian Vettel,VET,Red Bull,3.0,3.0,Finished,15.0
2014,7,Canadian Grand Prix,Jenson Button,BUT,McLaren,9.0,4.0,Finished,12.0
2014,7,Canadian Grand Prix,Nico Hülkenberg,HUL,Force India,11.0,5.0,Finished,10.0
2014,7,Canadian Grand Prix,Fernando Alonso,ALO,Ferrari,7.0,6.0,Finished,8.0
2014,7,Canadian Grand Prix,Valtteri Bottas,BOT,Williams,4.0,7.0,Finished,6.0
2014,7,Canadian Grand Prix,Jean-Éric Vergne,VER,Toro Rosso,8.0,8.0,Finished,4.0
2014,7,Canadian Grand Prix,Kevin Magnussen,MAG,McLaren,12.0,9.0,Finished,2.0
2014,7,Canadian Grand Prix,Kimi Räikkönen,RAI,Ferrari,10.0,10.0,Finished,1.0
2014,7,Canadian Grand Prix,Sergio Pérez,PER,Force India,13.0,11.0,DNF,0.0
2014,7,Canadian Grand Prix,Felipe Massa,MAS,Williams,5.0,12.0,DNF,0.0
2014,7,Canadian Grand Prix,Adrian Sutil,SUT,Sauber,16.0,13.0,DNF,0.0
2014,7,Canadian Grand Prix,Esteban Gutiérrez,GUT,Sauber,22.0,14.0,DNF,0.0
2014,7,Canadian Grand Prix,Romain Grosjean,GRO,Lotus F1,14.0,15.0,DNF,0.0
2014,7,Canadian Grand Prix,Daniil Kvyat,KVY,Toro Rosso,15.0,16.0,DNF,0.0
2014,7,Canadian Grand Prix,Lewis Hamilton,HAM,Mercedes,2.0,17.0,DNF,0.0
2014,7,Canadian Grand Prix,Kamui Kobayashi,KOB,Caterham,21.0,18.0,DNF,0.0
2014,7,Canadian Grand Prix,Pastor Maldonado,MAL,Lotus F1,17.0,19.0,DNF,0.0
2014,7,Canadian Grand Prix,Marcus Ericsson,ERI,Caterham,20.0,20.0,DNF,0.0
2014,7,Canadian Grand Prix,Max Chilton,CHI,Marussia,18.0,21.0,DNF,0.0
2014,7,Canadian Grand Prix,Jules Bianchi,BIA,Marussia,19.0,22.0,DNF,0.0
2014,8,Austrian Grand Prix,Nico Rosberg,ROS,Mercedes,3.0,1.0,Finished,25.0
2014,8,Austrian Grand Prix,Lewis Hamilton,HAM,Mercedes,9.0,2.0,Finished,18.0
2014,8,Austrian Grand Prix,Valtteri Bottas,BOT,Williams,2.0,3.0,Finished,15.0
2014,8,Austrian Grand Prix,Felipe Massa,MAS,Williams,1.0,4.0,Finished,12.0
2014,8,Austrian Grand Prix,Fernando Alonso,ALO,Ferrari,4.0,5.0,Finished,10.0
2014,8,Austrian Grand Prix,Sergio Pérez,PER,Force India,15.0,6.0,Finished,8.0
2014,8,Austrian Grand Prix,Kevin Magnussen,MAG,McLaren,6.0,7.0,Finished,6.0
2014,8,Austrian Grand Prix,Daniel Ricciardo,RIC,Red Bull,5.0,8.0,Finished,4.0
2014,8,Austrian Grand Prix,Nico Hülkenberg,HUL,Force India,10.0,9.0,Finished,2.0
2014,8,Austrian Grand Prix,Kimi Räikkönen,RAI,Ferrari,8.0,10.0,Finished,1.0
2014,8,Austrian Grand Prix,Jenson Button,BUT,McLaren,11.0,11.0,Finished,0.0
2014,8,Austrian Grand Prix,Pastor Maldonado,MAL,Lotus F1,13.0,12.0,DNF,0.0
2014,8,Austrian Grand Prix,Adrian Sutil,SUT,Sauber,16.0,13.0,DNF,0.0
2014,8,Austrian Grand Prix,Romain Grosjean,GRO,Lotus F1,22.0,14.0,DNF,0.0
2014,8,Austrian Grand Prix,Jules Bianchi,BIA,Marussia,18.0,15.0,DNF,0.0
2014,8,Austrian Grand Prix,Kamui Kobayashi,KOB,Caterham,19.0,16.0,DNF,0.0
2014,8,Austrian Grand Prix,Max Chilton,CHI,Marussia,21.0,17.0,DNF,0.0
2014,8,Austrian Grand Prix,Marcus Ericsson,ERI,Caterham,20.0,18.0,DNF,0.0
2014,8,Austrian Grand Prix,Esteban Gutiérrez,GUT,Sauber,17.0,19.0,DNF,0.0
2014,8,Austrian Grand Prix,Jean-Éric Vergne,VER,Toro Rosso,14.0,20.0,DNF,0.0
2014,8,Austrian Grand Prix,Sebastian Vettel,VET,Red Bull,12.0,21.0,DNF,0.0
2014,8,Austrian Grand Prix,Daniil Kvyat,KVY,Toro Rosso,7.0,22.0,DNF,0.0
2014,9,British Grand Prix,Lewis Hamilton,HAM,Mercedes,6.0,1.0,Finished,25.0
2014,9,British Grand Prix,Valtteri Bottas,BOT,Williams,14.0,2.0,Finished,18.0
2014,9,British Grand Prix,Daniel Ricciardo,RIC,Red Bull,8.0,3.0,Finished,15.0
2014,9,British Grand Prix,Jenson Button,BUT,McLaren,3.0,4.0,Finished,12.0
2014,9,British Grand Prix,Sebastian Vettel,VET,Red Bull,2.0,5.0,Finished,10.0
2014,9,British Grand Prix,Fernando Alonso,ALO,Ferrari,16.0,6.0,Finished,8.0
2014,9,British Grand Prix,Kevin Magnussen,MAG,McLaren,5.0,7.0,Finished,6.0
2014,9,British Grand Prix,Nico Hülkenberg,HUL,Force India,4.0,8.0,Finished,4.0
2014,9,British Grand Prix,Daniil Kvyat,KVY,Toro Rosso,9.0,9.0,Finished,2.0
2014,9,British Grand Prix,Jean-Éric Vergne,VER,Toro Rosso,10.0,10.0,DNF,1.0
2014,9,British Grand Prix,Sergio Pérez,PER,Force India,7.0,11.0,DNF,0.0
2014,9,British Grand Prix,Romain Grosjean,GRO,Lotus F1,11.0,12.0,DNF,0.0
2014,9,British Grand Prix,Adrian Sutil,SUT,Sauber,13.0,13.0,DNF,0.0
2014,9,British Grand Prix,Jules Bianchi,BIA,Marussia,12.0,14.0,DNF,0.0
2014,9,British Grand Prix,Kamui Kobayashi,KOB,Caterham,22.0,15.0,DNF,0.0
2014,9,British Grand Prix,Max Chilton,CHI,Marussia,17.0,16.0,DNF,0.0
2014,9,British Grand Prix,Pastor Maldonado,MAL,Lotus F1,20.0,17.0,DNF,0.0
2014,9,British Grand Prix,Nico Rosberg,ROS,Mercedes,1.0,18.0,DNF,0.0
2014,9,British Grand Prix,Marcus Ericsson,ERI,Caterham,21.0,19.0,DNF,0.0
2014,9,British Grand Prix,Esteban Gutiérrez,GUT,Sauber,19.0,20.0,DNF,0.0
2014,9,British Grand Prix,Felipe Massa,MAS,Williams,15.0,21.0,DNF,0.0
2014,9,British Grand Prix,Kimi Räikkönen,RAI,Ferrari,18.0,22.0,DNF,0.0
2014,10,German Grand Prix,Nico Rosberg,ROS,Mercedes,1.0,1.0,Finished,25.0
2014,10,German Grand Prix,Valtteri Bottas,BOT,Williams,2.0,2.0,Finished,18.0
2014,10,German Grand Prix,Lewis Hamilton,HAM,Mercedes,20.0,3.0,Finished,15.0
2014,10,German Grand Prix,Sebastian Vettel,VET,Red Bull,6.0,4.0,Finished,12.0
2014,10,German Grand Prix,Fernando Alonso,ALO,Ferrari,7.0,5.0,Finished,10.0
2014,10,German Grand Prix,Daniel Ricciardo,RIC,Red Bull,5.0,6.0,Finished,8.0
2014,10,German Grand Prix,Nico Hülkenberg,HUL,Force India,9.0,7.0,Finished,6.0
2014,10,German Grand Prix,Jenson Button,BUT,McLaren,11.0,8.0,Finished,4.0
2014,10,German Grand Prix,Kevin Magnussen,MAG,McLaren,4.0,9.0,DNF,2.0
2014,10,German Grand Prix,Sergio Pérez,PER,Force India,10.0,10.0,DNF,1.0
2014,10,German Grand Prix,Kimi Räikkönen,RAI,Ferrari,12.0,11.0,DNF,0.0
2014,10,German Grand Prix,Pastor Maldonado,MAL,Lotus F1,18.0,12.0,DNF,0.0
2014,10,German Grand Prix,Jean-Éric Vergne,VER,Toro Rosso,13.0,13.0,DNF,0.0
2014,10,German Grand Prix,Esteban Gutiérrez,GUT,Sauber,16.0,14.0,DNF,0.0
2014,10,German Grand Prix,Jules Bianchi,BIA,Marussia,17.0,15.0,DNF,0.0
2014,10,German Grand Prix,Kamui Kobayashi,KOB,Caterham,19.0,16.0,DNF,0.0
2014,10,German Grand Prix,Max Chilton,CHI,Marussia,21.0,17.0,DNF,0.0
2014,10,German Grand Prix,Marcus Ericsson,ERI,Caterham,22.0,18.0,DNF,0.0
2014,10,German Grand Prix,Adrian Sutil,SUT,Sauber,15.0,19.0,DNF,0.0
2014,10,German Grand Prix,Daniil Kvyat,KVY,Toro Rosso,8.0,20.0,DNF,0.0
2014,10,German Grand Prix,Romain Grosjean,GRO,Lotus F1,14.0,21.0,DNF,0.0
2014,10,German Grand Prix,Felipe Massa,MAS,Williams,3.0,22.0,DNF,0.0
2014,11,Hungarian Grand Prix,Daniel Ricciardo,RIC,Red Bull,4.0,1.0,Finished,25.0
2014,11,Hungarian Grand Prix,Fernando Alonso,ALO,Ferrari,5.0,2.0,Finished,18.0
2014,11,Hungarian Grand Prix,Lewis Hamilton,HAM,Mercedes,22.0,3.0,Finished,15.0
2014,11,Hungarian Grand Prix,Nico Rosberg,ROS,Mercedes,1.0,4.0,Finished,12.0
2014,11,Hungarian Grand Prix,Felipe Massa,MAS,Williams,6.0,5.0,Finished,10.0
2014,11,Hungarian Grand Prix,Kimi Räikkönen,RAI,Ferrari,16.0,6.0,Finished,8.0
2014,11,Hungarian Grand Prix,Sebastian Vettel,VET,Red Bull,2.0,7.0,Finished,6.0
2014,11,Hungarian Grand Prix,Valtteri Bottas,BOT,Williams,3.0,8.0,Finished,4.0
2014,11,Hungarian Grand Prix,Jean-Éric Vergne,VER,Toro Rosso,8.0,9.0,Finished,2.0
2014,11,Hungarian Grand Prix,Jenson Button,BUT,McLaren,7.0,10.0,Finished,1.0
2014,11,Hungarian Grand Prix,Adrian Sutil,SUT,Sauber,11.0,11.0,Finished,0.0
2014,11,Hungarian Grand Prix,Kevin Magnussen,MAG,McLaren,21.0,12.0,Finished,0.0
2014,11,Hungarian Grand Prix,Pastor Maldonado,MAL,Lotus F1,20.0,13.0,Finished,0.0
2014,11,Hungarian Grand Prix,Daniil Kvyat,KVY,Toro Rosso,10.0,14.0,DNF,0.0
2014,11,Hungarian Grand Prix,Jules Bianchi,BIA,Marussia,15.0,15.0,DNF,0.0
2014,11,Hungarian Grand Prix,Max Chilton,CHI,Marussia,18.0,16.0,DNF,0.0
2014,11,Hungarian Grand Prix,Esteban Gutiérrez,GUT,Sauber,13.0,17.0,DNF,0.0
2014,11,Hungarian Grand Prix,Kamui Kobayashi,KOB,Caterham,17.0,18.0,DNF,0.0
2014,11,Hungarian Grand Prix,Sergio Pérez,PER,Force India,12.0,19.0,DNF,0.0
2014,11,Hungarian Grand Prix,Nico Hülkenberg,HUL,Force India,9.0,20.0,DNF,0.0
2014,11,Hungarian Grand Prix,Romain Grosjean,GRO,Lotus F1,14.0,21.0,DNF,0.0
2014,11,Hungarian Grand Prix,Marcus Ericsson,ERI,Caterham,19.0,22.0,DNF,0.0
2014,12,Belgian Grand Prix,Daniel Ricciardo,RIC,Red Bull,5.0,1.0,Finished,25.0
2014,12,Belgian Grand Prix,Nico Rosberg,ROS,Mercedes,1.0,2.0,Finished,18.0
2014,12,Belgian Grand Prix,Valtteri Bottas,BOT,Williams,6.0,3.0,Finished,15.0
2014,12,Belgian Grand Prix,Kimi Räikkönen,RAI,Ferrari,8.0,4.0,Finished,12.0
2014,12,Belgian Grand Prix,Sebastian Vettel,VET,Red Bull,3.0,5.0,Finished,10.0
2014,12,Belgian Grand Prix,Jenson Button,BUT,McLaren,10.0,6.0,Finished,8.0
2014,12,Belgian Grand Prix,Fernando Alonso,ALO,Ferrari,4.0,7.0,Finished,6.0
2014,12,Belgian Grand Prix,Sergio Pérez,PER,Force India,13.0,8.0,Finished,4.0
2014,12,Belgian Grand Prix,Daniil Kvyat,KVY,Toro Rosso,11.0,9.0,Finished,2.0
2014,12,Belgian Grand Prix,Nico Hülkenberg,HUL,Force India,18.0,10.0,Finished,1.0
2014,12,Belgian Grand Prix,Jean-Éric Vergne,VER,Toro Rosso,12.0,11.0,Finished,0.0
2014,12,Belgian Grand Prix,Kevin Magnussen,MAG,McLaren,7.0,12.0,Finished,0.0
2014,12,Belgian Grand Prix,Felipe Massa,MAS,Williams,9.0,13.0,Finished,0.0
2014,12,Belgian Grand Prix,Adrian Sutil,SUT,Sauber,14.0,14.0,Finished,0.0
2014,12,Belgian Grand Prix,Esteban Gutiérrez,GUT,Sauber,20.0,15.0,Finished,0.0
2014,12,Belgian Grand Prix,Max Chilton,CHI,Marussia,19.0,16.0,DNF,0.0
2014,12,Belgian Grand Prix,Marcus Ericsson,ERI,Caterham,22.0,17.0,DNF,0.0
2014,12,Belgian Grand Prix,Jules Bianchi,BIA,Marussia,16.0,18.0,DNF,0.0
2014,12,Belgian Grand Prix,Lewis Hamilton,HAM,Mercedes,2.0,19.0,DNF,0.0
2014,12,Belgian Grand Prix,Romain Grosjean,GRO,Lotus F1,15.0,20.0,DNF,0.0
2014,12,Belgian Grand Prix,Pastor Maldonado,MAL,Lotus F1,17.0,21.0,DNF,0.0
2014,12,Belgian Grand Prix,André Lotterer,LOT,Caterham,21.0,22.0,DNF,0.0
2014,13,Italian Grand Prix,Lewis Hamilton,HAM,Mercedes,1.0,1.0,Finished,25.0
2014,13,Italian Grand Prix,Nico Rosberg,ROS,Mercedes,2.0,2.0,Finished,18.0
2014,13,Italian Grand Prix,Felipe Massa,MAS,Williams,4.0,3.0,Finished,15.0
2014,13,Italian Grand Prix,Valtteri Bottas,BOT,Williams,3.0,4.0,Finished,12.0
2014,13,Italian Grand Prix,Daniel Ricciardo,RIC,Red Bull,9.0,5.0,Finished,10.0
2014,13,Italian Grand Prix,Sebastian Vettel,VET,Red Bull,8.0,6.0,Finished,8.0
2014,13,Italian Grand Prix,Sergio Pérez,PER,Force India,10.0,7.0,Finished,6.0
2014,13,Italian Grand Prix,Jenson Button,BUT,McLaren,6.0,8.0,Finished,4.0
2014,13,Italian Grand Prix,Kimi Räikkönen,RAI,Ferrari,11.0,9.0,Finished,2.0
2014,13,Italian Grand Prix,Kevin Magnussen,MAG,McLaren,5.0,10.0,Finished,1.0
2014,13,Italian Grand Prix,Daniil Kvyat,KVY,Toro Rosso,21.0,11.0,Finished,0.0
2014,13,Italian Grand Prix,Nico Hülkenberg,HUL,Force India,13.0,12.0,Finished,0.0
2014,13,Italian Grand Prix,Jean-Éric Vergne,VER,Toro Rosso,12.0,13.0,Finished,0.0
2014,13,Italian Grand Prix,Pastor Maldonado,MAL,Lotus F1,16.0,14.0,DNF,0.0
2014,13,Italian Grand Prix,Adrian Sutil,SUT,Sauber,14.0,15.0,DNF,0.0
2014,13,Italian Grand Prix,Romain Grosjean,GRO,Lotus F1,17.0,16.0,DNF,0.0
2014,13,Italian Grand Prix,Kamui Kobayashi,KOB,Caterham,18.0,17.0,DNF,0.0
2014,13,Italian Grand Prix,Jules Bianchi,BIA,Marussia,19.0,18.0,DNF,0.0
2014,13,Italian Grand Prix,Esteban Gutiérrez,GUT,Sauber,15.0,19.0,DNF,0.0
2014,13,Italian Grand Prix,Marcus Ericsson,ERI,Caterham,22.0,20.0,DNF,0.0
2014,13,Italian Grand Prix,Fernando Alonso,ALO,Ferrari,7.0,21.0,DNF,0.0
2014,13,Italian Grand Prix,Max Chilton,CHI,Marussia,20.0,22.0,DNF,0.0
2014,14,Singapore Grand Prix,Lewis Hamilton,HAM,Mercedes,1.0,1.0,Finished,25.0
2014,14,Singapore Grand Prix,Sebastian Vettel,VET,Red Bull,4.0,2.0,Finished,18.0
2014,14,Singapore Grand Prix,Daniel Ricciardo,RIC,Red Bull,3.0,3.0,Finished,15.0
2014,14,Singapore Grand Prix,Fernando Alonso,ALO,Ferrari,5.0,4.0,Finished,12.0
2014,14,Singapore Grand Prix,Felipe Massa,MAS,Williams,6.0,5.0,Finished,10.0
2014,14,Singapore Grand Prix,Jean-Éric Vergne,VER,Toro Rosso,12.0,6.0,Finished,8.0
2014,14,Singapore Grand Prix,Sergio Pérez,PER,Force India,15.0,7.0,Finished,6.0
2014,14,Singapore Grand Prix,Kimi Räikkönen,RAI,Ferrari,7.0,8.0,Finished,4.0
2014,14,Singapore Grand Prix,Nico Hülkenberg,HUL,Force India,13.0,9.0,Finished,2.0
2014,14,Singapore Grand Prix,Kevin Magnussen,MAG,McLaren,9.0,10.0,Finished,1.0
2014,14,Singapore Grand Prix,Valtteri Bottas,BOT,Williams,8.0,11.0,Finished,0.0
2014,14,Singapore Grand Prix,Pastor Maldonado,MAL,Lotus F1,18.0,12.0,Finished,0.0
2014,14,Singapore Grand Prix,Romain Grosjean,GRO,Lotus F1,16.0,13.0,Finished,0.0
2014,14,Singapore Grand Prix,Daniil Kvyat,KVY,Toro Rosso,10.0,14.0,Finished,0.0
2014,14,Singapore Grand Prix,Marcus Ericsson,ERI,Caterham,22.0,15.0,Finished,0.0
2014,14,Singapore Grand Prix,Jules Bianchi,BIA,Marussia,19.0,16.0,Finished,0.0
2014,14,Singapore Grand Prix,Max Chilton,CHI,Marussia,21.0,17.0,DNF,0.0
2014,14,Singapore Grand Prix,Jenson Button,BUT,McLaren,11.0,18.0,DNF,0.0
2014,14,Singapore Grand Prix,Adrian Sutil,SUT,Sauber,17.0,19.0,DNF,0.0
2014,14,Singapore Grand Prix,Esteban Gutiérrez,GUT,Sauber,14.0,20.0,DNF,0.0
2014,14,Singapore Grand Prix,Nico Rosberg,ROS,Mercedes,2.0,21.0,DNF,0.0
2014,14,Singapore Grand Prix,Kamui Kobayashi,KOB,Caterham,20.0,22.0,DNF,0.0
2014,15,Japanese Grand Prix,Lewis Hamilton,HAM,Mercedes,2.0,1.0,Finished,25.0
2014,15,Japanese Grand Prix,Nico Rosberg,ROS,Mercedes,1.0,2.0,Finished,18.0
2014,15,Japanese Grand Prix,Sebastian Vettel,VET,Red Bull,9.0,3.0,Finished,15.0
2014,15,Japanese Grand Prix,Daniel Ricciardo,RIC,Red Bull,6.0,4.0,Finished,12.0
2014,15,Japanese Grand Prix,Jenson Button,BUT,McLaren,8.0,5.0,Finished,10.0
2014,15,Japanese Grand Prix,Valtteri Bottas,BOT,Williams,3.0,6.0,Finished,8.0
2014,15,Japanese Grand Prix,Felipe Massa,MAS,Williams,4.0,7.0,Finished,6.0
2014,15,Japanese Grand Prix,Nico Hülkenberg,HUL,Force India,13.0,8.0,Finished,4.0
2014,15,Japanese Grand Prix,Jean-Éric Vergne,VER,Toro Rosso,20.0,9.0,Finished,2.0
2014,15,Japanese Grand Prix,Sergio Pérez,PER,Force India,11.0,10.0,DNF,1.0
2014,15,Japanese Grand Prix,Daniil Kvyat,KVY,Toro Rosso,12.0,11.0,DNF,0.0
2014,15,Japanese Grand Prix,Kimi Räikkönen,RAI,Ferrari,10.0,12.0,DNF,0.0
2014,15,Japanese Grand Prix,Esteban Gutiérrez,GUT,Sauber,15.0,13.0,DNF,0.0
2014,15,Japanese Grand Prix,Kevin Magnussen,MAG,McLaren,7.0,14.0,DNF,0.0
2014,15,Japanese Grand Prix,Romain Grosjean,GRO,Lotus F1,16.0,15.0,DNF,0.0
2014,15,Japanese Grand Prix,Pastor Maldonado,MAL,Lotus F1,22.0,16.0,DNF,0.0
2014,15,Japanese Grand Prix,Marcus Ericsson,ERI,Caterham,17.0,17.0,DNF,0.0
2014,15,Japanese Grand Prix,Max Chilton,CHI,Marussia,21.0,18.0,DNF,0.0
2014,15,Japanese Grand Prix,Kamui Kobayashi,KOB,Caterham,19.0,19.0,DNF,0.0
2014,15,Japanese Grand Prix,Jules Bianchi,BIA,Marussia,18.0,20.0,DNF,0.0
2014,15,Japanese Grand Prix,Adrian Sutil,SUT,Sauber,14.0,21.0,DNF,0.0
2014,15,Japanese Grand Prix,Fernando Alonso,ALO,Ferrari,5.0,22.0,DNF,0.0
2014,16,Russian Grand Prix,Lewis Hamilton,HAM,Mercedes,1.0,1.0,Finished,25.0
2014,16,Russian Grand Prix,Nico Rosberg,ROS,Mercedes,2.0,2.0,Finished,18.0
2014,16,Russian Grand Prix,Valtteri Bottas,BOT,Williams,3.0,3.0,Finished,15.0
2014,16,Russian Grand Prix,Jenson Button,BUT,McLaren,4.0,4.0,Finished,12.0
2014,16,Russian Grand Prix,Kevin Magnussen,MAG,McLaren,11.0,5.0,Finished,10.0
2014,16,Russian Grand Prix,Fernando Alonso,ALO,Ferrari,7.0,6.0,Finished,8.0
2014,16,Russian Grand Prix,Daniel Ricciardo,RIC,Red Bull,6.0,7.0,Finished,6.0
2014,16,Russian Grand Prix,Sebastian Vettel,VET,Red Bull,10.0,8.0,Finished,4.0
2014,16,Russian Grand Prix,Kimi Räikkönen,RAI,Ferrari,8.0,9.0,Finished,2.0
2014,16,Russian Grand Prix,Sergio Pérez,PER,Force India,12.0,10.0,Finished,1.0
2014,16,Russian Grand Prix,Felipe Massa,MAS,Williams,18.0,11.0,Finished,0.0
2014,16,Russian Grand Prix,Nico Hülkenberg,HUL,Force India,17.0,12.0,Finished,0.0
2014,16,Russian Grand Prix,Jean-Éric Vergne,VER,Toro Rosso,9.0,13.0,Finished,0.0
2014,16,Russian Grand Prix,Daniil Kvyat,KVY,Toro Rosso,5.0,14.0,DNF,0.0
2014,16,Russian Grand Prix,Esteban Gutiérrez,GUT,Sauber,13.0,15.0,DNF,0.0
2014,16,Russian Grand Prix,Adrian Sutil,SUT,Sauber,14.0,16.0,DNF,0.0
2014,16,Russian Grand Prix,Romain Grosjean,GRO,Lotus F1,15.0,17.0,DNF,0.0
2014,16,Russian Grand Prix,Pastor Maldonado,MAL,Lotus F1,21.0,18.0,DNF,0.0
2014,16,Russian Grand Prix,Marcus Ericsson,ERI,Caterham,16.0,19.0,DNF,0.0
2014,16,Russian Grand Prix,Kamui Kobayashi,KOB,Caterham,19.0,20.0,DNF,0.0
2014,16,Russian Grand Prix,Max Chilton,CHI,Marussia,20.0,21.0,DNF,0.0
2014,17,United States Grand Prix,Lewis Hamilton,HAM,Mercedes,2.0,1.0,Finished,25.0
2014,17,United States Grand Prix,Nico Rosberg,ROS,Mercedes,1.0,2.0,Finished,18.0
2014,17,United States Grand Prix,Daniel Ricciardo,RIC,Red Bull,5.0,3.0,Finished,15.0
2014,17,United States Grand Prix,Felipe Massa,MAS,Williams,4.0,4.0,Finished,12.0
2014,17,United States Grand Prix,Valtteri Bottas,BOT,Williams,3.0,5.0,Finished,10.0
2014,17,United States Grand Prix,Fernando Alonso,ALO,Ferrari,6.0,6.0,Finished,8.0
2014,17,United States Grand Prix,Sebastian Vettel,VET,Red Bull,18.0,7.0,Finished,6.0
2014,17,United States Grand Prix,Kevin Magnussen,MAG,McLaren,7.0,8.0,Finished,4.0
2014,17,United States Grand Prix,Pastor Maldonado,MAL,Lotus F1,10.0,9.0,Finished,2.0
2014,17,United States Grand Prix,Jean-Éric Vergne,VER,Toro Rosso,14.0,10.0,Finished,1.0
2014,17,United States Grand Prix,Romain Grosjean,GRO,Lotus F1,16.0,11.0,DNF,0.0
2014,17,United States Grand Prix,Jenson Button,BUT,McLaren,12.0,12.0,DNF,0.0
2014,17,United States Grand Prix,Kimi Räikkönen,RAI,Ferrari,8.0,13.0,DNF,0.0
2014,17,United States Grand Prix,Esteban Gutiérrez,GUT,Sauber,15.0,14.0,DNF,0.0
2014,17,United States Grand Prix,Daniil Kvyat,KVY,Toro Rosso,17.0,15.0,DNF,0.0
2014,17,United States Grand Prix,Nico Hülkenberg,HUL,Force India,13.0,16.0,DNF,0.0
2014,17,United States Grand Prix,Sergio Pérez,PER,Force India,11.0,17.0,DNF,0.0
2014,17,United States Grand Prix,Adrian Sutil,SUT,Sauber,9.0,18.0,DNF,0.0
2014,18,Brazilian Grand Prix,Nico Rosberg,ROS,Mercedes,1.0,1.0,Finished,25.0
2014,18,Brazilian Grand Prix,Lewis Hamilton,HAM,Mercedes,2.0,2.0,Finished,18.0
2014,18,Brazilian Grand Prix,Felipe Massa,MAS,Williams,3.0,3.0,Finished,15.0
2014,18,Brazilian Grand Prix,Jenson Button,BUT,McLaren,5.0,4.0,Finished,12.0
2014,18,Brazilian Grand Prix,Sebastian Vettel,VET,Red Bull,6.0,5.0,Finished,10.0
2014,18,Brazilian Grand Prix,Fernando Alonso,ALO,Ferrari,8.0,6.0,Finished,8.0
2014,18,Brazilian Grand Prix,Kimi Räikkönen,RAI,Ferrari,10.0,7.0,Finished,6.0
2014,18,Brazilian Grand Prix,Nico Hülkenberg,HUL,Force India,12.0,8.0,Finished,4.0
2014,18,Brazilian Grand Prix,Kevin Magnussen,MAG,McLaren,7.0,9.0,Finished,2.0
2014,18,Brazilian Grand Prix,Valtteri Bottas,BOT,Williams,4.0,10.0,DNF,1.0
2014,18,Brazilian Grand Prix,Daniil Kvyat,KVY,Toro Rosso,17.0,11.0,DNF,0.0
2014,18,Brazilian Grand Prix,Pastor Maldonado,MAL,Lotus F1,16.0,12.0,DNF,0.0
2014,18,Brazilian Grand Prix,Jean-Éric Vergne,VER,Toro Rosso,15.0,13.0,DNF,0.0
2014,18,Brazilian Grand Prix,Esteban Gutiérrez,GUT,Sauber,11.0,14.0,DNF,0.0
2014,18,Brazilian Grand Prix,Sergio Pérez,PER,Force India,18.0,15.0,DNF,0.0
2014,18,Brazilian Grand Prix,Adrian Sutil,SUT,Sauber,13.0,16.0,DNF,0.0
2014,18,Brazilian Grand Prix,Romain Grosjean,GRO,Lotus F1,14.0,17.0,DNF,0.0
2014,18,Brazilian Grand Prix,Daniel Ricciardo,RIC,Red Bull,9.0,18.0,DNF,0.0
2014,19,Abu Dhabi Grand Prix,Lewis Hamilton,HAM,Mercedes,2.0,1.0,Finished,50.0
2014,19,Abu Dhabi Grand Prix,Felipe Massa,MAS,Williams,4.0,2.0,Finished,36.0
2014,19,Abu Dhabi Grand Prix,Valtteri Bottas,BOT,Williams,3.0,3.0,Finished,30.0
2014,19,Abu Dhabi Grand Prix,Daniel Ricciardo,RIC,Red Bull,20.0,4.0,Finished,24.0
2014,19,Abu Dhabi Grand Prix,Jenson Button,BUT,McLaren,6.0,5.0,Finished,20.0
2014,19,Abu Dhabi Grand Prix,Nico Hülkenberg,HUL,Force India,12.0,6.0,Finished,16.0
2014,19,Abu Dhabi Grand Prix,Sergio Pérez,PER,Force India,11.0,7.0,Finished,12.0
2014,19,Abu Dhabi Grand Prix,Sebastian Vettel,VET,Red Bull,19.0,8.0,Finished,8.0
2014,19,Abu Dhabi Grand Prix,Fernando Alonso,ALO,Ferrari,8.0,9.0,Finished,4.0
2014,19,Abu Dhabi Grand Prix,Kimi Räikkönen,RAI,Ferrari,7.0,10.0,Finished,2.0
2014,19,Abu Dhabi Grand Prix,Kevin Magnussen,MAG,McLaren,9.0,11.0,Finished,0.0
2014,19,Abu Dhabi Grand Prix,Jean-Éric Vergne,VER,Toro Rosso,10.0,12.0,Finished,0.0
2014,19,Abu Dhabi Grand Prix,Romain Grosjean,GRO,Lotus F1,18.0,13.0,DNF,0.0
2014,19,Abu Dhabi Grand Prix,Nico Rosberg,ROS,Mercedes,1.0,14.0,DNF,0.0
2014,19,Abu Dhabi Grand Prix,Esteban Gutiérrez,GUT,Sauber,14.0,15.0,DNF,0.0
2014,19,Abu Dhabi Grand Prix,Adrian Sutil,SUT,Sauber,13.0,16.0,DNF,0.0
2014,19,Abu Dhabi Grand Prix,Will Stevens,STE,Caterham,17.0,17.0,DNF,0.0
2014,19,Abu Dhabi Grand Prix,Kamui Kobayashi,KOB,Caterham,16.0,18.0,DNF,0.0
2014,19,Abu Dhabi Grand Prix,Pastor Maldonado,MAL,Lotus F1,15.0,19.0,DNF,0.0
2014,19,Abu Dhabi Grand Prix,Daniil Kvyat,KVY,Toro Rosso,5.0,20.0,DNF,0.0
2015,1,Australian Grand Prix,Lewis Hamilton,HAM,Mercedes,1.0,1.0,Finished,25.0
2015,1,Australian Grand Prix,Nico Rosberg,ROS,Mercedes,2.0,2.0,Finished,18.0
2015,1,Australian Grand Prix,Sebastian Vettel,VET,Ferrari,4.0,3.0,Finished,15.0
2015,1,Australian Grand Prix,Felipe Massa,MAS,Williams,3.0,4.0,Finished,12.0
2015,1,Australian Grand Prix,Felipe Nasr,NAS,Sauber,10.0,5.0,Finished,10.0
2015,1,Australian Grand Prix,Daniel Ricciardo,RIC,Red Bull,6.0,6.0,DNF,8.0
2015,1,Australian Grand Prix,Nico Hülkenberg,HUL,Force India,13.0,7.0,DNF,6.0
2015,1,Australian Grand Prix,Marcus Ericsson,ERI,Sauber,15.0,8.0,DNF,4.0
2015,1,Australian Grand Prix,Carlos Sainz,SAI,Toro Rosso,7.0,9.0,DNF,2.0
2015,1,Australian Grand Prix,Sergio Pérez,PER,Force India,14.0,10.0,DNF,1.0
2015,1,Australian Grand Prix,Jenson Button,BUT,McLaren,16.0,11.0,DNF,0.0
2015,1,Australian Grand Prix,Kimi Räikkönen,RAI,Ferrari,5.0,12.0,DNF,0.0
2015,1,Australian Grand Prix,Max Verstappen,VER,Toro Rosso,11.0,13.0,DNF,0.0
2015,1,Australian Grand Prix,Romain Grosjean,GRO,Lotus F1,8.0,14.0,DNF,0.0
2015,1,Australian Grand Prix,Pastor Maldonado,MAL,Lotus F1,9.0,15.0,DNF,0.0
2015,1,Australian Grand Prix,Daniil Kvyat,KVY,Red Bull,12.0,16.0,DNF,0.0
2015,1,Australian Grand Prix,Kevin Magnussen,MAG,McLaren,17.0,17.0,DNF,0.0
2015,1,Australian Grand Prix,Valtteri Bottas,BOT,Williams,0.0,18.0,DNF,0.0
2015,2,Malaysian Grand Prix,Sebastian Vettel,VET,Ferrari,2.0,1.0,Finished,25.0
2015,2,Malaysian Grand Prix,Lewis Hamilton,HAM,Mercedes,1.0,2.0,Finished,18.0
2015,2,Malaysian Grand Prix,Nico Rosberg,ROS,Mercedes,3.0,3.0,Finished,15.0
2015,2,Malaysian Grand Prix,Kimi Räikkönen,RAI,Ferrari,11.0,4.0,Finished,12.0
2015,2,Malaysian Grand Prix,Valtteri Bottas,BOT,Williams,8.0,5.0,Finished,10.0
2015,2,Malaysian Grand Prix,Felipe Massa,MAS,Williams,7.0,6.0,Finished,8.0
2015,2,Malaysian Grand Prix,Max Verstappen,VER,Toro Rosso,6.0,7.0,Finished,6.0
2015,2,Malaysian Grand Prix,Carlos Sainz,SAI,Toro Rosso,15.0,8.0,DNF,4.0
2015,2,Malaysian Grand Prix,Daniil Kvyat,KVY,Red Bull,5.0,9.0,DNF,2.0
2015,2,Malaysian Grand Prix,Daniel Ricciardo,RIC,Red Bull,4.0,10.0,DNF,1.0
2015,2,Malaysian Grand Prix,Romain Grosjean,GRO,Lotus F1,10.0,11.0,DNF,0.0
2015,2,Malaysian Grand Prix,Felipe Nasr,NAS,Sauber,16.0,12.0,DNF,0.0
2015,2,Malaysian Grand Prix,Sergio Pérez,PER,Force India,14.0,13.0,DNF,0.0
2015,2,Malaysian Grand Prix,Nico Hülkenberg,HUL,Force India,13.0,14.0,DNF,0.0
2015,2,Malaysian Grand Prix,Roberto Merhi,MER,Manor Marussia,19.0,15.0,DNF,0.0
2015,2,Malaysian Grand Prix,Pastor Maldonado,MAL,Lotus F1,12.0,16.0,DNF,0.0
2015,2,Malaysian Grand Prix,Jenson Button,BUT,McLaren,17.0,17.0,DNF,0.0
2015,2,Malaysian Grand Prix,Fernando Alonso,ALO,McLaren,18.0,18.0,DNF,0.0
2015,2,Malaysian Grand Prix,Marcus Ericsson,ERI,Sauber,9.0,19.0,DNF,0.0
2015,2,Malaysian Grand Prix,Will Stevens,STE,Manor Marussia,0.0,20.0,DNF,0.0
2015,3,Chinese Grand Prix,Lewis Hamilton,HAM,Mercedes,1.0,1.0,Finished,25.0
2015,3,Chinese Grand Prix,Nico Rosberg,ROS,Mercedes,2.0,2.0,Finished,18.0
2015,3,Chinese Grand Prix,Sebastian Vettel,VET,Ferrari,3.0,3.0,Finished,15.0
2015,3,Chinese Grand Prix,Kimi Räikkönen,RAI,Ferrari,6.0,4.0,Finished,12.0
2015,3,Chinese Grand Prix,Felipe Massa,MAS,Williams,4.0,5.0,Finished,10.0
2015,3,Chinese Grand Prix,Valtteri Bottas,BOT,Williams,5.0,6.0,Finished,8.0
2015,3,Chinese Grand Prix,Romain Grosjean,GRO,Lotus F1,8.0,7.0,Finished,6.0
2015,3,Chinese Grand Prix,Felipe Nasr,NAS,Sauber,9.0,8.0,Finished,4.0
2015,3,Chinese Grand Prix,Daniel Ricciardo,RIC,Red Bull,7.0,9.0,Finished,2.0
2015,3,Chinese Grand Prix,Marcus Ericsson,ERI,Sauber,10.0,10.0,DNF,1.0
2015,3,Chinese Grand Prix,Sergio Pérez,PER,Force India,15.0,11.0,DNF,0.0
2015,3,Chinese Grand Prix,Fernando Alonso,ALO,McLaren,18.0,12.0,DNF,0.0
2015,3,Chinese Grand Prix,Carlos Sainz,SAI,Toro Rosso,14.0,13.0,DNF,0.0
2015,3,Chinese Grand Prix,Jenson Button,BUT,McLaren,17.0,14.0,DNF,0.0
2015,3,Chinese Grand Prix,Will Stevens,STE,Manor Marussia,19.0,15.0,DNF,0.0
2015,3,Chinese Grand Prix,Roberto Merhi,MER,Manor Marussia,20.0,16.0,DNF,0.0
2015,3,Chinese Grand Prix,Max Verstappen,VER,Toro Rosso,13.0,17.0,DNF,0.0
2015,3,Chinese Grand Prix,Pastor Maldonado,MAL,Lotus F1,11.0,18.0,DNF,0.0
2015,3,Chinese Grand Prix,Daniil Kvyat,KVY,Red Bull,12.0,19.0,DNF,0.0
2015,3,Chinese Grand Prix,Nico Hülkenberg,HUL,Force India,16.0,20.0,DNF,0.0
2015,4,Bahrain Grand Prix,Lewis Hamilton,HAM,Mercedes,1.0,1.0,Finished,25.0
2015,4,Bahrain Grand Prix,Kimi Räikkönen,RAI,Ferrari,4.0,2.0,Finished,18.0
2015,4,Bahrain Grand Prix,Nico Rosberg,ROS,Mercedes,3.0,3.0,Finished,15.0
2015,4,Bahrain Grand Prix,Valtteri Bottas,BOT,Williams,5.0,4.0,Finished,12.0
2015,4,Bahrain Grand Prix,Sebastian Vettel,VET,Ferrari,2.0,5.0,Finished,10.0
2015,4,Bahrain Grand Prix,Daniel Ricciardo,RIC,Red Bull,7.0,6.0,Finished,8.0
2015,4,Bahrain Grand Prix,Romain Grosjean,GRO,Lotus F1,10.0,7.0,Finished,6.0
2015,4,Bahrain Grand Prix,Sergio Pérez,PER,Force India,11.0,8.0,DNF,4.0
2015,4,Bahrain Grand Prix,Daniil Kvyat,KVY,Red Bull,17.0,9.0,DNF,2.0
2015,4,Bahrain Grand Prix,Felipe Massa,MAS,Williams,6.0,10.0,DNF,1.0
2015,4,Bahrain Grand Prix,Fernando Alonso,ALO,McLaren,14.0,11.0,DNF,0.0
2015,4,Bahrain Grand Prix,Felipe Nasr,NAS,Sauber,12.0,12.0,DNF,0.0
2015,4,Bahrain Grand Prix,Nico Hülkenberg,HUL,Force India,8.0,13.0,DNF,0.0
2015,4,Bahrain Grand Prix,Marcus Ericsson,ERI,Sauber,13.0,14.0,DNF,0.0
2015,4,Bahrain Grand Prix,Pastor Maldonado,MAL,Lotus F1,16.0,15.0,DNF,0.0
2015,4,Bahrain Grand Prix,Will Stevens,STE,Manor Marussia,18.0,16.0,DNF,0.0
2015,4,Bahrain Grand Prix,Roberto Merhi,MER,Manor Marussia,19.0,17.0,DNF,0.0
2015,4,Bahrain Grand Prix,Max Verstappen,VER,Toro Rosso,15.0,18.0,DNF,0.0
2015,4,Bahrain Grand Prix,Carlos Sainz,SAI,Toro Rosso,9.0,19.0,DNF,0.0
2015,4,Bahrain Grand Prix,Jenson Button,BUT,McLaren,20.0,20.0,DNF,0.0
2015,5,Spanish Grand Prix,Nico Rosberg,ROS,Mercedes,1.0,1.0,Finished,25.0
2015,5,Spanish Grand Prix,Lewis Hamilton,HAM,Mercedes,2.0,2.0,Finished,18.0
2015,5,Spanish Grand Prix,Sebastian Vettel,VET,Ferrari,3.0,3.0,Finished,15.0
2015,5,Spanish Grand Prix,Valtteri Bottas,BOT,Williams,4.0,4.0,Finished,12.0
2015,5,Spanish Grand Prix,Kimi Räikkönen,RAI,Ferrari,7.0,5.0,Finished,10.0
2015,5,Spanish Grand Prix,Felipe Massa,MAS,Williams,9.0,6.0,Finished,8.0
2015,5,Spanish Grand Prix,Daniel Ricciardo,RIC,Red Bull,10.0,7.0,DNF,6.0
2015,5,Spanish Grand Prix,Romain Grosjean,GRO,Lotus F1,11.0,8.0,DNF,4.0
2015,5,Spanish Grand Prix,Carlos Sainz,SAI,Toro Rosso,5.0,9.0,DNF,2.0
2015,5,Spanish Grand Prix,Daniil Kvyat,KVY,Red Bull,8.0,10.0,DNF,1.0
2015,5,Spanish Grand Prix,Max Verstappen,VER,Toro Rosso,6.0,11.0,DNF,0.0
2015,5,Spanish Grand Prix,Felipe Nasr,NAS,Sauber,15.0,12.0,DNF,0.0
2015,5,Spanish Grand Prix,Sergio Pérez,PER,Force India,18.0,13.0,DNF,0.0
2015,5,Spanish Grand Prix,Marcus Ericsson,ERI,Sauber,16.0,14.0,DNF,0.0
2015,5,Spanish Grand Prix,Nico Hülkenberg,HUL,Force India,17.0,15.0,DNF,0.0
2015,5,Spanish Grand Prix,Jenson Button,BUT,McLaren,14.0,16.0,DNF,0.0
2015,5,Spanish Grand Prix,Will Stevens,STE,Manor Marussia,19.0,17.0,DNF,0.0
2015,5,Spanish Grand Prix,Roberto Merhi,MER,Manor Marussia,20.0,18.0,DNF,0.0
2015,5,Spanish Grand Prix,Pastor Maldonado,MAL,Lotus F1,12.0,19.0,DNF,0.0
2015,5,Spanish Grand Prix,Fernando Alonso,ALO,McLaren,13.0,20.0,DNF,0.0
2015,6,Monaco Grand Prix,Nico Rosberg,ROS,Mercedes,2.0,1.0,Finished,25.0
2015,6,Monaco Grand Prix,Sebastian Vettel,VET,Ferrari,3.0,2.0,Finished,18.0
2015,6,Monaco Grand Prix,Lewis Hamilton,HAM,Mercedes,1.0,3.0,Finished,15.0
2015,6,Monaco Grand Prix,Daniil Kvyat,KVY,Red Bull,5.0,4.0,Finished,12.0
2015,6,Monaco Grand Prix,Daniel Ricciardo,RIC,Red Bull,4.0,5.0,Finished,10.0
2015,6,Monaco Grand Prix,Kimi Räikkönen,RAI,Ferrari,6.0,6.0,Finished,8.0
2015,6,Monaco Grand Prix,Sergio Pérez,PER,Force India,7.0,7.0,Finished,6.0
2015,6,Monaco Grand Prix,Jenson Button,BUT,McLaren,10.0,8.0,Finished,4.0
2015,6,Monaco Grand Prix,Felipe Nasr,NAS,Sauber,14.0,9.0,Finished,2.0
2015,6,Monaco Grand Prix,Carlos Sainz,SAI,Toro Rosso,0.0,10.0,Finished,1.0
2015,6,Monaco Grand Prix,Nico Hülkenberg,HUL,Force India,11.0,11.0,Finished,0.0
2015,6,Monaco Grand Prix,Romain Grosjean,GRO,Lotus F1,15.0,12.0,Finished,0.0
2015,6,Monaco Grand Prix,Marcus Ericsson,ERI,Sauber,17.0,13.0,Finished,0.0
2015,6,Monaco Grand Prix,Valtteri Bottas,BOT,Williams,16.0,14.0,Finished,0.0
2015,6,Monaco Grand Prix,Felipe Massa,MAS,Williams,12.0,15.0,DNF,0.0
2015,6,Monaco Grand Prix,Roberto Merhi,MER,Manor Marussia,19.0,16.0,DNF,0.0
2015,6,Monaco Grand Prix,Will Stevens,STE,Manor Marussia,18.0,17.0,DNF,0.0
2015,6,Monaco Grand Prix,Max Verstappen,VER,Toro Rosso,9.0,18.0,DNF,0.0
2015,6,Monaco Grand Prix,Fernando Alonso,ALO,McLaren,13.0,19.0,DNF,0.0
2015,6,Monaco Grand Prix,Pastor Maldonado,MAL,Lotus F1,8.0,20.0,DNF,0.0
2015,7,Canadian Grand Prix,Lewis Hamilton,HAM,Mercedes,1.0,1.0,Finished,25.0
2015,7,Canadian Grand Prix,Nico Rosberg,ROS,Mercedes,2.0,2.0,Finished,18.0
2015,7,Canadian Grand Prix,Valtteri Bottas,BOT,Williams,4.0,3.0,Finished,15.0
2015,7,Canadian Grand Prix,Kimi Räikkönen,RAI,Ferrari,3.0,4.0,Finished,12.0
2015,7,Canadian Grand Prix,Sebastian Vettel,VET,Ferrari,18.0,5.0,Finished,10.0
2015,7,Canadian Grand Prix,Felipe Massa,MAS,Williams,15.0,6.0,Finished,8.0
2015,7,Canadian Grand Prix,Pastor Maldonado,MAL,Lotus F1,6.0,7.0,Finished,6.0
2015,7,Canadian Grand Prix,Nico Hülkenberg,HUL,Force India,7.0,8.0,DNF,4.0
2015,7,Canadian Grand Prix,Daniil Kvyat,KVY,Red Bull,8.0,9.0,DNF,2.0
2015,7,Canadian Grand Prix,Romain Grosjean,GRO,Lotus F1,5.0,10.0,DNF,1.0
2015,7,Canadian Grand Prix,Sergio Pérez,PER,Force India,10.0,11.0,DNF,0.0
2015,7,Canadian Grand Prix,Carlos Sainz,SAI,Toro Rosso,11.0,12.0,DNF,0.0
2015,7,Canadian Grand Prix,Daniel Ricciardo,RIC,Red Bull,9.0,13.0,DNF,0.0
2015,7,Canadian Grand Prix,Marcus Ericsson,ERI,Sauber,12.0,14.0,DNF,0.0
2015,7,Canadian Grand Prix,Max Verstappen,VER,Toro Rosso,19.0,15.0,DNF,0.0
2015,7,Canadian Grand Prix,Felipe Nasr,NAS,Sauber,14.0,16.0,DNF,0.0
2015,7,Canadian Grand Prix,Will Stevens,STE,Manor Marussia,17.0,17.0,DNF,0.0
2015,7,Canadian Grand Prix,Roberto Merhi,MER,Manor Marussia,16.0,18.0,DNF,0.0
2015,7,Canadian Grand Prix,Jenson Button,BUT,McLaren,20.0,19.0,DNF,0.0
2015,7,Canadian Grand Prix,Fernando Alonso,ALO,McLaren,13.0,20.0,DNF,0.0
2015,8,Austrian Grand Prix,Nico Rosberg,ROS,Mercedes,2.0,1.0,Finished,25.0
2015,8,Austrian Grand Prix,Lewis Hamilton,HAM,Mercedes,1.0,2.0,Finished,18.0
2015,8,Austrian Grand Prix,Felipe Massa,MAS,Williams,4.0,3.0,Finished,15.0
2015,8,Austrian Grand Prix,Sebastian Vettel,VET,Ferrari,3.0,4.0,Finished,12.0
2015,8,Austrian Grand Prix,Valtteri Bottas,BOT,Williams,6.0,5.0,Finished,10.0
2015,8,Austrian Grand Prix,Nico Hülkenberg,HUL,Force India,5.0,6.0,Finished,8.0
2015,8,Austrian Grand Prix,Pastor Maldonado,MAL,Lotus F1,10.0,7.0,DNF,6.0
2015,8,Austrian Grand Prix,Max Verstappen,VER,Toro Rosso,7.0,8.0,DNF,4.0
2015,8,Austrian Grand Prix,Sergio Pérez,PER,Force India,13.0,9.0,DNF,2.0
2015,8,Austrian Grand Prix,Daniel Ricciardo,RIC,Red Bull,18.0,10.0,DNF,1.0
2015,8,Austrian Grand Prix,Felipe Nasr,NAS,Sauber,8.0,11.0,DNF,0.0
2015,8,Austrian Grand Prix,Daniil Kvyat,KVY,Red Bull,15.0,12.0,DNF,0.0
2015,8,Austrian Grand Prix,Marcus Ericsson,ERI,Sauber,11.0,13.0,DNF,0.0
2015,8,Austrian Grand Prix,Roberto Merhi,MER,Manor Marussia,16.0,14.0,DNF,0.0
2015,8,Austrian Grand Prix,Romain Grosjean,GRO,Lotus F1,9.0,15.0,DNF,0.0
2015,8,Austrian Grand Prix,Carlos Sainz,SAI,Toro Rosso,12.0,16.0,DNF,0.0
2015,8,Austrian Grand Prix,Jenson Button,BUT,McLaren,20.0,17.0,DNF,0.0
2015,8,Austrian Grand Prix,Will Stevens,STE,Manor Marussia,17.0,18.0,DNF,0.0
2015,8,Austrian Grand Prix,Kimi Räikkönen,RAI,Ferrari,14.0,19.0,DNF,0.0
2015,8,Austrian Grand Prix,Fernando Alonso,ALO,McLaren,19.0,20.0,DNF,0.0
2015,9,British Grand Prix,Lewis Hamilton,HAM,Mercedes,1.0,1.0,Finished,25.0
2015,9,British Grand Prix,Nico Rosberg,ROS,Mercedes,2.0,2.0,Finished,18.0
2015,9,British Grand Prix,Sebastian Vettel,VET,Ferrari,6.0,3.0,Finished,15.0
2015,9,British Grand Prix,Felipe Massa,MAS,Williams,3.0,4.0,Finished,12.0
2015,9,British Grand Prix,Valtteri Bottas,BOT,Williams,4.0,5.0,Finished,10.0
2015,9,British Grand Prix,Daniil Kvyat,KVY,Red Bull,7.0,6.0,Finished,8.0
2015,9,British Grand Prix,Nico Hülkenberg,HUL,Force India,9.0,7.0,Finished,6.0
2015,9,British Grand Prix,Kimi Räikkönen,RAI,Ferrari,5.0,8.0,DNF,4.0
2015,9,British Grand Prix,Sergio Pérez,PER,Force India,11.0,9.0,DNF,2.0
2015,9,British Grand Prix,Fernando Alonso,ALO,McLaren,17.0,10.0,DNF,1.0
2015,9,British Grand Prix,Marcus Ericsson,ERI,Sauber,15.0,11.0,DNF,0.0
2015,9,British Grand Prix,Roberto Merhi,MER,Manor Marussia,20.0,12.0,DNF,0.0
2015,9,British Grand Prix,Will Stevens,STE,Manor Marussia,19.0,13.0,DNF,0.0
2015,9,British Grand Prix,Carlos Sainz,SAI,Toro Rosso,8.0,14.0,DNF,0.0
2015,9,British Grand Prix,Daniel Ricciardo,RIC,Red Bull,10.0,15.0,DNF,0.0
2015,9,British Grand Prix,Max Verstappen,VER,Toro Rosso,13.0,16.0,DNF,0.0
2015,9,British Grand Prix,Romain Grosjean,GRO,Lotus F1,12.0,17.0,DNF,0.0
2015,9,British Grand Prix,Pastor Maldonado,MAL,Lotus F1,14.0,18.0,DNF,0.0
2015,9,British Grand Prix,Jenson Button,BUT,McLaren,18.0,19.0,DNF,0.0
2015,9,British Grand Prix,Felipe Nasr,NAS,Sauber,16.0,20.0,DNF,0.0
2015,10,Hungarian Grand Prix,Sebastian Vettel,VET,Ferrari,3.0,1.0,Finished,25.0
2015,10,Hungarian Grand Prix,Daniil Kvyat,KVY,Red Bull,7.0,2.0,Finished,18.0
2015,10,Hungarian Grand Prix,Daniel Ricciardo,RIC,Red Bull,4.0,3.0,Finished,15.0
2015,10,Hungarian Grand Prix,Max Verstappen,VER,Toro Rosso,9.0,4.0,Finished,12.0
2015,10,Hungarian Grand Prix,Fernando Alonso,ALO,McLaren,15.0,5.0,Finished,10.0
2015,10,Hungarian Grand Prix,Lewis Hamilton,HAM,Mercedes,1.0,6.0,Finished,8.0
2015,10,Hungarian Grand Prix,Romain Grosjean,GRO,Lotus F1,10.0,7.0,Finished,6.0
2015,10,Hungarian Grand Prix,Nico Rosberg,ROS,Mercedes,2.0,8.0,Finished,4.0
2015,10,Hungarian Grand Prix,Jenson Button,BUT,McLaren,16.0,9.0,Finished,2.0
2015,10,Hungarian Grand Prix,Marcus Ericsson,ERI,Sauber,17.0,10.0,Finished,1.0
2015,10,Hungarian Grand Prix,Felipe Nasr,NAS,Sauber,18.0,11.0,Finished,0.0
2015,10,Hungarian Grand Prix,Felipe Massa,MAS,Williams,8.0,12.0,Finished,0.0
2015,10,Hungarian Grand Prix,Valtteri Bottas,BOT,Williams,6.0,13.0,Finished,0.0
2015,10,Hungarian Grand Prix,Pastor Maldonado,MAL,Lotus F1,14.0,14.0,Finished,0.0
2015,10,Hungarian Grand Prix,Roberto Merhi,MER,Manor Marussia,19.0,15.0,DNF,0.0
2015,10,Hungarian Grand Prix,Will Stevens,STE,Manor Marussia,20.0,16.0,DNF,0.0
2015,10,Hungarian Grand Prix,Carlos Sainz,SAI,Toro Rosso,12.0,17.0,DNF,0.0
2015,10,Hungarian Grand Prix,Kimi Räikkönen,RAI,Ferrari,5.0,18.0,DNF,0.0
2015,10,Hungarian Grand Prix,Sergio Pérez,PER,Force India,13.0,19.0,DNF,0.0
2015,10,Hungarian Grand Prix,Nico Hülkenberg,HUL,Force India,11.0,20.0,DNF,0.0
2015,11,Belgian Grand Prix,Lewis Hamilton,HAM,Mercedes,1.0,1.0,Finished,25.0
2015,11,Belgian Grand Prix,Nico Rosberg,ROS,Mercedes,2.0,2.0,Finished,18.0
2015,11,Belgian Grand Prix,Romain Grosjean,GRO,Lotus F1,9.0,3.0,Finished,15.0
2015,11,Belgian Grand Prix,Daniil Kvyat,KVY,Red Bull,12.0,4.0,Finished,12.0
2015,11,Belgian Grand Prix,Sergio Pérez,PER,Force India,4.0,5.0,Finished,10.0
2015,11,Belgian Grand Prix,Felipe Massa,MAS,Williams,6.0,6.0,Finished,8.0
2015,11,Belgian Grand Prix,Kimi Räikkönen,RAI,Ferrari,16.0,7.0,Finished,6.0
2015,11,Belgian Grand Prix,Max Verstappen,VER,Toro Rosso,18.0,8.0,Finished,4.0
2015,11,Belgian Grand Prix,Valtteri Bottas,BOT,Williams,3.0,9.0,DNF,2.0
2015,11,Belgian Grand Prix,Marcus Ericsson,ERI,Sauber,13.0,10.0,Finished,1.0
2015,11,Belgian Grand Prix,Felipe Nasr,NAS,Sauber,14.0,11.0,Finished,0.0
2015,11,Belgian Grand Prix,Sebastian Vettel,VET,Ferrari,8.0,12.0,DNF,0.0
2015,11,Belgian Grand Prix,Fernando Alonso,ALO,McLaren,20.0,13.0,DNF,0.0
2015,11,Belgian Grand Prix,Jenson Button,BUT,McLaren,19.0,14.0,DNF,0.0
2015,11,Belgian Grand Prix,Roberto Merhi,MER,Manor Marussia,17.0,15.0,DNF,0.0
2015,11,Belgian Grand Prix,Will Stevens,STE,Manor Marussia,15.0,16.0,DNF,0.0
2015,11,Belgian Grand Prix,Carlos Sainz,SAI,Toro Rosso,10.0,17.0,DNF,0.0
2015,11,Belgian Grand Prix,Daniel Ricciardo,RIC,Red Bull,5.0,18.0,DNF,0.0
2015,11,Belgian Grand Prix,Pastor Maldonado,MAL,Lotus F1,7.0,19.0,DNF,0.0
2015,11,Belgian Grand Prix,Nico Hülkenberg,HUL,Force India,11.0,20.0,DNF,0.0
2015,12,Italian Grand Prix,Lewis Hamilton,HAM,Mercedes,1.0,1.0,Finished,25.0
2015,12,Italian Grand Prix,Sebastian Vettel,VET,Ferrari,3.0,2.0,Finished,18.0
2015,12,Italian Grand Prix,Felipe Massa,MAS,Williams,5.0,3.0,Finished,15.0
2015,12,Italian Grand Prix,Valtteri Bottas,BOT,Williams,6.0,4.0,Finished,12.0
2015,12,Italian Grand Prix,Kimi Räikkönen,RAI,Ferrari,2.0,5.0,Finished,10.0
2015,12,Italian Grand Prix,Sergio Pérez,PER,Force India,7.0,6.0,Finished,8.0
2015,12,Italian Grand Prix,Nico Hülkenberg,HUL,Force India,9.0,7.0,DNF,6.0
2015,12,Italian Grand Prix,Daniel Ricciardo,RIC,Red Bull,19.0,8.0,DNF,4.0
2015,12,Italian Grand Prix,Marcus Ericsson,ERI,Sauber,12.0,9.0,DNF,2.0
2015,12,Italian Grand Prix,Daniil Kvyat,KVY,Red Bull,18.0,10.0,DNF,1.0
2015,12,Italian Grand Prix,Carlos Sainz,SAI,Toro Rosso,17.0,11.0,DNF,0.0
2015,12,Italian Grand Prix,Max Verstappen,VER,Toro Rosso,20.0,12.0,DNF,0.0
2015,12,Italian Grand Prix,Felipe Nasr,NAS,Sauber,17.0,13.0,DNF,0.0
2015,12,Italian Grand Prix,Jenson Button,BUT,McLaren,15.0,14.0,DNF,0.0
2015,12,Italian Grand Prix,Will Stevens,STE,Manor Marussia,13.0,15.0,DNF,0.0
2015,12,Italian Grand Prix,Roberto Merhi,MER,Manor Marussia,14.0,16.0,DNF,0.0
2015,12,Italian Grand Prix,Nico Rosberg,ROS,Mercedes,4.0,17.0,DNF,0.0
2015,12,Italian Grand Prix,Fernando Alonso,ALO,McLaren,16.0,18.0,DNF,0.0
2015,12,Italian Grand Prix,Romain Grosjean,GRO,Lotus F1,8.0,19.0,DNF,0.0
2015,12,Italian Grand Prix,Pastor Maldonado,MAL,Lotus F1,10.0,20.0,DNF,0.0
2015,13,Singapore Grand Prix,Sebastian Vettel,VET,Ferrari,1.0,1.0,Finished,25.0
2015,13,Singapore Grand Prix,Daniel Ricciardo,RIC,Red Bull,2.0,2.0,Finished,18.0
2015,13,Singapore Grand Prix,Kimi Räikkönen,RAI,Ferrari,3.0,3.0,Finished,15.0
2015,13,Singapore Grand Prix,Nico Rosberg,ROS,Mercedes,6.0,4.0,Finished,12.0
2015,13,Singapore Grand Prix,Valtteri Bottas,BOT,Williams,7.0,5.0,Finished,10.0
2015,13,Singapore Grand Prix,Daniil Kvyat,KVY,Red Bull,4.0,6.0,Finished,8.0
2015,13,Singapore Grand Prix,Sergio Pérez,PER,Force India,13.0,7.0,Finished,6.0
2015,13,Singapore Grand Prix,Max Verstappen,VER,Toro Rosso,8.0,8.0,Finished,4.0
2015,13,Singapore Grand Prix,Carlos Sainz,SAI,Toro Rosso,14.0,9.0,Finished,2.0
2015,13,Singapore Grand Prix,Felipe Nasr,NAS,Sauber,16.0,10.0,Finished,1.0
2015,13,Singapore Grand Prix,Marcus Ericsson,ERI,Sauber,17.0,11.0,Finished,0.0
2015,13,Singapore Grand Prix,Pastor Maldonado,MAL,Lotus F1,18.0,12.0,Finished,0.0
2015,13,Singapore Grand Prix,Romain Grosjean,GRO,Lotus F1,10.0,13.0,DNF,0.0
2015,13,Singapore Grand Prix,Alexander Rossi,RSS,Manor Marussia,20.0,14.0,DNF,0.0
2015,13,Singapore Grand Prix,Will Stevens,STE,Manor Marussia,19.0,15.0,DNF,0.0
2015,13,Singapore Grand Prix,Jenson Button,BUT,McLaren,15.0,16.0,DNF,0.0
2015,13,Singapore Grand Prix,Fernando Alonso,ALO,McLaren,12.0,17.0,DNF,0.0
2015,13,Singapore Grand Prix,Lewis Hamilton,HAM,Mercedes,5.0,18.0,DNF,0.0
2015,13,Singapore Grand Prix,Felipe Massa,MAS,Williams,9.0,19.0,DNF,0.0
2015,13,Singapore Grand Prix,Nico Hülkenberg,HUL,Force India,11.0,20.0,DNF,0.0
2015,14,Japanese Grand Prix,Lewis Hamilton,HAM,Mercedes,2.0,1.0,Finished,25.0
2015,14,Japanese Grand Prix,Nico Rosberg,ROS,Mercedes,1.0,2.0,Finished,18.0
2015,14,Japanese Grand Prix,Sebastian Vettel,VET,Ferrari,4.0,3.0,Finished,15.0
2015,14,Japanese Grand Prix,Kimi Räikkönen,RAI,Ferrari,6.0,4.0,Finished,12.0
2015,14,Japanese Grand Prix,Valtteri Bottas,BOT,Williams,3.0,5.0,Finished,10.0
2015,14,Japanese Grand Prix,Nico Hülkenberg,HUL,Force India,13.0,6.0,Finished,8.0
2015,14,Japanese Grand Prix,Romain Grosjean,GRO,Lotus F1,8.0,7.0,Finished,6.0
2015,14,Japanese Grand Prix,Pastor Maldonado,MAL,Lotus F1,11.0,8.0,Finished,4.0
2015,14,Japanese Grand Prix,Max Verstappen,VER,Toro Rosso,17.0,9.0,Finished,2.0
2015,14,Japanese Grand Prix,Carlos Sainz,SAI,Toro Rosso,10.0,10.0,DNF,1.0
2015,14,Japanese Grand Prix,Fernando Alonso,ALO,McLaren,12.0,11.0,DNF,0.0
2015,14,Japanese Grand Prix,Sergio Pérez,PER,Force India,9.0,12.0,DNF,0.0
2015,14,Japanese Grand Prix,Daniil Kvyat,KVY,Red Bull,20.0,13.0,DNF,0.0
2015,14,Japanese Grand Prix,Marcus Ericsson,ERI,Sauber,15.0,14.0,DNF,0.0
2015,14,Japanese Grand Prix,Daniel Ricciardo,RIC,Red Bull,7.0,15.0,DNF,0.0
2015,14,Japanese Grand Prix,Jenson Button,BUT,McLaren,14.0,16.0,DNF,0.0
2015,14,Japanese Grand Prix,Felipe Massa,MAS,Williams,5.0,17.0,DNF,0.0
2015,14,Japanese Grand Prix,Alexander Rossi,RSS,Manor Marussia,19.0,18.0,DNF,0.0
2015,14,Japanese Grand Prix,Will Stevens,STE,Manor Marussia,18.0,19.0,DNF,0.0
2015,14,Japanese Grand Prix,Felipe Nasr,NAS,Sauber,16.0,20.0,DNF,0.0
2015,15,Russian Grand Prix,Lewis Hamilton,HAM,Mercedes,2.0,1.0,Finished,25.0
2015,15,Russian Grand Prix,Sebastian Vettel,VET,Ferrari,4.0,2.0,Finished,18.0
2015,15,Russian Grand Prix,Sergio Pérez,PER,Force India,7.0,3.0,Finished,15.0
2015,15,Russian Grand Prix,Felipe Massa,MAS,Williams,15.0,4.0,Finished,12.0
2015,15,Russian Grand Prix,Daniil Kvyat,KVY,Red Bull,11.0,5.0,Finished,10.0
2015,15,Russian Grand Prix,Felipe Nasr,NAS,Sauber,12.0,6.0,Finished,8.0
2015,15,Russian Grand Prix,Pastor Maldonado,MAL,Lotus F1,14.0,7.0,Finished,6.0
2015,15,Russian Grand Prix,Kimi Räikkönen,RAI,Ferrari,5.0,8.0,Finished,4.0
2015,15,Russian Grand Prix,Jenson Button,BUT,McLaren,13.0,9.0,Finished,2.0
2015,15,Russian Grand Prix,Max Verstappen,VER,Toro Rosso,9.0,10.0,Finished,1.0
2015,15,Russian Grand Prix,Fernando Alonso,ALO,McLaren,19.0,11.0,Finished,0.0
2015,15,Russian Grand Prix,Valtteri Bottas,BOT,Williams,3.0,12.0,DNF,0.0
2015,15,Russian Grand Prix,Roberto Merhi,MER,Manor Marussia,18.0,13.0,DNF,0.0
2015,15,Russian Grand Prix,Will Stevens,STE,Manor Marussia,17.0,14.0,DNF,0.0
2015,15,Russian Grand Prix,Daniel Ricciardo,RIC,Red Bull,10.0,15.0,DNF,0.0
2015,15,Russian Grand Prix,Carlos Sainz,SAI,Toro Rosso,20.0,16.0,DNF,0.0
2015,15,Russian Grand Prix,Romain Grosjean,GRO,Lotus F1,8.0,17.0,DNF,0.0
2015,15,Russian Grand Prix,Nico Rosberg,ROS,Mercedes,1.0,18.0,DNF,0.0
2015,15,Russian Grand Prix,Nico Hülkenberg,HUL,Force India,6.0,19.0,DNF,0.0
2015,15,Russian Grand Prix,Marcus Ericsson,ERI,Sauber,17.0,20.0,DNF,0.0
2015,16,United States Grand Prix,Lewis Hamilton,HAM,Mercedes,2.0,1.0,Finished,25.0
2015,16,United States Grand Prix,Nico Rosberg,ROS,Mercedes,1.0,2.0,Finished,18.0
2015,16,United States Grand Prix,Sebastian Vettel,VET,Ferrari,13.0,3.0,Finished,15.0
2015,16,United States Grand Prix,Max Verstappen,VER,Toro Rosso,8.0,4.0,Finished,12.0
2015,16,United States Grand Prix,Sergio Pérez,PER,Force India,5.0,5.0,Finished,10.0
2015,16,United States Grand Prix,Jenson Button,BUT,McLaren,11.0,6.0,Finished,8.0
2015,16,United States Grand Prix,Carlos Sainz,SAI,Toro Rosso,20.0,7.0,Finished,6.0
2015,16,United States Grand Prix,Pastor Maldonado,MAL,Lotus F1,12.0,8.0,Finished,4.0
2015,16,United States Grand Prix,Felipe Nasr,NAS,Sauber,15.0,9.0,Finished,2.0
2015,16,United States Grand Prix,Daniel Ricciardo,RIC,Red Bull,3.0,10.0,Finished,1.0
2015,16,United States Grand Prix,Fernando Alonso,ALO,McLaren,9.0,11.0,Finished,0.0
2015,16,United States Grand Prix,Alexander Rossi,RSS,Manor Marussia,17.0,12.0,Finished,0.0
2015,16,United States Grand Prix,Daniil Kvyat,KVY,Red Bull,4.0,13.0,DNF,0.0
2015,16,United States Grand Prix,Nico Hülkenberg,HUL,Force India,6.0,14.0,DNF,0.0
2015,16,United States Grand Prix,Marcus Ericsson,ERI,Sauber,14.0,15.0,DNF,0.0
2015,16,United States Grand Prix,Kimi Räikkönen,RAI,Ferrari,18.0,16.0,DNF,0.0
2015,16,United States Grand Prix,Felipe Massa,MAS,Williams,7.0,17.0,DNF,0.0
2015,16,United States Grand Prix,Romain Grosjean,GRO,Lotus F1,10.0,18.0,DNF,0.0
2015,16,United States Grand Prix,Valtteri Bottas,BOT,Williams,16.0,19.0,DNF,0.0
2015,16,United States Grand Prix,Will Stevens,STE,Manor Marussia,19.0,20.0,DNF,0.0
2015,17,Mexican Grand Prix,Nico Rosberg,ROS,Mercedes,1.0,1.0,Finished,25.0
2015,17,Mexican Grand Prix,Lewis Hamilton,HAM,Mercedes,2.0,2.0,Finished,18.0
2015,17,Mexican Grand Prix,Valtteri Bottas,BOT,Williams,6.0,3.0,Finished,15.0
2015,17,Mexican Grand Prix,Daniil Kvyat,KVY,Red Bull,4.0,4.0,Finished,12.0
2015,17,Mexican Grand Prix,Daniel Ricciardo,RIC,Red Bull,5.0,5.0,Finished,10.0
2015,17,Mexican Grand Prix,Felipe Massa,MAS,Williams,7.0,6.0,Finished,8.0
2015,17,Mexican Grand Prix,Nico Hülkenberg,HUL,Force India,10.0,7.0,Finished,6.0
2015,17,Mexican Grand Prix,Sergio Pérez,PER,Force India,9.0,8.0,Finished,4.0
2015,17,Mexican Grand Prix,Max Verstappen,VER,Toro Rosso,8.0,9.0,Finished,2.0
2015,17,Mexican Grand Prix,Romain Grosjean,GRO,Lotus F1,12.0,10.0,Finished,1.0
2015,17,Mexican Grand Prix,Pastor Maldonado,MAL,Lotus F1,13.0,11.0,Finished,0.0
2015,17,Mexican Grand Prix,Marcus Ericsson,ERI,Sauber,14.0,12.0,Finished,0.0
2015,17,Mexican Grand Prix,Carlos Sainz,SAI,Toro Rosso,11.0,13.0,Finished,0.0
2015,17,Mexican Grand Prix,Jenson Button,BUT,McLaren,20.0,14.0,Finished,0.0
2015,17,Mexican Grand Prix,Alexander Rossi,RSS,Manor Marussia,16.0,15.0,DNF,0.0
2015,17,Mexican Grand Prix,Will Stevens,STE,Manor Marussia,17.0,16.0,DNF,0.0
2015,17,Mexican Grand Prix,Felipe Nasr,NAS,Sauber,15.0,17.0,DNF,0.0
2015,17,Mexican Grand Prix,Sebastian Vettel,VET,Ferrari,3.0,18.0,DNF,0.0
2015,17,Mexican Grand Prix,Kimi Räikkönen,RAI,Ferrari,19.0,19.0,DNF,0.0
2015,17,Mexican Grand Prix,Fernando Alonso,ALO,McLaren,18.0,20.0,DNF,0.0
2015,18,Brazilian Grand Prix,Nico Rosberg,ROS,Mercedes,1.0,1.0,Finished,25.0
2015,18,Brazilian Grand Prix,Lewis Hamilton,HAM,Mercedes,2.0,2.0,Finished,18.0
2015,18,Brazilian Grand Prix,Sebastian Vettel,VET,Ferrari,3.0,3.0,Finished,15.0
2015,18,Brazilian Grand Prix,Kimi Räikkönen,RAI,Ferrari,4.0,4.0,Finished,12.0
2015,18,Brazilian Grand Prix,Valtteri Bottas,BOT,Williams,7.0,5.0,DNF,10.0
2015,18,Brazilian Grand Prix,Nico Hülkenberg,HUL,Force India,5.0,6.0,DNF,8.0
2015,18,Brazilian Grand Prix,Daniil Kvyat,KVY,Red Bull,6.0,7.0,DNF,6.0
2015,18,Brazilian Grand Prix,Romain Grosjean,GRO,Lotus F1,14.0,8.0,DNF,4.0
2015,18,Brazilian Grand Prix,Max Verstappen,VER,Toro Rosso,9.0,9.0,DNF,2.0
2015,18,Brazilian Grand Prix,Pastor Maldonado,MAL,Lotus F1,15.0,10.0,DNF,1.0
2015,18,Brazilian Grand Prix,Daniel Ricciardo,RIC,Red Bull,19.0,11.0,DNF,0.0
2015,18,Brazilian Grand Prix,Sergio Pérez,PER,Force India,11.0,12.0,DNF,0.0
2015,18,Brazilian Grand Prix,Felipe Nasr,NAS,Sauber,13.0,13.0,DNF,0.0
2015,18,Brazilian Grand Prix,Jenson Button,BUT,McLaren,16.0,14.0,DNF,0.0
2015,18,Brazilian Grand Prix,Fernando Alonso,ALO,McLaren,20.0,15.0,DNF,0.0
2015,18,Brazilian Grand Prix,Marcus Ericsson,ERI,Sauber,12.0,16.0,DNF,0.0
2015,18,Brazilian Grand Prix,Will Stevens,STE,Manor Marussia,18.0,17.0,DNF,0.0
2015,18,Brazilian Grand Prix,Alexander Rossi,RSS,Manor Marussia,17.0,18.0,DNF,0.0
2015,18,Brazilian Grand Prix,Carlos Sainz,SAI,Toro Rosso,10.0,19.0,DNF,0.0
2015,18,Brazilian Grand Prix,Felipe Massa,MAS,Williams,8.0,20.0,DNF,0.0
2015,19,Abu Dhabi Grand Prix,Nico Rosberg,ROS,Mercedes,1.0,1.0,Finished,25.0
2015,19,Abu Dhabi Grand Prix,Lewis Hamilton,HAM,Mercedes,2.0,2.0,Finished,18.0
2015,19,Abu Dhabi Grand Prix,Kimi Räikkönen,RAI,Ferrari,3.0,3.0,Finished,15.0
2015,19,Abu Dhabi Grand Prix,Sebastian Vettel,VET,Ferrari,15.0,4.0,Finished,12.0
2015,19,Abu Dhabi Grand Prix,Sergio Pérez,PER,Force India,4.0,5.0,Finished,10.0
2015,19,Abu Dhabi Grand Prix,Daniel Ricciardo,RIC,Red Bull,5.0,6.0,Finished,8.0
2015,19,Abu Dhabi Grand Prix,Nico Hülkenberg,HUL,Force India,7.0,7.0,Finished,6.0
2015,19,Abu Dhabi Grand Prix,Felipe Massa,MAS,Williams,8.0,8.0,Finished,4.0
2015,19,Abu Dhabi Grand Prix,Romain Grosjean,GRO,Lotus F1,18.0,9.0,Finished,2.0
2015,19,Abu Dhabi Grand Prix,Daniil Kvyat,KVY,Red Bull,9.0,10.0,Finished,1.0
2015,19,Abu Dhabi Grand Prix,Carlos Sainz,SAI,Toro Rosso,10.0,11.0,Finished,0.0
2015,19,Abu Dhabi Grand Prix,Jenson Button,BUT,McLaren,12.0,12.0,DNF,0.0
2015,19,Abu Dhabi Grand Prix,Valtteri Bottas,BOT,Williams,6.0,13.0,DNF,0.0
2015,19,Abu Dhabi Grand Prix,Marcus Ericsson,ERI,Sauber,17.0,14.0,DNF,0.0
2015,19,Abu Dhabi Grand Prix,Felipe Nasr,NAS,Sauber,14.0,15.0,DNF,0.0
2015,19,Abu Dhabi Grand Prix,Max Verstappen,VER,Toro Rosso,11.0,16.0,DNF,0.0
2015,19,Abu Dhabi Grand Prix,Fernando Alonso,ALO,McLaren,16.0,17.0,DNF,0.0
2015,19,Abu Dhabi Grand Prix,Will Stevens,STE,Manor Marussia,19.0,18.0,DNF,0.0
2015,19,Abu Dhabi Grand Prix,Roberto Merhi,MER,Manor Marussia,20.0,19.0,DNF,0.0
2015,19,Abu Dhabi Grand Prix,Pastor Maldonado,MAL,Lotus F1,13.0,20.0,DNF,0.0
2016,1,Australian Grand Prix,Nico Rosberg,ROS,Mercedes,2.0,1.0,Finished,25.0
2016,1,Australian Grand Prix,Lewis Hamilton,HAM,Mercedes,1.0,2.0,Finished,18.0
2016,1,Australian Grand Prix,Sebastian Vettel,VET,Ferrari,3.0,3.0,Finished,15.0
2016,1,Australian Grand Prix,Daniel Ricciardo,RIC,Red Bull,8.0,4.0,Finished,12.0
2016,1,Australian Grand Prix,Felipe Massa,MAS,Williams,6.0,5.0,Finished,10.0
2016,1,Australian Grand Prix,Romain Grosjean,GRO,Haas F1 Team,19.0,6.0,Finished,8.0
2016,1,Australian Grand Prix,Nico Hülkenberg,HUL,Force India,10.0,7.0,Finished,6.0
2016,1,Australian Grand Prix,Valtteri Bottas,BOT,Williams,16.0,8.0,Finished,4.0
2016,1,Australian Grand Prix,Carlos Sainz,SAI,Toro Rosso,7.0,9.0,Finished,2.0
2016,1,Australian Grand Prix,Max Verstappen,VER,Toro Rosso,5.0,10.0,Finished,1.0
2016,1,Australian Grand Prix,Jolyon Palmer,PAL,Renault,13.0,11.0,Finished,0.0
2016,1,Australian Grand Prix,Kevin Magnussen,MAG,Renault,14.0,12.0,Finished,0.0
2016,1,Australian Grand Prix,Sergio Pérez,PER,Force India,9.0,13.0,Finished,0.0
2016,1,Australian Grand Prix,Jenson Button,BUT,McLaren,12.0,14.0,DNF,0.0
2016,1,Australian Grand Prix,Felipe Nasr,NAS,Sauber,17.0,15.0,DNF,0.0
2016,1,Australian Grand Prix,Pascal Wehrlein,WEH,Manor Marussia,21.0,16.0,DNF,0.0
2016,1,Australian Grand Prix,Marcus Ericsson,ERI,Sauber,15.0,17.0,DNF,0.0
2016,1,Australian Grand Prix,Kimi Räikkönen,RAI,Ferrari,4.0,18.0,DNF,0.0
2016,1,Australian Grand Prix,Rio Haryanto,HAR,Manor Marussia,22.0,19.0,DNF,0.0
2016,1,Australian Grand Prix,Esteban Gutiérrez,GUT,Haas F1 Team,20.0,20.0,DNF,0.0
2016,1,Australian Grand Prix,Fernando Alonso,ALO,McLaren,11.0,21.0,DNF,0.0
2016,1,Australian Grand Prix,Daniil Kvyat,KVY,Red Bull,18.0,22.0,DNF,0.0
2016,2,Bahrain Grand Prix,Nico Rosberg,ROS,Mercedes,2.0,1.0,Finished,25.0
2016,2,Bahrain Grand Prix,Kimi Räikkönen,RAI,Ferrari,4.0,2.0,Finished,18.0
2016,2,Bahrain Grand Prix,Lewis Hamilton,HAM,Mercedes,1.0,3.0,Finished,15.0
2016,2,Bahrain Grand Prix,Daniel Ricciardo,RIC,Red Bull,5.0,4.0,Finished,12.0
2016,2,Bahrain Grand Prix,Romain Grosjean,GRO,Haas F1 Team,9.0,5.0,Finished,10.0
2016,2,Bahrain Grand Prix,Max Verstappen,VER,Toro Rosso,10.0,6.0,Finished,8.0
2016,2,Bahrain Grand Prix,Daniil Kvyat,KVY,Red Bull,15.0,7.0,DNF,6.0
2016,2,Bahrain Grand Prix,Felipe Massa,MAS,Williams,7.0,8.0,DNF,4.0
2016,2,Bahrain Grand Prix,Valtteri Bottas,BOT,Williams,6.0,9.0,DNF,2.0
2016,2,Bahrain Grand Prix,Stoffel Vandoorne,VAN,McLaren,12.0,10.0,DNF,1.0
2016,2,Bahrain Grand Prix,Kevin Magnussen,MAG,Renault,22.0,11.0,DNF,0.0
2016,2,Bahrain Grand Prix,Marcus Ericsson,ERI,Sauber,17.0,12.0,DNF,0.0
2016,2,Bahrain Grand Prix,Pascal Wehrlein,WEH,Manor Marussia,16.0,13.0,DNF,0.0
2016,2,Bahrain Grand Prix,Felipe Nasr,NAS,Sauber,21.0,14.0,DNF,0.0
2016,2,Bahrain Grand Prix,Nico Hülkenberg,HUL,Force India,8.0,15.0,DNF,0.0
2016,2,Bahrain Grand Prix,Sergio Pérez,PER,Force India,18.0,16.0,DNF,0.0
2016,2,Bahrain Grand Prix,Rio Haryanto,HAR,Manor Marussia,20.0,17.0,DNF,0.0
2016,2,Bahrain Grand Prix,Carlos Sainz,SAI,Toro Rosso,11.0,18.0,DNF,0.0
2016,2,Bahrain Grand Prix,Esteban Gutiérrez,GUT,Haas F1 Team,13.0,19.0,DNF,0.0
2016,2,Bahrain Grand Prix,Jenson Button,BUT,McLaren,14.0,20.0,DNF,0.0
2016,2,Bahrain Grand Prix,Sebastian Vettel,VET,Ferrari,3.0,21.0,DNF,0.0
2016,2,Bahrain Grand Prix,Jolyon Palmer,PAL,Renault,19.0,22.0,DNF,0.0
2016,3,Chinese Grand Prix,Nico Rosberg,ROS,Mercedes,1.0,1.0,Finished,25.0
2016,3,Chinese Grand Prix,Sebastian Vettel,VET,Ferrari,4.0,2.0,Finished,18.0
2016,3,Chinese Grand Prix,Daniil Kvyat,KVY,Red Bull,6.0,3.0,Finished,15.0
2016,3,Chinese Grand Prix,Daniel Ricciardo,RIC,Red Bull,2.0,4.0,Finished,12.0
2016,3,Chinese Grand Prix,Kimi Räikkönen,RAI,Ferrari,3.0,5.0,Finished,10.0
2016,3,Chinese Grand Prix,Felipe Massa,MAS,Williams,10.0,6.0,Finished,8.0
2016,3,Chinese Grand Prix,Lewis Hamilton,HAM,Mercedes,22.0,7.0,Finished,6.0
2016,3,Chinese Grand Prix,Max Verstappen,VER,Toro Rosso,9.0,8.0,Finished,4.0
2016,3,Chinese Grand Prix,Carlos Sainz,SAI,Toro Rosso,8.0,9.0,Finished,2.0
2016,3,Chinese Grand Prix,Valtteri Bottas,BOT,Williams,5.0,10.0,Finished,1.0
2016,3,Chinese Grand Prix,Sergio Pérez,PER,Force India,7.0,11.0,Finished,0.0
2016,3,Chinese Grand Prix,Fernando Alonso,ALO,McLaren,11.0,12.0,Finished,0.0
2016,3,Chinese Grand Prix,Jenson Button,BUT,McLaren,12.0,13.0,Finished,0.0
2016,3,Chinese Grand Prix,Esteban Gutiérrez,GUT,Haas F1 Team,18.0,14.0,DNF,0.0
2016,3,Chinese Grand Prix,Nico Hülkenberg,HUL,Force India,13.0,15.0,DNF,0.0
2016,3,Chinese Grand Prix,Marcus Ericsson,ERI,Sauber,15.0,16.0,DNF,0.0
2016,3,Chinese Grand Prix,Kevin Magnussen,MAG,Renault,17.0,17.0,DNF,0.0
2016,3,Chinese Grand Prix,Pascal Wehrlein,WEH,Manor Marussia,21.0,18.0,DNF,0.0
2016,3,Chinese Grand Prix,Romain Grosjean,GRO,Haas F1 Team,14.0,19.0,DNF,0.0
2016,3,Chinese Grand Prix,Felipe Nasr,NAS,Sauber,16.0,20.0,DNF,0.0
2016,3,Chinese Grand Prix,Rio Haryanto,HAR,Manor Marussia,20.0,21.0,DNF,0.0
2016,3,Chinese Grand Prix,Jolyon Palmer,PAL,Renault,19.0,22.0,DNF,0.0
2016,4,Russian Grand Prix,Nico Rosberg,ROS,Mercedes,1.0,1.0,Finished,25.0
2016,4,Russian Grand Prix,Lewis Hamilton,HAM,Mercedes,10.0,2.0,Finished,18.0
2016,4,Russian Grand Prix,Kimi Räikkönen,RAI,Ferrari,3.0,3.0,Finished,15.0
2016,4,Russian Grand Prix,Valtteri Bottas,BOT,Williams,2.0,4.0,Finished,12.0
2016,4,Russian Grand Prix,Felipe Massa,MAS,Williams,4.0,5.0,Finished,10.0
2016,4,Russian Grand Prix,Fernando Alonso,ALO,McLaren,14.0,6.0,DNF,8.0
2016,4,Russian Grand Prix,Kevin Magnussen,MAG,Renault,17.0,7.0,DNF,6.0
2016,4,Russian Grand Prix,Romain Grosjean,GRO,Haas F1 Team,15.0,8.0,DNF,4.0
2016,4,Russian Grand Prix,Sergio Pérez,PER,Force India,6.0,9.0,DNF,2.0
2016,4,Russian Grand Prix,Jenson Button,BUT,McLaren,12.0,10.0,DNF,1.0
2016,4,Russian Grand Prix,Daniel Ricciardo,RIC,Red Bull,5.0,11.0,DNF,0.0
2016,4,Russian Grand Prix,Carlos Sainz,SAI,Toro Rosso,11.0,12.0,DNF,0.0
2016,4,Russian Grand Prix,Jolyon Palmer,PAL,Renault,18.0,13.0,DNF,0.0
2016,4,Russian Grand Prix,Marcus Ericsson,ERI,Sauber,22.0,14.0,DNF,0.0
2016,4,Russian Grand Prix,Daniil Kvyat,KVY,Red Bull,8.0,15.0,DNF,0.0
2016,4,Russian Grand Prix,Felipe Nasr,NAS,Sauber,19.0,16.0,DNF,0.0
2016,4,Russian Grand Prix,Esteban Gutiérrez,GUT,Haas F1 Team,16.0,17.0,DNF,0.0
2016,4,Russian Grand Prix,Pascal Wehrlein,WEH,Manor Marussia,20.0,18.0,DNF,0.0
2016,4,Russian Grand Prix,Max Verstappen,VER,Toro Rosso,9.0,19.0,DNF,0.0
2016,4,Russian Grand Prix,Sebastian Vettel,VET,Ferrari,7.0,20.0,DNF,0.0
2016,4,Russian Grand Prix,Nico Hülkenberg,HUL,Force India,13.0,21.0,DNF,0.0
2016,4,Russian Grand Prix,Rio Haryanto,HAR,Manor Marussia,21.0,22.0,DNF,0.0
2016,5,Spanish Grand Prix,Max Verstappen,VER,Red Bull,4.0,1.0,Finished,25.0
2016,5,Spanish Grand Prix,Kimi Räikkönen,RAI,Ferrari,5.0,2.0,Finished,18.0
2016,5,Spanish Grand Prix,Sebastian Vettel,VET,Ferrari,6.0,3.0,Finished,15.0
2016,5,Spanish Grand Prix,Daniel Ricciardo,RIC,Red Bull,3.0,4.0,Finished,12.0
2016,5,Spanish Grand Prix,Valtteri Bottas,BOT,Williams,7.0,5.0,Finished,10.0
2016,5,Spanish Grand Prix,Carlos Sainz,SAI,Toro Rosso,8.0,6.0,Finished,8.0
2016,5,Spanish Grand Prix,Sergio Pérez,PER,Force India,9.0,7.0,Finished,6.0
2016,5,Spanish Grand Prix,Felipe Massa,MAS,Williams,18.0,8.0,Finished,4.0
2016,5,Spanish Grand Prix,Jenson Button,BUT,McLaren,12.0,9.0,DNF,2.0
2016,5,Spanish Grand Prix,Daniil Kvyat,KVY,Toro Rosso,13.0,10.0,DNF,1.0
2016,5,Spanish Grand Prix,Esteban Gutiérrez,GUT,Haas F1 Team,16.0,11.0,DNF,0.0
2016,5,Spanish Grand Prix,Marcus Ericsson,ERI,Sauber,19.0,12.0,DNF,0.0
2016,5,Spanish Grand Prix,Jolyon Palmer,PAL,Renault,17.0,13.0,DNF,0.0
2016,5,Spanish Grand Prix,Kevin Magnussen,MAG,Renault,15.0,14.0,DNF,0.0
2016,5,Spanish Grand Prix,Felipe Nasr,NAS,Sauber,20.0,15.0,DNF,0.0
2016,5,Spanish Grand Prix,Pascal Wehrlein,WEH,Manor Marussia,21.0,16.0,DNF,0.0
2016,5,Spanish Grand Prix,Rio Haryanto,HAR,Manor Marussia,22.0,17.0,DNF,0.0
2016,5,Spanish Grand Prix,Romain Grosjean,GRO,Haas F1 Team,14.0,18.0,DNF,0.0
2016,5,Spanish Grand Prix,Fernando Alonso,ALO,McLaren,10.0,19.0,DNF,0.0
2016,5,Spanish Grand Prix,Nico Hülkenberg,HUL,Force India,11.0,20.0,DNF,0.0
2016,5,Spanish Grand Prix,Lewis Hamilton,HAM,Mercedes,1.0,21.0,DNF,0.0
2016,5,Spanish Grand Prix,Nico Rosberg,ROS,Mercedes,2.0,22.0,DNF,0.0
2016,6,Monaco Grand Prix,Lewis Hamilton,HAM,Mercedes,3.0,1.0,Finished,25.0
2016,6,Monaco Grand Prix,Daniel Ricciardo,RIC,Red Bull,1.0,2.0,Finished,18.0
2016,6,Monaco Grand Prix,Sergio Pérez,PER,Force India,7.0,3.0,Finished,15.0
2016,6,Monaco Grand Prix,Sebastian Vettel,VET,Ferrari,4.0,4.0,Finished,12.0
2016,6,Monaco Grand Prix,Fernando Alonso,ALO,McLaren,9.0,5.0,Finished,10.0
2016,6,Monaco Grand Prix,Nico Hülkenberg,HUL,Force India,5.0,6.0,Finished,8.0
2016,6,Monaco Grand Prix,Nico Rosberg,ROS,Mercedes,2.0,7.0,Finished,6.0
2016,6,Monaco Grand Prix,Carlos Sainz,SAI,Toro Rosso,6.0,8.0,DNF,4.0
2016,6,Monaco Grand Prix,Jenson Button,BUT,McLaren,13.0,9.0,DNF,2.0
2016,6,Monaco Grand Prix,Felipe Massa,MAS,Williams,14.0,10.0,DNF,1.0
2016,6,Monaco Grand Prix,Esteban Gutiérrez,GUT,Haas F1 Team,12.0,11.0,DNF,0.0
2016,6,Monaco Grand Prix,Valtteri Bottas,BOT,Williams,10.0,12.0,DNF,0.0
2016,6,Monaco Grand Prix,Romain Grosjean,GRO,Haas F1 Team,15.0,13.0,DNF,0.0
2016,6,Monaco Grand Prix,Pascal Wehrlein,WEH,Manor Marussia,20.0,14.0,DNF,0.0
2016,6,Monaco Grand Prix,Rio Haryanto,HAR,Manor Marussia,19.0,15.0,DNF,0.0
2016,6,Monaco Grand Prix,Marcus Ericsson,ERI,Sauber,17.0,16.0,DNF,0.0
2016,6,Monaco Grand Prix,Felipe Nasr,NAS,Sauber,0.0,17.0,DNF,0.0
2016,6,Monaco Grand Prix,Max Verstappen,VER,Red Bull,0.0,18.0,DNF,0.0
2016,6,Monaco Grand Prix,Kevin Magnussen,MAG,Renault,16.0,19.0,DNF,0.0
2016,6,Monaco Grand Prix,Daniil Kvyat,KVY,Toro Rosso,8.0,20.0,DNF,0.0
2016,6,Monaco Grand Prix,Kimi Räikkönen,RAI,Ferrari,11.0,21.0,DNF,0.0
2016,6,Monaco Grand Prix,Jolyon Palmer,PAL,Renault,18.0,22.0,DNF,0.0
2016,7,Canadian Grand Prix,Lewis Hamilton,HAM,Mercedes,1.0,1.0,Finished,25.0
2016,7,Canadian Grand Prix,Sebastian Vettel,VET,Ferrari,3.0,2.0,Finished,18.0
2016,7,Canadian Grand Prix,Valtteri Bottas,BOT,Williams,7.0,3.0,Finished,15.0
2016,7,Canadian Grand Prix,Max Verstappen,VER,Red Bull,5.0,4.0,Finished,12.0
2016,7,Canadian Grand Prix,Nico Rosberg,ROS,Mercedes,2.0,5.0,Finished,10.0
2016,7,Canadian Grand Prix,Kimi Räikkönen,RAI,Ferrari,6.0,6.0,Finished,8.0
2016,7,Canadian Grand Prix,Daniel Ricciardo,RIC,Red Bull,4.0,7.0,Finished,6.0
2016,7,Canadian Grand Prix,Nico Hülkenberg,HUL,Force India,9.0,8.0,DNF,4.0
2016,7,Canadian Grand Prix,Carlos Sainz,SAI,Toro Rosso,20.0,9.0,DNF,2.0
2016,7,Canadian Grand Prix,Sergio Pérez,PER,Force India,11.0,10.0,DNF,1.0
2016,7,Canadian Grand Prix,Fernando Alonso,ALO,McLaren,10.0,11.0,DNF,0.0
2016,7,Canadian Grand Prix,Daniil Kvyat,KVY,Toro Rosso,15.0,12.0,DNF,0.0
2016,7,Canadian Grand Prix,Esteban Gutiérrez,GUT,Haas F1 Team,13.0,13.0,DNF,0.0
2016,7,Canadian Grand Prix,Romain Grosjean,GRO,Haas F1 Team,14.0,14.0,DNF,0.0
2016,7,Canadian Grand Prix,Marcus Ericsson,ERI,Sauber,21.0,15.0,DNF,0.0
2016,7,Canadian Grand Prix,Kevin Magnussen,MAG,Renault,22.0,16.0,DNF,0.0
2016,7,Canadian Grand Prix,Pascal Wehrlein,WEH,Manor Marussia,17.0,17.0,DNF,0.0
2016,7,Canadian Grand Prix,Felipe Nasr,NAS,Sauber,18.0,18.0,DNF,0.0
2016,7,Canadian Grand Prix,Rio Haryanto,HAR,Manor Marussia,19.0,19.0,DNF,0.0
2016,7,Canadian Grand Prix,Felipe Massa,MAS,Williams,8.0,20.0,DNF,0.0
2016,7,Canadian Grand Prix,Jolyon Palmer,PAL,Renault,16.0,21.0,DNF,0.0
2016,7,Canadian Grand Prix,Jenson Button,BUT,McLaren,12.0,22.0,DNF,0.0
2016,8,European Grand Prix,Nico Rosberg,ROS,Mercedes,1.0,1.0,Finished,25.0
2016,8,European Grand Prix,Sebastian Vettel,VET,Ferrari,3.0,2.0,Finished,18.0
2016,8,European Grand Prix,Sergio Pérez,PER,Force India,7.0,3.0,Finished,15.0
2016,8,European Grand Prix,Kimi Räikkönen,RAI,Ferrari,4.0,4.0,Finished,12.0
2016,8,European Grand Prix,Lewis Hamilton,HAM,Mercedes,10.0,5.0,Finished,10.0
2016,8,European Grand Prix,Valtteri Bottas,BOT,Williams,8.0,6.0,Finished,8.0
2016,8,European Grand Prix,Daniel Ricciardo,RIC,Red Bull,2.0,7.0,Finished,6.0
2016,8,European Grand Prix,Max Verstappen,VER,Red Bull,9.0,8.0,Finished,4.0
2016,8,European Grand Prix,Nico Hülkenberg,HUL,Force India,12.0,9.0,Finished,2.0
2016,8,European Grand Prix,Felipe Massa,MAS,Williams,5.0,10.0,Finished,1.0
2016,8,European Grand Prix,Jenson Button,BUT,McLaren,19.0,11.0,Finished,0.0
2016,8,European Grand Prix,Felipe Nasr,NAS,Sauber,15.0,12.0,DNF,0.0
2016,8,European Grand Prix,Romain Grosjean,GRO,Haas F1 Team,11.0,13.0,DNF,0.0
2016,8,European Grand Prix,Kevin Magnussen,MAG,Renault,22.0,14.0,DNF,0.0
2016,8,European Grand Prix,Jolyon Palmer,PAL,Renault,21.0,15.0,DNF,0.0
2016,8,European Grand Prix,Esteban Gutiérrez,GUT,Haas F1 Team,14.0,16.0,DNF,0.0
2016,8,European Grand Prix,Marcus Ericsson,ERI,Sauber,20.0,17.0,DNF,0.0
2016,8,European Grand Prix,Rio Haryanto,HAR,Manor Marussia,16.0,18.0,DNF,0.0
2016,8,European Grand Prix,Fernando Alonso,ALO,McLaren,13.0,19.0,DNF,0.0
2016,8,European Grand Prix,Pascal Wehrlein,WEH,Manor Marussia,17.0,20.0,DNF,0.0
2016,8,European Grand Prix,Carlos Sainz,SAI,Toro Rosso,18.0,21.0,DNF,0.0
2016,8,European Grand Prix,Daniil Kvyat,KVY,Toro Rosso,6.0,22.0,DNF,0.0
2016,9,Austrian Grand Prix,Lewis Hamilton,HAM,Mercedes,1.0,1.0,Finished,25.0
2016,9,Austrian Grand Prix,Max Verstappen,VER,Red Bull,8.0,2.0,Finished,18.0
2016,9,Austrian Grand Prix,Kimi Räikkönen,RAI,Ferrari,4.0,3.0,Finished,15.0
2016,9,Austrian Grand Prix,Nico Rosberg,ROS,Mercedes,6.0,4.0,Finished,12.0
2016,9,Austrian Grand Prix,Daniel Ricciardo,RIC,Red Bull,5.0,5.0,Finished,10.0
2016,9,Austrian Grand Prix,Jenson Button,BUT,McLaren,3.0,6.0,Finished,8.0
2016,9,Austrian Grand Prix,Romain Grosjean,GRO,Haas F1 Team,13.0,7.0,Finished,6.0
2016,9,Austrian Grand Prix,Carlos Sainz,SAI,Toro Rosso,15.0,8.0,Finished,4.0
2016,9,Austrian Grand Prix,Valtteri Bottas,BOT,Williams,7.0,9.0,DNF,2.0
2016,9,Austrian Grand Prix,Pascal Wehrlein,WEH,Manor Marussia,12.0,10.0,DNF,1.0
2016,9,Austrian Grand Prix,Esteban Gutiérrez,GUT,Haas F1 Team,11.0,11.0,DNF,0.0
2016,9,Austrian Grand Prix,Jolyon Palmer,PAL,Renault,19.0,12.0,DNF,0.0
2016,9,Austrian Grand Prix,Felipe Nasr,NAS,Sauber,21.0,13.0,DNF,0.0
2016,9,Austrian Grand Prix,Kevin Magnussen,MAG,Renault,17.0,14.0,DNF,0.0
2016,9,Austrian Grand Prix,Marcus Ericsson,ERI,Sauber,18.0,15.0,DNF,0.0
2016,9,Austrian Grand Prix,Rio Haryanto,HAR,Manor Marussia,20.0,16.0,DNF,0.0
2016,9,Austrian Grand Prix,Sergio Pérez,PER,Force India,16.0,17.0,DNF,0.0
2016,9,Austrian Grand Prix,Fernando Alonso,ALO,McLaren,14.0,18.0,DNF,0.0
2016,9,Austrian Grand Prix,Nico Hülkenberg,HUL,Force India,2.0,19.0,DNF,0.0
2016,9,Austrian Grand Prix,Felipe Massa,MAS,Williams,0.0,20.0,DNF,0.0
2016,9,Austrian Grand Prix,Sebastian Vettel,VET,Ferrari,9.0,21.0,DNF,0.0
2016,9,Austrian Grand Prix,Daniil Kvyat,KVY,Toro Rosso,0.0,22.0,DNF,0.0
2016,10,British Grand Prix,Lewis Hamilton,HAM,Mercedes,1.0,1.0,Finished,25.0
2016,10,British Grand Prix,Max Verstappen,VER,Red Bull,3.0,2.0,Finished,18.0
2016,10,British Grand Prix,Nico Rosberg,ROS,Mercedes,2.0,3.0,Finished,15.0
2016,10,British Grand Prix,Daniel Ricciardo,RIC,Red Bull,4.0,4.0,Finished,12.0
2016,10,British Grand Prix,Kimi Räikkönen,RAI,Ferrari,5.0,5.0,Finished,10.0
2016,10,British Grand Prix,Sergio Pérez,PER,Force India,10.0,6.0,Finished,8.0
2016,10,British Grand Prix,Nico Hülkenberg,HUL,Force India,8.0,7.0,Finished,6.0
2016,10,British Grand Prix,Carlos Sainz,SAI,Toro Rosso,7.0,8.0,Finished,4.0
2016,10,British Grand Prix,Sebastian Vettel,VET,Ferrari,11.0,9.0,Finished,2.0
2016,10,British Grand Prix,Daniil Kvyat,KVY,Toro Rosso,15.0,10.0,Finished,1.0
2016,10,British Grand Prix,Felipe Massa,MAS,Williams,12.0,11.0,DNF,0.0
2016,10,British Grand Prix,Jenson Button,BUT,McLaren,17.0,12.0,DNF,0.0
2016,10,British Grand Prix,Fernando Alonso,ALO,McLaren,9.0,13.0,DNF,0.0
2016,10,British Grand Prix,Valtteri Bottas,BOT,Williams,6.0,14.0,DNF,0.0
2016,10,British Grand Prix,Felipe Nasr,NAS,Sauber,21.0,15.0,DNF,0.0
2016,10,British Grand Prix,Esteban Gutiérrez,GUT,Haas F1 Team,14.0,16.0,DNF,0.0
2016,10,British Grand Prix,Kevin Magnussen,MAG,Renault,16.0,17.0,DNF,0.0
2016,10,British Grand Prix,Jolyon Palmer,PAL,Renault,18.0,18.0,DNF,0.0
2016,10,British Grand Prix,Rio Haryanto,HAR,Manor Marussia,19.0,19.0,DNF,0.0
2016,10,British Grand Prix,Romain Grosjean,GRO,Haas F1 Team,13.0,20.0,DNF,0.0
2016,10,British Grand Prix,Marcus Ericsson,ERI,Sauber,22.0,21.0,DNF,0.0
2016,10,British Grand Prix,Pascal Wehrlein,WEH,Manor Marussia,20.0,22.0,DNF,0.0
2016,11,Hungarian Grand Prix,Lewis Hamilton,HAM,Mercedes,2.0,1.0,Finished,25.0
2016,11,Hungarian Grand Prix,Nico Rosberg,ROS,Mercedes,1.0,2.0,Finished,18.0
2016,11,Hungarian Grand Prix,Daniel Ricciardo,RIC,Red Bull,3.0,3.0,Finished,15.0
2016,11,Hungarian Grand Prix,Sebastian Vettel,VET,Ferrari,5.0,4.0,Finished,12.0
2016,11,Hungarian Grand Prix,Max Verstappen,VER,Red Bull,4.0,5.0,Finished,10.0
2016,11,Hungarian Grand Prix,Kimi Räikkönen,RAI,Ferrari,14.0,6.0,Finished,8.0
2016,11,Hungarian Grand Prix,Fernando Alonso,ALO,McLaren,7.0,7.0,DNF,6.0
2016,11,Hungarian Grand Prix,Carlos Sainz,SAI,Toro Rosso,6.0,8.0,DNF,4.0
2016,11,Hungarian Grand Prix,Valtteri Bottas,BOT,Williams,10.0,9.0,DNF,2.0
2016,11,Hungarian Grand Prix,Nico Hülkenberg,HUL,Force India,9.0,10.0,DNF,1.0
2016,11,Hungarian Grand Prix,Sergio Pérez,PER,Force India,13.0,11.0,DNF,0.0
2016,11,Hungarian Grand Prix,Jolyon Palmer,PAL,Renault,17.0,12.0,DNF,0.0
2016,11,Hungarian Grand Prix,Esteban Gutiérrez,GUT,Haas F1 Team,15.0,13.0,DNF,0.0
2016,11,Hungarian Grand Prix,Romain Grosjean,GRO,Haas F1 Team,11.0,14.0,DNF,0.0
2016,11,Hungarian Grand Prix,Kevin Magnussen,MAG,Renault,19.0,15.0,DNF,0.0
2016,11,Hungarian Grand Prix,Daniil Kvyat,KVY,Toro Rosso,12.0,16.0,DNF,0.0
2016,11,Hungarian Grand Prix,Felipe Nasr,NAS,Sauber,16.0,17.0,DNF,0.0
2016,11,Hungarian Grand Prix,Felipe Massa,MAS,Williams,18.0,18.0,DNF,0.0
2016,11,Hungarian Grand Prix,Pascal Wehrlein,WEH,Manor Marussia,20.0,19.0,DNF,0.0
2016,11,Hungarian Grand Prix,Marcus Ericsson,ERI,Sauber,22.0,20.0,DNF,0.0
2016,11,Hungarian Grand Prix,Rio Haryanto,HAR,Manor Marussia,21.0,21.0,DNF,0.0
2016,11,Hungarian Grand Prix,Jenson Button,BUT,McLaren,8.0,22.0,DNF,0.0
2016,12,German Grand Prix,Lewis Hamilton,HAM,Mercedes,2.0,1.0,Finished,25.0
2016,12,German Grand Prix,Daniel Ricciardo,RIC,Red Bull,3.0,2.0,Finished,18.0
2016,12,German Grand Prix,Max Verstappen,VER,Red Bull,4.0,3.0,Finished,15.0
2016,12,German Grand Prix,Nico Rosberg,ROS,Mercedes,1.0,4.0,Finished,12.0
2016,12,German Grand Prix,Sebastian Vettel,VET,Ferrari,6.0,5.0,Finished,10.0
2016,12,German Grand Prix,Kimi Räikkönen,RAI,Ferrari,5.0,6.0,Finished,8.0
2016,12,German Grand Prix,Nico Hülkenberg,HUL,Force India,8.0,7.0,Finished,6.0
2016,12,German Grand Prix,Jenson Button,BUT,McLaren,12.0,8.0,DNF,4.0
2016,12,German Grand Prix,Valtteri Bottas,BOT,Williams,7.0,9.0,DNF,2.0
2016,12,German Grand Prix,Sergio Pérez,PER,Force India,9.0,10.0,DNF,1.0
2016,12,German Grand Prix,Esteban Gutiérrez,GUT,Haas F1 Team,11.0,11.0,DNF,0.0
2016,12,German Grand Prix,Fernando Alonso,ALO,McLaren,13.0,12.0,DNF,0.0
2016,12,German Grand Prix,Romain Grosjean,GRO,Haas F1 Team,20.0,13.0,DNF,0.0
2016,12,German Grand Prix,Carlos Sainz,SAI,Toro Rosso,15.0,14.0,DNF,0.0
2016,12,German Grand Prix,Daniil Kvyat,KVY,Toro Rosso,18.0,15.0,DNF,0.0
2016,12,German Grand Prix,Kevin Magnussen,MAG,Renault,16.0,16.0,DNF,0.0
2016,12,German Grand Prix,Pascal Wehrlein,WEH,Manor Marussia,17.0,17.0,DNF,0.0
2016,12,German Grand Prix,Marcus Ericsson,ERI,Sauber,22.0,18.0,DNF,0.0
2016,12,German Grand Prix,Jolyon Palmer,PAL,Renault,14.0,19.0,DNF,0.0
2016,12,German Grand Prix,Rio Haryanto,HAR,Manor Marussia,19.0,20.0,DNF,0.0
2016,12,German Grand Prix,Felipe Nasr,NAS,Sauber,21.0,21.0,DNF,0.0
2016,12,German Grand Prix,Felipe Massa,MAS,Williams,10.0,22.0,DNF,0.0
2016,13,Belgian Grand Prix,Nico Rosberg,ROS,Mercedes,1.0,1.0,Finished,25.0
2016,13,Belgian Grand Prix,Daniel Ricciardo,RIC,Red Bull,5.0,2.0,Finished,18.0
2016,13,Belgian Grand Prix,Lewis Hamilton,HAM,Mercedes,21.0,3.0,Finished,15.0
2016,13,Belgian Grand Prix,Nico Hülkenberg,HUL,Force India,7.0,4.0,Finished,12.0
2016,13,Belgian Grand Prix,Sergio Pérez,PER,Force India,6.0,5.0,Finished,10.0
2016,13,Belgian Grand Prix,Sebastian Vettel,VET,Ferrari,4.0,6.0,Finished,8.0
2016,13,Belgian Grand Prix,Fernando Alonso,ALO,McLaren,22.0,7.0,Finished,6.0
2016,13,Belgian Grand Prix,Valtteri Bottas,BOT,Williams,8.0,8.0,Finished,4.0
2016,13,Belgian Grand Prix,Kimi Räikkönen,RAI,Ferrari,3.0,9.0,Finished,2.0
2016,13,Belgian Grand Prix,Felipe Massa,MAS,Williams,10.0,10.0,Finished,1.0
2016,13,Belgian Grand Prix,Max Verstappen,VER,Red Bull,2.0,11.0,Finished,0.0
2016,13,Belgian Grand Prix,Esteban Gutiérrez,GUT,Haas F1 Team,18.0,12.0,Finished,0.0
2016,13,Belgian Grand Prix,Romain Grosjean,GRO,Haas F1 Team,11.0,13.0,Finished,0.0
2016,13,Belgian Grand Prix,Daniil Kvyat,KVY,Toro Rosso,19.0,14.0,Finished,0.0
2016,13,Belgian Grand Prix,Jolyon Palmer,PAL,Renault,13.0,15.0,Finished,0.0
2016,13,Belgian Grand Prix,Esteban Ocon,OCO,Manor Marussia,17.0,16.0,DNF,0.0
2016,13,Belgian Grand Prix,Felipe Nasr,NAS,Sauber,16.0,17.0,DNF,0.0
2016,13,Belgian Grand Prix,Kevin Magnussen,MAG,Renault,12.0,18.0,DNF,0.0
2016,13,Belgian Grand Prix,Marcus Ericsson,ERI,Sauber,20.0,19.0,DNF,0.0
2016,13,Belgian Grand Prix,Carlos Sainz,SAI,Toro Rosso,14.0,20.0,DNF,0.0
2016,13,Belgian Grand Prix,Jenson Button,BUT,McLaren,9.0,21.0,DNF,0.0
2016,13,Belgian Grand Prix,Pascal Wehrlein,WEH,Manor Marussia,15.0,22.0,DNF,0.0
2016,14,Italian Grand Prix,Nico Rosberg,ROS,Mercedes,2.0,1.0,Finished,25.0
2016,14,Italian Grand Prix,Lewis Hamilton,HAM,Mercedes,1.0,2.0,Finished,18.0
2016,14,Italian Grand Prix,Sebastian Vettel,VET,Ferrari,3.0,3.0,Finished,15.0
2016,14,Italian Grand Prix,Kimi Räikkönen,RAI,Ferrari,4.0,4.0,Finished,12.0
2016,14,Italian Grand Prix,Daniel Ricciardo,RIC,Red Bull,6.0,5.0,Finished,10.0
2016,14,Italian Grand Prix,Valtteri Bottas,BOT,Williams,5.0,6.0,Finished,8.0
2016,14,Italian Grand Prix,Max Verstappen,VER,Red Bull,7.0,7.0,Finished,6.0
2016,14,Italian Grand Prix,Sergio Pérez,PER,Force India,8.0,8.0,Finished,4.0
2016,14,Italian Grand Prix,Felipe Massa,MAS,Williams,11.0,9.0,Finished,2.0
2016,14,Italian Grand Prix,Nico Hülkenberg,HUL,Force India,9.0,10.0,Finished,1.0
2016,14,Italian Grand Prix,Romain Grosjean,GRO,Haas F1 Team,17.0,11.0,DNF,0.0
2016,14,Italian Grand Prix,Jenson Button,BUT,McLaren,14.0,12.0,DNF,0.0
2016,14,Italian Grand Prix,Esteban Gutiérrez,GUT,Haas F1 Team,10.0,13.0,DNF,0.0
2016,14,Italian Grand Prix,Fernando Alonso,ALO,McLaren,12.0,14.0,DNF,0.0
2016,14,Italian Grand Prix,Carlos Sainz,SAI,Toro Rosso,15.0,15.0,DNF,0.0
2016,14,Italian Grand Prix,Marcus Ericsson,ERI,Sauber,19.0,16.0,DNF,0.0
2016,14,Italian Grand Prix,Kevin Magnussen,MAG,Renault,21.0,17.0,DNF,0.0
2016,14,Italian Grand Prix,Esteban Ocon,OCO,Manor Marussia,22.0,18.0,DNF,0.0
2016,14,Italian Grand Prix,Daniil Kvyat,KVY,Toro Rosso,16.0,19.0,DNF,0.0
2016,14,Italian Grand Prix,Pascal Wehrlein,WEH,Manor Marussia,13.0,20.0,DNF,0.0
2016,14,Italian Grand Prix,Jolyon Palmer,PAL,Renault,20.0,21.0,DNF,0.0
2016,14,Italian Grand Prix,Felipe Nasr,NAS,Sauber,18.0,22.0,DNF,0.0
2016,15,Singapore Grand Prix,Nico Rosberg,ROS,Mercedes,1.0,1.0,Finished,25.0
2016,15,Singapore Grand Prix,Daniel Ricciardo,RIC,Red Bull,2.0,2.0,Finished,18.0
2016,15,Singapore Grand Prix,Lewis Hamilton,HAM,Mercedes,3.0,3.0,Finished,15.0
2016,15,Singapore Grand Prix,Kimi Räikkönen,RAI,Ferrari,5.0,4.0,Finished,12.0
2016,15,Singapore Grand Prix,Sebastian Vettel,VET,Ferrari,22.0,5.0,Finished,10.0
2016,15,Singapore Grand Prix,Max Verstappen,VER,Red Bull,4.0,6.0,Finished,8.0
2016,15,Singapore Grand Prix,Fernando Alonso,ALO,McLaren,9.0,7.0,Finished,6.0
2016,15,Singapore Grand Prix,Sergio Pérez,PER,Force India,17.0,8.0,Finished,4.0
2016,15,Singapore Grand Prix,Daniil Kvyat,KVY,Toro Rosso,7.0,9.0,Finished,2.0
2016,15,Singapore Grand Prix,Kevin Magnussen,MAG,Renault,15.0,10.0,Finished,1.0
2016,15,Singapore Grand Prix,Esteban Gutiérrez,GUT,Haas F1 Team,13.0,11.0,DNF,0.0
2016,15,Singapore Grand Prix,Felipe Massa,MAS,Williams,11.0,12.0,DNF,0.0
2016,15,Singapore Grand Prix,Felipe Nasr,NAS,Sauber,16.0,13.0,DNF,0.0
2016,15,Singapore Grand Prix,Carlos Sainz,SAI,Toro Rosso,6.0,14.0,DNF,0.0
2016,15,Singapore Grand Prix,Jolyon Palmer,PAL,Renault,18.0,15.0,DNF,0.0
2016,15,Singapore Grand Prix,Pascal Wehrlein,WEH,Manor Marussia,19.0,16.0,DNF,0.0
2016,15,Singapore Grand Prix,Marcus Ericsson,ERI,Sauber,14.0,17.0,DNF,0.0
2016,15,Singapore Grand Prix,Esteban Ocon,OCO,Manor Marussia,21.0,18.0,DNF,0.0
2016,15,Singapore Grand Prix,Jenson Button,BUT,McLaren,12.0,19.0,DNF,0.0
2016,15,Singapore Grand Prix,Valtteri Bottas,BOT,Williams,10.0,20.0,DNF,0.0
2016,15,Singapore Grand Prix,Nico Hülkenberg,HUL,Force India,8.0,21.0,DNF,0.0
2016,15,Singapore Grand Prix,Romain Grosjean,GRO,Haas F1 Team,20.0,22.0,DNF,0.0
2016,16,Malaysian Grand Prix,Daniel Ricciardo,RIC,Red Bull,4.0,1.0,Finished,25.0
2016,16,Malaysian Grand Prix,Max Verstappen,VER,Red Bull,3.0,2.0,Finished,18.0
2016,16,Malaysian Grand Prix,Nico Rosberg,ROS,Mercedes,2.0,3.0,Finished,15.0
2016,16,Malaysian Grand Prix,Kimi Räikkönen,RAI,Ferrari,6.0,4.0,Finished,12.0
2016,16,Malaysian Grand Prix,Valtteri Bottas,BOT,Williams,11.0,5.0,Finished,10.0
2016,16,Malaysian Grand Prix,Sergio Pérez,PER,Force India,7.0,6.0,Finished,8.0
2016,16,Malaysian Grand Prix,Fernando Alonso,ALO,McLaren,22.0,7.0,Finished,6.0
2016,16,Malaysian Grand Prix,Nico Hülkenberg,HUL,Force India,8.0,8.0,Finished,4.0
2016,16,Malaysian Grand Prix,Jenson Button,BUT,McLaren,9.0,9.0,Finished,2.0
2016,16,Malaysian Grand Prix,Jolyon Palmer,PAL,Renault,19.0,10.0,Finished,1.0
2016,16,Malaysian Grand Prix,Carlos Sainz,SAI,Toro Rosso,16.0,11.0,Finished,0.0
2016,16,Malaysian Grand Prix,Marcus Ericsson,ERI,Sauber,17.0,12.0,DNF,0.0
2016,16,Malaysian Grand Prix,Felipe Massa,MAS,Williams,10.0,13.0,DNF,0.0
2016,16,Malaysian Grand Prix,Daniil Kvyat,KVY,Toro Rosso,15.0,14.0,DNF,0.0
2016,16,Malaysian Grand Prix,Pascal Wehrlein,WEH,Manor Marussia,21.0,15.0,DNF,0.0
2016,16,Malaysian Grand Prix,Esteban Ocon,OCO,Manor Marussia,20.0,16.0,DNF,0.0
2016,16,Malaysian Grand Prix,Felipe Nasr,NAS,Sauber,18.0,17.0,DNF,0.0
2016,16,Malaysian Grand Prix,Lewis Hamilton,HAM,Mercedes,1.0,18.0,DNF,0.0
2016,16,Malaysian Grand Prix,Esteban Gutiérrez,GUT,Haas F1 Team,13.0,19.0,DNF,0.0
2016,16,Malaysian Grand Prix,Kevin Magnussen,MAG,Renault,14.0,20.0,DNF,0.0
2016,16,Malaysian Grand Prix,Romain Grosjean,GRO,Haas F1 Team,12.0,21.0,DNF,0.0
2016,16,Malaysian Grand Prix,Sebastian Vettel,VET,Ferrari,5.0,22.0,DNF,0.0
2016,17,Japanese Grand Prix,Nico Rosberg,ROS,Mercedes,1.0,1.0,Finished,25.0
2016,17,Japanese Grand Prix,Max Verstappen,VER,Red Bull,3.0,2.0,Finished,18.0
2016,17,Japanese Grand Prix,Lewis Hamilton,HAM,Mercedes,2.0,3.0,Finished,15.0
2016,17,Japanese Grand Prix,Sebastian Vettel,VET,Ferrari,6.0,4.0,Finished,12.0
2016,17,Japanese Grand Prix,Kimi Räikkönen,RAI,Ferrari,8.0,5.0,Finished,10.0
2016,17,Japanese Grand Prix,Daniel Ricciardo,RIC,Red Bull,4.0,6.0,Finished,8.0
2016,17,Japanese Grand Prix,Sergio Pérez,PER,Force India,5.0,7.0,Finished,6.0
2016,17,Japanese Grand Prix,Nico Hülkenberg,HUL,Force India,9.0,8.0,Finished,4.0
2016,17,Japanese Grand Prix,Felipe Massa,MAS,Williams,12.0,9.0,Finished,2.0
2016,17,Japanese Grand Prix,Valtteri Bottas,BOT,Williams,11.0,10.0,Finished,1.0
2016,17,Japanese Grand Prix,Romain Grosjean,GRO,Haas F1 Team,7.0,11.0,Finished,0.0
2016,17,Japanese Grand Prix,Jolyon Palmer,PAL,Renault,16.0,12.0,DNF,0.0
2016,17,Japanese Grand Prix,Daniil Kvyat,KVY,Toro Rosso,13.0,13.0,DNF,0.0
2016,17,Japanese Grand Prix,Kevin Magnussen,MAG,Renault,17.0,14.0,DNF,0.0
2016,17,Japanese Grand Prix,Marcus Ericsson,ERI,Sauber,18.0,15.0,DNF,0.0
2016,17,Japanese Grand Prix,Fernando Alonso,ALO,McLaren,15.0,16.0,DNF,0.0
2016,17,Japanese Grand Prix,Carlos Sainz,SAI,Toro Rosso,14.0,17.0,DNF,0.0
2016,17,Japanese Grand Prix,Jenson Button,BUT,McLaren,22.0,18.0,DNF,0.0
2016,17,Japanese Grand Prix,Felipe Nasr,NAS,Sauber,19.0,19.0,DNF,0.0
2016,17,Japanese Grand Prix,Esteban Gutiérrez,GUT,Haas F1 Team,10.0,20.0,DNF,0.0
2016,17,Japanese Grand Prix,Esteban Ocon,OCO,Manor Marussia,20.0,21.0,DNF,0.0
2016,17,Japanese Grand Prix,Pascal Wehrlein,WEH,Manor Marussia,21.0,22.0,DNF,0.0
2016,18,United States Grand Prix,Lewis Hamilton,HAM,Mercedes,1.0,1.0,Finished,25.0
2016,18,United States Grand Prix,Nico Rosberg,ROS,Mercedes,2.0,2.0,Finished,18.0
2016,18,United States Grand Prix,Daniel Ricciardo,RIC,Red Bull,3.0,3.0,Finished,15.0
2016,18,United States Grand Prix,Sebastian Vettel,VET,Ferrari,6.0,4.0,Finished,12.0
2016,18,United States Grand Prix,Fernando Alonso,ALO,McLaren,12.0,5.0,Finished,10.0
2016,18,United States Grand Prix,Carlos Sainz,SAI,Toro Rosso,10.0,6.0,Finished,8.0
2016,18,United States Grand Prix,Felipe Massa,MAS,Williams,9.0,7.0,DNF,6.0
2016,18,United States Grand Prix,Sergio Pérez,PER,Force India,11.0,8.0,DNF,4.0
2016,18,United States Grand Prix,Jenson Button,BUT,McLaren,19.0,9.0,DNF,2.0
2016,18,United States Grand Prix,Romain Grosjean,GRO,Haas F1 Team,17.0,10.0,DNF,1.0
2016,18,United States Grand Prix,Daniil Kvyat,KVY,Toro Rosso,13.0,11.0,DNF,0.0
2016,18,United States Grand Prix,Kevin Magnussen,MAG,Renault,18.0,12.0,DNF,0.0
2016,18,United States Grand Prix,Jolyon Palmer,PAL,Renault,15.0,13.0,DNF,0.0
2016,18,United States Grand Prix,Marcus Ericsson,ERI,Sauber,16.0,14.0,DNF,0.0
2016,18,United States Grand Prix,Felipe Nasr,NAS,Sauber,21.0,15.0,DNF,0.0
2016,18,United States Grand Prix,Valtteri Bottas,BOT,Williams,8.0,16.0,DNF,0.0
2016,18,United States Grand Prix,Pascal Wehrlein,WEH,Manor Marussia,20.0,17.0,DNF,0.0
2016,18,United States Grand Prix,Esteban Ocon,OCO,Manor Marussia,22.0,18.0,DNF,0.0
2016,18,United States Grand Prix,Kimi Räikkönen,RAI,Ferrari,5.0,19.0,DNF,0.0
2016,18,United States Grand Prix,Max Verstappen,VER,Red Bull,4.0,20.0,DNF,0.0
2016,18,United States Grand Prix,Esteban Gutiérrez,GUT,Haas F1 Team,14.0,21.0,DNF,0.0
2016,18,United States Grand Prix,Nico Hülkenberg,HUL,Force India,7.0,22.0,DNF,0.0
2016,19,Mexican Grand Prix,Lewis Hamilton,HAM,Mercedes,1.0,1.0,Finished,25.0
2016,19,Mexican Grand Prix,Nico Rosberg,ROS,Mercedes,2.0,2.0,Finished,18.0
2016,19,Mexican Grand Prix,Daniel Ricciardo,RIC,Red Bull,4.0,3.0,Finished,15.0
2016,19,Mexican Grand Prix,Max Verstappen,VER,Red Bull,3.0,4.0,Finished,12.0
2016,19,Mexican Grand Prix,Sebastian Vettel,VET,Ferrari,7.0,5.0,Finished,10.0
2016,19,Mexican Grand Prix,Kimi Räikkönen,RAI,Ferrari,6.0,6.0,Finished,8.0
2016,19,Mexican Grand Prix,Nico Hülkenberg,HUL,Force India,5.0,7.0,Finished,6.0
2016,19,Mexican Grand Prix,Valtteri Bottas,BOT,Williams,8.0,8.0,Finished,4.0
2016,19,Mexican Grand Prix,Felipe Massa,MAS,Williams,9.0,9.0,Finished,2.0
2016,19,Mexican Grand Prix,Sergio Pérez,PER,Force India,12.0,10.0,Finished,1.0
2016,19,Mexican Grand Prix,Marcus Ericsson,ERI,Sauber,15.0,11.0,DNF,0.0
2016,19,Mexican Grand Prix,Jenson Button,BUT,McLaren,13.0,12.0,DNF,0.0
2016,19,Mexican Grand Prix,Fernando Alonso,ALO,McLaren,11.0,13.0,DNF,0.0
2016,19,Mexican Grand Prix,Jolyon Palmer,PAL,Renault,21.0,14.0,DNF,0.0
2016,19,Mexican Grand Prix,Felipe Nasr,NAS,Sauber,19.0,15.0,DNF,0.0
2016,19,Mexican Grand Prix,Carlos Sainz,SAI,Toro Rosso,10.0,16.0,DNF,0.0
2016,19,Mexican Grand Prix,Kevin Magnussen,MAG,Renault,14.0,17.0,DNF,0.0
2016,19,Mexican Grand Prix,Daniil Kvyat,KVY,Toro Rosso,18.0,18.0,DNF,0.0
2016,19,Mexican Grand Prix,Esteban Gutiérrez,GUT,Haas F1 Team,17.0,19.0,DNF,0.0
2016,19,Mexican Grand Prix,Romain Grosjean,GRO,Haas F1 Team,22.0,20.0,DNF,0.0
2016,19,Mexican Grand Prix,Esteban Ocon,OCO,Manor Marussia,20.0,21.0,DNF,0.0
2016,19,Mexican Grand Prix,Pascal Wehrlein,WEH,Manor Marussia,16.0,22.0,DNF,0.0
2016,20,Brazilian Grand Prix,Lewis Hamilton,HAM,Mercedes,1.0,1.0,Finished,25.0
2016,20,Brazilian Grand Prix,Nico Rosberg,ROS,Mercedes,2.0,2.0,Finished,18.0
2016,20,Brazilian Grand Prix,Max Verstappen,VER,Red Bull,4.0,3.0,Finished,15.0
2016,20,Brazilian Grand Prix,Sergio Pérez,PER,Force India,9.0,4.0,Finished,12.0
2016,20,Brazilian Grand Prix,Sebastian Vettel,VET,Ferrari,5.0,5.0,Finished,10.0
2016,20,Brazilian Grand Prix,Carlos Sainz,SAI,Toro Rosso,15.0,6.0,Finished,8.0
2016,20,Brazilian Grand Prix,Nico Hülkenberg,HUL,Force India,8.0,7.0,Finished,6.0
2016,20,Brazilian Grand Prix,Daniel Ricciardo,RIC,Red Bull,6.0,8.0,Finished,4.0
2016,20,Brazilian Grand Prix,Felipe Nasr,NAS,Sauber,21.0,9.0,Finished,2.0
2016,20,Brazilian Grand Prix,Fernando Alonso,ALO,McLaren,10.0,10.0,Finished,1.0
2016,20,Brazilian Grand Prix,Valtteri Bottas,BOT,Williams,11.0,11.0,Finished,0.0
2016,20,Brazilian Grand Prix,Esteban Ocon,OCO,Manor Marussia,22.0,12.0,Finished,0.0
2016,20,Brazilian Grand Prix,Daniil Kvyat,KVY,Toro Rosso,14.0,13.0,Finished,0.0
2016,20,Brazilian Grand Prix,Kevin Magnussen,MAG,Renault,18.0,14.0,Finished,0.0
2016,20,Brazilian Grand Prix,Pascal Wehrlein,WEH,Manor Marussia,19.0,15.0,Finished,0.0
2016,20,Brazilian Grand Prix,Jenson Button,BUT,McLaren,17.0,16.0,Finished,0.0
2016,20,Brazilian Grand Prix,Esteban Gutiérrez,GUT,Haas F1 Team,12.0,17.0,DNF,0.0
2016,20,Brazilian Grand Prix,Felipe Massa,MAS,Williams,13.0,18.0,DNF,0.0
2016,20,Brazilian Grand Prix,Jolyon Palmer,PAL,Renault,16.0,19.0,DNF,0.0
2016,20,Brazilian Grand Prix,Kimi Räikkönen,RAI,Ferrari,3.0,20.0,DNF,0.0
2016,20,Brazilian Grand Prix,Marcus Ericsson,ERI,Sauber,20.0,21.0,DNF,0.0
2016,20,Brazilian Grand Prix,Romain Grosjean,GRO,Haas F1 Team,7.0,22.0,DNF,0.0
2016,21,Abu Dhabi Grand Prix,Lewis Hamilton,HAM,Mercedes,1.0,1.0,Finished,25.0
2016,21,Abu Dhabi Grand Prix,Nico Rosberg,ROS,Mercedes,2.0,2.0,Finished,18.0
2016,21,Abu Dhabi Grand Prix,Sebastian Vettel,VET,Ferrari,5.0,3.0,Finished,15.0
2016,21,Abu Dhabi Grand Prix,Max Verstappen,VER,Red Bull,6.0,4.0,Finished,12.0
2016,21,Abu Dhabi Grand Prix,Daniel Ricciardo,RIC,Red Bull,3.0,5.0,Finished,10.0
2016,21,Abu Dhabi Grand Prix,Kimi Räikkönen,RAI,Ferrari,4.0,6.0,Finished,8.0
2016,21,Abu Dhabi Grand Prix,Nico Hülkenberg,HUL,Force India,7.0,7.0,Finished,6.0
2016,21,Abu Dhabi Grand Prix,Sergio Pérez,PER,Force India,8.0,8.0,Finished,4.0
2016,21,Abu Dhabi Grand Prix,Felipe Massa,MAS,Williams,10.0,9.0,Finished,2.0
2016,21,Abu Dhabi Grand Prix,Fernando Alonso,ALO,McLaren,9.0,10.0,Finished,1.0
2016,21,Abu Dhabi Grand Prix,Romain Grosjean,GRO,Haas F1 Team,14.0,11.0,Finished,0.0
2016,21,Abu Dhabi Grand Prix,Esteban Gutiérrez,GUT,Haas F1 Team,13.0,12.0,Finished,0.0
2016,21,Abu Dhabi Grand Prix,Esteban Ocon,OCO,Manor Marussia,20.0,13.0,DNF,0.0
2016,21,Abu Dhabi Grand Prix,Pascal Wehrlein,WEH,Manor Marussia,16.0,14.0,DNF,0.0
2016,21,Abu Dhabi Grand Prix,Marcus Ericsson,ERI,Sauber,22.0,15.0,DNF,0.0
2016,21,Abu Dhabi Grand Prix,Felipe Nasr,NAS,Sauber,19.0,16.0,DNF,0.0
2016,21,Abu Dhabi Grand Prix,Jolyon Palmer,PAL,Renault,15.0,17.0,DNF,0.0
2016,21,Abu Dhabi Grand Prix,Carlos Sainz,SAI,Toro Rosso,21.0,18.0,DNF,0.0
2016,21,Abu Dhabi Grand Prix,Daniil Kvyat,KVY,Toro Rosso,17.0,19.0,DNF,0.0
2016,21,Abu Dhabi Grand Prix,Jenson Button,BUT,McLaren,12.0,20.0,DNF,0.0
2016,21,Abu Dhabi Grand Prix,Valtteri Bottas,BOT,Williams,11.0,21.0,DNF,0.0
2016,21,Abu Dhabi Grand Prix,Kevin Magnussen,MAG,Renault,18.0,22.0,DNF,0.0
2017,1,Australian Grand Prix,Sebastian Vettel,VET,Ferrari,2.0,1.0,Finished,25.0
2017,1,Australian Grand Prix,Lewis Hamilton,HAM,Mercedes,1.0,2.0,Finished,18.0
2017,1,Australian Grand Prix,Valtteri Bottas,BOT,Mercedes,3.0,3.0,Finished,15.0
2017,1,Australian Grand Prix,Kimi Räikkönen,RAI,Ferrari,4.0,4.0,Finished,12.0
2017,1,Australian Grand Prix,Max Verstappen,VER,Red Bull,5.0,5.0,Finished,10.0
2017,1,Australian Grand Prix,Felipe Massa,MAS,Williams,7.0,6.0,Finished,8.0
2017,1,Australian Grand Prix,Sergio Pérez,PER,Force India,10.0,7.0,DNF,6.0
2017,1,Australian Grand Prix,Carlos Sainz,SAI,Toro Rosso,8.0,8.0,DNF,4.0
2017,1,Australian Grand Prix,Daniil Kvyat,KVY,Toro Rosso,9.0,9.0,DNF,2.0
2017,1,Australian Grand Prix,Esteban Ocon,OCO,Force India,13.0,10.0,DNF,1.0
2017,1,Australian Grand Prix,Nico Hülkenberg,HUL,Renault,11.0,11.0,DNF,0.0
2017,1,Australian Grand Prix,Antonio Giovinazzi,GIO,Sauber,16.0,12.0,DNF,0.0
2017,1,Australian Grand Prix,Stoffel Vandoorne,VAN,McLaren,18.0,13.0,DNF,0.0
2017,1,Australian Grand Prix,Fernando Alonso,ALO,McLaren,12.0,14.0,DNF,0.0
2017,1,Australian Grand Prix,Kevin Magnussen,MAG,Haas F1 Team,17.0,15.0,DNF,0.0
2017,1,Australian Grand Prix,Lance Stroll,STR,Williams,20.0,16.0,DNF,0.0
2017,1,Australian Grand Prix,Daniel Ricciardo,RIC,Red Bull,0.0,17.0,DNF,0.0
2017,1,Australian Grand Prix,Marcus Ericsson,ERI,Sauber,14.0,18.0,DNF,0.0
2017,1,Australian Grand Prix,Jolyon Palmer,PAL,Renault,19.0,19.0,DNF,0.0
2017,1,Australian Grand Prix,Romain Grosjean,GRO,Haas F1 Team,6.0,20.0,DNF,0.0
2017,2,Chinese Grand Prix,Lewis Hamilton,HAM,Mercedes,1.0,1.0,Finished,25.0
2017,2,Chinese Grand Prix,Sebastian Vettel,VET,Ferrari,2.0,2.0,Finished,18.0
2017,2,Chinese Grand Prix,Max Verstappen,VER,Red Bull,16.0,3.0,Finished,15.0
2017,2,Chinese Grand Prix,Daniel Ricciardo,RIC,Red Bull,5.0,4.0,Finished,12.0
2017,2,Chinese Grand Prix,Kimi Räikkönen,RAI,Ferrari,4.0,5.0,Finished,10.0
2017,2,Chinese Grand Prix,Valtteri Bottas,BOT,Mercedes,3.0,6.0,Finished,8.0
2017,2,Chinese Grand Prix,Carlos Sainz,SAI,Toro Rosso,11.0,7.0,Finished,6.0
2017,2,Chinese Grand Prix,Kevin Magnussen,MAG,Haas F1 Team,12.0,8.0,DNF,4.0
2017,2,Chinese Grand Prix,Sergio Pérez,PER,Force India,8.0,9.0,DNF,2.0
2017,2,Chinese Grand Prix,Esteban Ocon,OCO,Force India,17.0,10.0,DNF,1.0
2017,2,Chinese Grand Prix,Romain Grosjean,GRO,Haas F1 Team,19.0,11.0,DNF,0.0
2017,2,Chinese Grand Prix,Nico Hülkenberg,HUL,Renault,7.0,12.0,DNF,0.0
2017,2,Chinese Grand Prix,Jolyon Palmer,PAL,Renault,20.0,13.0,DNF,0.0
2017,2,Chinese Grand Prix,Felipe Massa,MAS,Williams,6.0,14.0,DNF,0.0
2017,2,Chinese Grand Prix,Marcus Ericsson,ERI,Sauber,14.0,15.0,DNF,0.0
2017,2,Chinese Grand Prix,Fernando Alonso,ALO,McLaren,13.0,16.0,DNF,0.0
2017,2,Chinese Grand Prix,Daniil Kvyat,KVY,Toro Rosso,9.0,17.0,DNF,0.0
2017,2,Chinese Grand Prix,Stoffel Vandoorne,VAN,McLaren,15.0,18.0,DNF,0.0
2017,2,Chinese Grand Prix,Antonio Giovinazzi,GIO,Sauber,18.0,19.0,DNF,0.0
2017,2,Chinese Grand Prix,Lance Stroll,STR,Williams,10.0,20.0,DNF,0.0
2017,3,Bahrain Grand Prix,Sebastian Vettel,VET,Ferrari,3.0,1.0,Finished,25.0
2017,3,Bahrain Grand Prix,Lewis Hamilton,HAM,Mercedes,2.0,2.0,Finished,18.0
2017,3,Bahrain Grand Prix,Valtteri Bottas,BOT,Mercedes,1.0,3.0,Finished,15.0
2017,3,Bahrain Grand Prix,Kimi Räikkönen,RAI,Ferrari,5.0,4.0,Finished,12.0
2017,3,Bahrain Grand Prix,Daniel Ricciardo,RIC,Red Bull,4.0,5.0,Finished,10.0
2017,3,Bahrain Grand Prix,Felipe Massa,MAS,Williams,8.0,6.0,Finished,8.0
2017,3,Bahrain Grand Prix,Sergio Pérez,PER,Force India,18.0,7.0,Finished,6.0
2017,3,Bahrain Grand Prix,Romain Grosjean,GRO,Haas F1 Team,9.0,8.0,Finished,4.0
2017,3,Bahrain Grand Prix,Nico Hülkenberg,HUL,Renault,7.0,9.0,Finished,2.0
2017,3,Bahrain Grand Prix,Esteban Ocon,OCO,Force India,14.0,10.0,Finished,1.0
2017,3,Bahrain Grand Prix,Pascal Wehrlein,WEH,Sauber,13.0,11.0,DNF,0.0
2017,3,Bahrain Grand Prix,Daniil Kvyat,KVY,Toro Rosso,11.0,12.0,DNF,0.0
2017,3,Bahrain Grand Prix,Jolyon Palmer,PAL,Renault,10.0,13.0,DNF,0.0
2017,3,Bahrain Grand Prix,Fernando Alonso,ALO,McLaren,15.0,14.0,DNF,0.0
2017,3,Bahrain Grand Prix,Marcus Ericsson,ERI,Sauber,19.0,15.0,DNF,0.0
2017,3,Bahrain Grand Prix,Carlos Sainz,SAI,Toro Rosso,16.0,16.0,DNF,0.0
2017,3,Bahrain Grand Prix,Lance Stroll,STR,Williams,12.0,17.0,DNF,0.0
2017,3,Bahrain Grand Prix,Max Verstappen,VER,Red Bull,6.0,18.0,DNF,0.0
2017,3,Bahrain Grand Prix,Kevin Magnussen,MAG,Haas F1 Team,20.0,19.0,DNF,0.0
2017,3,Bahrain Grand Prix,Stoffel Vandoorne,VAN,McLaren,17.0,20.0,DNF,0.0
2017,4,Russian Grand Prix,Valtteri Bottas,BOT,Mercedes,3.0,1.0,Finished,25.0
2017,4,Russian Grand Prix,Sebastian Vettel,VET,Ferrari,1.0,2.0,Finished,18.0
2017,4,Russian Grand Prix,Kimi Räikkönen,RAI,Ferrari,2.0,3.0,Finished,15.0
2017,4,Russian Grand Prix,Lewis Hamilton,HAM,Mercedes,4.0,4.0,Finished,12.0
2017,4,Russian Grand Prix,Max Verstappen,VER,Red Bull,7.0,5.0,Finished,10.0
2017,4,Russian Grand Prix,Sergio Pérez,PER,Force India,9.0,6.0,Finished,8.0
2017,4,Russian Grand Prix,Esteban Ocon,OCO,Force India,10.0,7.0,Finished,6.0
2017,4,Russian Grand Prix,Nico Hülkenberg,HUL,Renault,8.0,8.0,Finished,4.0
2017,4,Russian Grand Prix,Felipe Massa,MAS,Williams,6.0,9.0,DNF,2.0
2017,4,Russian Grand Prix,Carlos Sainz,SAI,Toro Rosso,14.0,10.0,DNF,1.0
2017,4,Russian Grand Prix,Lance Stroll,STR,Williams,11.0,11.0,DNF,0.0
2017,4,Russian Grand Prix,Daniil Kvyat,KVY,Toro Rosso,12.0,12.0,DNF,0.0
2017,4,Russian Grand Prix,Kevin Magnussen,MAG,Haas F1 Team,13.0,13.0,DNF,0.0
2017,4,Russian Grand Prix,Stoffel Vandoorne,VAN,McLaren,20.0,14.0,DNF,0.0
2017,4,Russian Grand Prix,Marcus Ericsson,ERI,Sauber,18.0,15.0,DNF,0.0
2017,4,Russian Grand Prix,Pascal Wehrlein,WEH,Sauber,17.0,16.0,DNF,0.0
2017,4,Russian Grand Prix,Daniel Ricciardo,RIC,Red Bull,5.0,17.0,DNF,0.0
2017,4,Russian Grand Prix,Jolyon Palmer,PAL,Renault,16.0,18.0,DNF,0.0
2017,4,Russian Grand Prix,Romain Grosjean,GRO,Haas F1 Team,19.0,19.0,DNF,0.0
2017,4,Russian Grand Prix,Fernando Alonso,ALO,McLaren,15.0,20.0,DNF,0.0
2017,5,Spanish Grand Prix,Lewis Hamilton,HAM,Mercedes,1.0,1.0,Finished,25.0
2017,5,Spanish Grand Prix,Sebastian Vettel,VET,Ferrari,2.0,2.0,Finished,18.0
2017,5,Spanish Grand Prix,Daniel Ricciardo,RIC,Red Bull,6.0,3.0,Finished,15.0
2017,5,Spanish Grand Prix,Sergio Pérez,PER,Force India,8.0,4.0,DNF,12.0
2017,5,Spanish Grand Prix,Esteban Ocon,OCO,Force India,10.0,5.0,DNF,10.0
2017,5,Spanish Grand Prix,Nico Hülkenberg,HUL,Renault,13.0,6.0,DNF,8.0
2017,5,Spanish Grand Prix,Carlos Sainz,SAI,Toro Rosso,12.0,7.0,DNF,6.0
2017,5,Spanish Grand Prix,Pascal Wehrlein,WEH,Sauber,15.0,8.0,DNF,4.0
2017,5,Spanish Grand Prix,Daniil Kvyat,KVY,Toro Rosso,19.0,9.0,DNF,2.0
2017,5,Spanish Grand Prix,Romain Grosjean,GRO,Haas F1 Team,14.0,10.0,DNF,1.0
2017,5,Spanish Grand Prix,Marcus Ericsson,ERI,Sauber,16.0,11.0,DNF,0.0
2017,5,Spanish Grand Prix,Fernando Alonso,ALO,McLaren,7.0,12.0,DNF,0.0
2017,5,Spanish Grand Prix,Felipe Massa,MAS,Williams,9.0,13.0,DNF,0.0
2017,5,Spanish Grand Prix,Kevin Magnussen,MAG,Haas F1 Team,11.0,14.0,DNF,0.0
2017,5,Spanish Grand Prix,Jolyon Palmer,PAL,Renault,17.0,15.0,DNF,0.0
2017,5,Spanish Grand Prix,Lance Stroll,STR,Williams,18.0,16.0,DNF,0.0
2017,5,Spanish Grand Prix,Valtteri Bottas,BOT,Mercedes,3.0,17.0,DNF,0.0
2017,5,Spanish Grand Prix,Stoffel Vandoorne,VAN,McLaren,20.0,18.0,DNF,0.0
2017,5,Spanish Grand Prix,Max Verstappen,VER,Red Bull,5.0,19.0,DNF,0.0
2017,5,Spanish Grand Prix,Kimi Räikkönen,RAI,Ferrari,4.0,20.0,DNF,0.0
2017,6,Monaco Grand Prix,Sebastian Vettel,VET,Ferrari,2.0,1.0,Finished,25.0
2017,6,Monaco Grand Prix,Kimi Räikkönen,RAI,Ferrari,1.0,2.0,Finished,18.0
2017,6,Monaco Grand Prix,Daniel Ricciardo,RIC,Red Bull,5.0,3.0,Finished,15.0
2017,6,Monaco Grand Prix,Valtteri Bottas,BOT,Mercedes,3.0,4.0,Finished,12.0
2017,6,Monaco Grand Prix,Max Verstappen,VER,Red Bull,4.0,5.0,Finished,10.0
2017,6,Monaco Grand Prix,Carlos Sainz,SAI,Toro Rosso,6.0,6.0,Finished,8.0
2017,6,Monaco Grand Prix,Lewis Hamilton,HAM,Mercedes,13.0,7.0,Finished,6.0
2017,6,Monaco Grand Prix,Romain Grosjean,GRO,Haas F1 Team,8.0,8.0,Finished,4.0
2017,6,Monaco Grand Prix,Felipe Massa,MAS,Williams,14.0,9.0,Finished,2.0
2017,6,Monaco Grand Prix,Kevin Magnussen,MAG,Haas F1 Team,11.0,10.0,Finished,1.0
2017,6,Monaco Grand Prix,Jolyon Palmer,PAL,Renault,16.0,11.0,Finished,0.0
2017,6,Monaco Grand Prix,Esteban Ocon,OCO,Force India,15.0,12.0,Finished,0.0
2017,6,Monaco Grand Prix,Sergio Pérez,PER,Force India,7.0,13.0,Finished,0.0
2017,6,Monaco Grand Prix,Daniil Kvyat,KVY,Toro Rosso,9.0,14.0,DNF,0.0
2017,6,Monaco Grand Prix,Lance Stroll,STR,Williams,17.0,15.0,DNF,0.0
2017,6,Monaco Grand Prix,Stoffel Vandoorne,VAN,McLaren,12.0,16.0,DNF,0.0
2017,6,Monaco Grand Prix,Marcus Ericsson,ERI,Sauber,19.0,17.0,DNF,0.0
2017,6,Monaco Grand Prix,Jenson Button,BUT,McLaren,20.0,18.0,DNF,0.0
2017,6,Monaco Grand Prix,Pascal Wehrlein,WEH,Sauber,18.0,19.0,DNF,0.0
2017,6,Monaco Grand Prix,Nico Hülkenberg,HUL,Renault,10.0,20.0,DNF,0.0
2017,7,Canadian Grand Prix,Lewis Hamilton,HAM,Mercedes,1.0,1.0,Finished,25.0
2017,7,Canadian Grand Prix,Valtteri Bottas,BOT,Mercedes,3.0,2.0,Finished,18.0
2017,7,Canadian Grand Prix,Daniel Ricciardo,RIC,Red Bull,6.0,3.0,Finished,15.0
2017,7,Canadian Grand Prix,Sebastian Vettel,VET,Ferrari,2.0,4.0,Finished,12.0
2017,7,Canadian Grand Prix,Sergio Pérez,PER,Force India,8.0,5.0,Finished,10.0
2017,7,Canadian Grand Prix,Esteban Ocon,OCO,Force India,9.0,6.0,Finished,8.0
2017,7,Canadian Grand Prix,Kimi Räikkönen,RAI,Ferrari,4.0,7.0,Finished,6.0
2017,7,Canadian Grand Prix,Nico Hülkenberg,HUL,Renault,10.0,8.0,Finished,4.0
2017,7,Canadian Grand Prix,Lance Stroll,STR,Williams,17.0,9.0,DNF,2.0
2017,7,Canadian Grand Prix,Romain Grosjean,GRO,Haas F1 Team,14.0,10.0,DNF,1.0
2017,7,Canadian Grand Prix,Jolyon Palmer,PAL,Renault,15.0,11.0,DNF,0.0
2017,7,Canadian Grand Prix,Kevin Magnussen,MAG,Haas F1 Team,18.0,12.0,DNF,0.0
2017,7,Canadian Grand Prix,Marcus Ericsson,ERI,Sauber,19.0,13.0,DNF,0.0
2017,7,Canadian Grand Prix,Stoffel Vandoorne,VAN,McLaren,16.0,14.0,DNF,0.0
2017,7,Canadian Grand Prix,Pascal Wehrlein,WEH,Sauber,20.0,15.0,DNF,0.0
2017,7,Canadian Grand Prix,Fernando Alonso,ALO,McLaren,12.0,16.0,DNF,0.0
2017,7,Canadian Grand Prix,Daniil Kvyat,KVY,Toro Rosso,11.0,17.0,DNF,0.0
2017,7,Canadian Grand Prix,Max Verstappen,VER,Red Bull,5.0,18.0,DNF,0.0
2017,7,Canadian Grand Prix,Felipe Massa,MAS,Williams,7.0,19.0,DNF,0.0
2017,7,Canadian Grand Prix,Carlos Sainz,SAI,Toro Rosso,13.0,20.0,DNF,0.0
2017,8,Azerbaijan Grand Prix,Daniel Ricciardo,RIC,Red Bull,10.0,1.0,Finished,25.0
2017,8,Azerbaijan Grand Prix,Valtteri Bottas,BOT,Mercedes,2.0,2.0,Finished,18.0
2017,8,Azerbaijan Grand Prix,Lance Stroll,STR,Williams,8.0,3.0,Finished,15.0
2017,8,Azerbaijan Grand Prix,Sebastian Vettel,VET,Ferrari,4.0,4.0,Finished,12.0
2017,8,Azerbaijan Grand Prix,Lewis Hamilton,HAM,Mercedes,1.0,5.0,Finished,10.0
2017,8,Azerbaijan Grand Prix,Esteban Ocon,OCO,Force India,7.0,6.0,Finished,8.0
2017,8,Azerbaijan Grand Prix,Kevin Magnussen,MAG,Haas F1 Team,12.0,7.0,Finished,6.0
2017,8,Azerbaijan Grand Prix,Carlos Sainz,SAI,Toro Rosso,15.0,8.0,Finished,4.0
2017,8,Azerbaijan Grand Prix,Fernando Alonso,ALO,McLaren,19.0,9.0,Finished,2.0
2017,8,Azerbaijan Grand Prix,Pascal Wehrlein,WEH,Sauber,14.0,10.0,Finished,1.0
2017,8,Azerbaijan Grand Prix,Marcus Ericsson,ERI,Sauber,17.0,11.0,Finished,0.0
2017,8,Azerbaijan Grand Prix,Stoffel Vandoorne,VAN,McLaren,18.0,12.0,Finished,0.0
2017,8,Azerbaijan Grand Prix,Romain Grosjean,GRO,Haas F1 Team,16.0,13.0,DNF,0.0
2017,8,Azerbaijan Grand Prix,Kimi Räikkönen,RAI,Ferrari,3.0,14.0,DNF,0.0
2017,8,Azerbaijan Grand Prix,Sergio Pérez,PER,Force India,6.0,15.0,DNF,0.0
2017,8,Azerbaijan Grand Prix,Felipe Massa,MAS,Williams,9.0,16.0,DNF,0.0
2017,8,Azerbaijan Grand Prix,Nico Hülkenberg,HUL,Renault,13.0,17.0,DNF,0.0
2017,8,Azerbaijan Grand Prix,Max Verstappen,VER,Red Bull,5.0,18.0,DNF,0.0
2017,8,Azerbaijan Grand Prix,Daniil Kvyat,KVY,Toro Rosso,11.0,19.0,DNF,0.0
2017,8,Azerbaijan Grand Prix,Jolyon Palmer,PAL,Renault,20.0,20.0,DNF,0.0
2017,9,Austrian Grand Prix,Valtteri Bottas,BOT,Mercedes,1.0,1.0,Finished,25.0
2017,9,Austrian Grand Prix,Sebastian Vettel,VET,Ferrari,2.0,2.0,Finished,18.0
2017,9,Austrian Grand Prix,Daniel Ricciardo,RIC,Red Bull,4.0,3.0,Finished,15.0
2017,9,Austrian Grand Prix,Lewis Hamilton,HAM,Mercedes,8.0,4.0,Finished,12.0
2017,9,Austrian Grand Prix,Kimi Räikkönen,RAI,Ferrari,3.0,5.0,Finished,10.0
2017,9,Austrian Grand Prix,Romain Grosjean,GRO,Haas F1 Team,6.0,6.0,Finished,8.0
2017,9,Austrian Grand Prix,Sergio Pérez,PER,Force India,7.0,7.0,DNF,6.0
2017,9,Austrian Grand Prix,Esteban Ocon,OCO,Force India,9.0,8.0,DNF,4.0
2017,9,Austrian Grand Prix,Felipe Massa,MAS,Williams,17.0,9.0,DNF,2.0
2017,9,Austrian Grand Prix,Lance Stroll,STR,Williams,18.0,10.0,DNF,1.0
2017,9,Austrian Grand Prix,Jolyon Palmer,PAL,Renault,16.0,11.0,DNF,0.0
2017,9,Austrian Grand Prix,Stoffel Vandoorne,VAN,McLaren,13.0,12.0,DNF,0.0
2017,9,Austrian Grand Prix,Nico Hülkenberg,HUL,Renault,11.0,13.0,DNF,0.0
2017,9,Austrian Grand Prix,Pascal Wehrlein,WEH,Sauber,20.0,14.0,DNF,0.0
2017,9,Austrian Grand Prix,Marcus Ericsson,ERI,Sauber,19.0,15.0,DNF,0.0
2017,9,Austrian Grand Prix,Daniil Kvyat,KVY,Toro Rosso,14.0,16.0,DNF,0.0
2017,9,Austrian Grand Prix,Carlos Sainz,SAI,Toro Rosso,10.0,17.0,DNF,0.0
2017,9,Austrian Grand Prix,Kevin Magnussen,MAG,Haas F1 Team,15.0,18.0,DNF,0.0
2017,9,Austrian Grand Prix,Fernando Alonso,ALO,McLaren,12.0,19.0,DNF,0.0
2017,9,Austrian Grand Prix,Max Verstappen,VER,Red Bull,5.0,20.0,DNF,0.0
2017,10,British Grand Prix,Lewis Hamilton,HAM,Mercedes,1.0,1.0,Finished,25.0
2017,10,British Grand Prix,Valtteri Bottas,BOT,Mercedes,9.0,2.0,Finished,18.0
2017,10,British Grand Prix,Kimi Räikkönen,RAI,Ferrari,2.0,3.0,Finished,15.0
2017,10,British Grand Prix,Max Verstappen,VER,Red Bull,4.0,4.0,Finished,12.0
2017,10,British Grand Prix,Daniel Ricciardo,RIC,Red Bull,19.0,5.0,Finished,10.0
2017,10,British Grand Prix,Nico Hülkenberg,HUL,Renault,5.0,6.0,Finished,8.0
2017,10,British Grand Prix,Sebastian Vettel,VET,Ferrari,3.0,7.0,Finished,6.0
2017,10,British Grand Prix,Esteban Ocon,OCO,Force India,7.0,8.0,DNF,4.0
2017,10,British Grand Prix,Sergio Pérez,PER,Force India,6.0,9.0,DNF,2.0
2017,10,British Grand Prix,Felipe Massa,MAS,Williams,14.0,10.0,DNF,1.0
2017,10,British Grand Prix,Stoffel Vandoorne,VAN,McLaren,8.0,11.0,DNF,0.0
2017,10,British Grand Prix,Kevin Magnussen,MAG,Haas F1 Team,16.0,12.0,DNF,0.0
2017,10,British Grand Prix,Romain Grosjean,GRO,Haas F1 Team,10.0,13.0,DNF,0.0
2017,10,British Grand Prix,Marcus Ericsson,ERI,Sauber,18.0,14.0,DNF,0.0
2017,10,British Grand Prix,Daniil Kvyat,KVY,Toro Rosso,12.0,15.0,DNF,0.0
2017,10,British Grand Prix,Lance Stroll,STR,Williams,15.0,16.0,DNF,0.0
2017,10,British Grand Prix,Pascal Wehrlein,WEH,Sauber,17.0,17.0,DNF,0.0
2017,10,British Grand Prix,Fernando Alonso,ALO,McLaren,20.0,18.0,DNF,0.0
2017,10,British Grand Prix,Carlos Sainz,SAI,Toro Rosso,13.0,19.0,DNF,0.0
2017,10,British Grand Prix,Jolyon Palmer,PAL,Renault,11.0,20.0,DNF,0.0
2017,11,Hungarian Grand Prix,Sebastian Vettel,VET,Ferrari,1.0,1.0,Finished,25.0
2017,11,Hungarian Grand Prix,Kimi Räikkönen,RAI,Ferrari,2.0,2.0,Finished,18.0
2017,11,Hungarian Grand Prix,Valtteri Bottas,BOT,Mercedes,3.0,3.0,Finished,15.0
2017,11,Hungarian Grand Prix,Lewis Hamilton,HAM,Mercedes,4.0,4.0,Finished,12.0
2017,11,Hungarian Grand Prix,Max Verstappen,VER,Red Bull,5.0,5.0,Finished,10.0
2017,11,Hungarian Grand Prix,Fernando Alonso,ALO,McLaren,7.0,6.0,Finished,8.0
2017,11,Hungarian Grand Prix,Carlos Sainz,SAI,Toro Rosso,9.0,7.0,DNF,6.0
2017,11,Hungarian Grand Prix,Sergio Pérez,PER,Force India,13.0,8.0,DNF,4.0
2017,11,Hungarian Grand Prix,Esteban Ocon,OCO,Force India,11.0,9.0,DNF,2.0
2017,11,Hungarian Grand Prix,Stoffel Vandoorne,VAN,McLaren,8.0,10.0,DNF,1.0
2017,11,Hungarian Grand Prix,Daniil Kvyat,KVY,Toro Rosso,16.0,11.0,DNF,0.0
2017,11,Hungarian Grand Prix,Jolyon Palmer,PAL,Renault,10.0,12.0,DNF,0.0
2017,11,Hungarian Grand Prix,Kevin Magnussen,MAG,Haas F1 Team,15.0,13.0,DNF,0.0
2017,11,Hungarian Grand Prix,Lance Stroll,STR,Williams,17.0,14.0,DNF,0.0
2017,11,Hungarian Grand Prix,Pascal Wehrlein,WEH,Sauber,18.0,15.0,DNF,0.0
2017,11,Hungarian Grand Prix,Marcus Ericsson,ERI,Sauber,20.0,16.0,DNF,0.0
2017,11,Hungarian Grand Prix,Nico Hülkenberg,HUL,Renault,12.0,17.0,DNF,0.0
2017,11,Hungarian Grand Prix,Paul di Resta,DIR,Williams,19.0,18.0,DNF,0.0
2017,11,Hungarian Grand Prix,Romain Grosjean,GRO,Haas F1 Team,14.0,19.0,DNF,0.0
2017,11,Hungarian Grand Prix,Daniel Ricciardo,RIC,Red Bull,6.0,20.0,DNF,0.0
2017,12,Belgian Grand Prix,Lewis Hamilton,HAM,Mercedes,1.0,1.0,Finished,25.0
2017,12,Belgian Grand Prix,Sebastian Vettel,VET,Ferrari,2.0,2.0,Finished,18.0
2017,12,Belgian Grand Prix,Daniel Ricciardo,RIC,Red Bull,6.0,3.0,Finished,15.0
2017,12,Belgian Grand Prix,Kimi Räikkönen,RAI,Ferrari,4.0,4.0,Finished,12.0
2017,12,Belgian Grand Prix,Valtteri Bottas,BOT,Mercedes,3.0,5.0,Finished,10.0
2017,12,Belgian Grand Prix,Nico Hülkenberg,HUL,Renault,7.0,6.0,Finished,8.0
2017,12,Belgian Grand Prix,Romain Grosjean,GRO,Haas F1 Team,11.0,7.0,Finished,6.0
2017,12,Belgian Grand Prix,Felipe Massa,MAS,Williams,16.0,8.0,Finished,4.0
2017,12,Belgian Grand Prix,Esteban Ocon,OCO,Force India,9.0,9.0,Finished,2.0
2017,12,Belgian Grand Prix,Carlos Sainz,SAI,Toro Rosso,13.0,10.0,Finished,1.0
2017,12,Belgian Grand Prix,Lance Stroll,STR,Williams,15.0,11.0,Finished,0.0
2017,12,Belgian Grand Prix,Daniil Kvyat,KVY,Toro Rosso,19.0,12.0,Finished,0.0
2017,12,Belgian Grand Prix,Jolyon Palmer,PAL,Renault,14.0,13.0,Finished,0.0
2017,12,Belgian Grand Prix,Stoffel Vandoorne,VAN,McLaren,20.0,14.0,Finished,0.0
2017,12,Belgian Grand Prix,Kevin Magnussen,MAG,Haas F1 Team,12.0,15.0,Finished,0.0
2017,12,Belgian Grand Prix,Marcus Ericsson,ERI,Sauber,17.0,16.0,Finished,0.0
2017,12,Belgian Grand Prix,Sergio Pérez,PER,Force India,8.0,17.0,DNF,0.0
2017,12,Belgian Grand Prix,Fernando Alonso,ALO,McLaren,10.0,18.0,DNF,0.0
2017,12,Belgian Grand Prix,Max Verstappen,VER,Red Bull,5.0,19.0,DNF,0.0
2017,12,Belgian Grand Prix,Pascal Wehrlein,WEH,Sauber,18.0,20.0,DNF,0.0
2017,13,Italian Grand Prix,Lewis Hamilton,HAM,Mercedes,1.0,1.0,Finished,25.0
2017,13,Italian Grand Prix,Valtteri Bottas,BOT,Mercedes,4.0,2.0,Finished,18.0
2017,13,Italian Grand Prix,Sebastian Vettel,VET,Ferrari,6.0,3.0,Finished,15.0
2017,13,Italian Grand Prix,Daniel Ricciardo,RIC,Red Bull,16.0,4.0,Finished,12.0
2017,13,Italian Grand Prix,Kimi Räikkönen,RAI,Ferrari,5.0,5.0,Finished,10.0
2017,13,Italian Grand Prix,Esteban Ocon,OCO,Force India,3.0,6.0,Finished,8.0
2017,13,Italian Grand Prix,Lance Stroll,STR,Williams,2.0,7.0,Finished,6.0
2017,13,Italian Grand Prix,Felipe Massa,MAS,Williams,7.0,8.0,Finished,4.0
2017,13,Italian Grand Prix,Sergio Pérez,PER,Force India,10.0,9.0,Finished,2.0
2017,13,Italian Grand Prix,Max Verstappen,VER,Red Bull,13.0,10.0,DNF,1.0
2017,13,Italian Grand Prix,Kevin Magnussen,MAG,Haas F1 Team,9.0,11.0,DNF,0.0
2017,13,Italian Grand Prix,Daniil Kvyat,KVY,Toro Rosso,8.0,12.0,DNF,0.0
2017,13,Italian Grand Prix,Nico Hülkenberg,HUL,Renault,14.0,13.0,DNF,0.0
2017,13,Italian Grand Prix,Carlos Sainz,SAI,Toro Rosso,15.0,14.0,DNF,0.0
2017,13,Italian Grand Prix,Romain Grosjean,GRO,Haas F1 Team,20.0,15.0,DNF,0.0
2017,13,Italian Grand Prix,Pascal Wehrlein,WEH,Sauber,12.0,16.0,DNF,0.0
2017,13,Italian Grand Prix,Fernando Alonso,ALO,McLaren,19.0,17.0,DNF,0.0
2017,13,Italian Grand Prix,Marcus Ericsson,ERI,Sauber,11.0,18.0,DNF,0.0
2017,13,Italian Grand Prix,Stoffel Vandoorne,VAN,McLaren,18.0,19.0,DNF,0.0
2017,13,Italian Grand Prix,Jolyon Palmer,PAL,Renault,17.0,20.0,DNF,0.0
2017,14,Singapore Grand Prix,Lewis Hamilton,HAM,Mercedes,5.0,1.0,Finished,25.0
2017,14,Singapore Grand Prix,Daniel Ricciardo,RIC,Red Bull,3.0,2.0,Finished,18.0
2017,14,Singapore Grand Prix,Valtteri Bottas,BOT,Mercedes,6.0,3.0,Finished,15.0
2017,14,Singapore Grand Prix,Carlos Sainz,SAI,Toro Rosso,10.0,4.0,Finished,12.0
2017,14,Singapore Grand Prix,Sergio Pérez,PER,Force India,12.0,5.0,Finished,10.0
2017,14,Singapore Grand Prix,Jolyon Palmer,PAL,Renault,11.0,6.0,Finished,8.0
2017,14,Singapore Grand Prix,Stoffel Vandoorne,VAN,McLaren,9.0,7.0,Finished,6.0
2017,14,Singapore Grand Prix,Lance Stroll,STR,Williams,18.0,8.0,Finished,4.0
2017,14,Singapore Grand Prix,Romain Grosjean,GRO,Haas F1 Team,15.0,9.0,Finished,2.0
2017,14,Singapore Grand Prix,Esteban Ocon,OCO,Force India,14.0,10.0,Finished,1.0
2017,14,Singapore Grand Prix,Felipe Massa,MAS,Williams,17.0,11.0,Finished,0.0
2017,14,Singapore Grand Prix,Pascal Wehrlein,WEH,Sauber,19.0,12.0,DNF,0.0
2017,14,Singapore Grand Prix,Kevin Magnussen,MAG,Haas F1 Team,16.0,13.0,DNF,0.0
2017,14,Singapore Grand Prix,Nico Hülkenberg,HUL,Renault,7.0,14.0,DNF,0.0
2017,14,Singapore Grand Prix,Marcus Ericsson,ERI,Sauber,20.0,15.0,DNF,0.0
2017,14,Singapore Grand Prix,Daniil Kvyat,KVY,Toro Rosso,13.0,16.0,DNF,0.0
2017,14,Singapore Grand Prix,Fernando Alonso,ALO,McLaren,8.0,17.0,DNF,0.0
2017,14,Singapore Grand Prix,Sebastian Vettel,VET,Ferrari,1.0,18.0,DNF,0.0
2017,14,Singapore Grand Prix,Max Verstappen,VER,Red Bull,2.0,19.0,DNF,0.0
2017,14,Singapore Grand Prix,Kimi Räikkönen,RAI,Ferrari,4.0,20.0,DNF,0.0
2017,15,Malaysian Grand Prix,Max Verstappen,VER,Red Bull,3.0,1.0,Finished,25.0
2017,15,Malaysian Grand Prix,Lewis Hamilton,HAM,Mercedes,1.0,2.0,Finished,18.0
2017,15,Malaysian Grand Prix,Daniel Ricciardo,RIC,Red Bull,4.0,3.0,Finished,15.0
2017,15,Malaysian Grand Prix,Sebastian Vettel,VET,Ferrari,20.0,4.0,Finished,12.0
2017,15,Malaysian Grand Prix,Valtteri Bottas,BOT,Mercedes,5.0,5.0,Finished,10.0
2017,15,Malaysian Grand Prix,Sergio Pérez,PER,Force India,9.0,6.0,Finished,8.0
2017,15,Malaysian Grand Prix,Stoffel Vandoorne,VAN,McLaren,7.0,7.0,DNF,6.0
2017,15,Malaysian Grand Prix,Lance Stroll,STR,Williams,13.0,8.0,DNF,4.0
2017,15,Malaysian Grand Prix,Felipe Massa,MAS,Williams,11.0,9.0,DNF,2.0
2017,15,Malaysian Grand Prix,Esteban Ocon,OCO,Force India,6.0,10.0,DNF,1.0
2017,15,Malaysian Grand Prix,Fernando Alonso,ALO,McLaren,10.0,11.0,DNF,0.0
2017,15,Malaysian Grand Prix,Kevin Magnussen,MAG,Haas F1 Team,17.0,12.0,DNF,0.0
2017,15,Malaysian Grand Prix,Romain Grosjean,GRO,Haas F1 Team,16.0,13.0,DNF,0.0
2017,15,Malaysian Grand Prix,Pierre Gasly,GAS,Toro Rosso,15.0,14.0,DNF,0.0
2017,15,Malaysian Grand Prix,Jolyon Palmer,PAL,Renault,12.0,15.0,DNF,0.0
2017,15,Malaysian Grand Prix,Nico Hülkenberg,HUL,Renault,8.0,16.0,DNF,0.0
2017,15,Malaysian Grand Prix,Pascal Wehrlein,WEH,Sauber,18.0,17.0,DNF,0.0
2017,15,Malaysian Grand Prix,Marcus Ericsson,ERI,Sauber,19.0,18.0,DNF,0.0
2017,15,Malaysian Grand Prix,Carlos Sainz,SAI,Toro Rosso,14.0,19.0,DNF,0.0
2017,15,Malaysian Grand Prix,Kimi Räikkönen,RAI,Ferrari,0.0,20.0,DNF,0.0
2017,16,Japanese Grand Prix,Lewis Hamilton,HAM,Mercedes,1.0,1.0,Finished,25.0
2017,16,Japanese Grand Prix,Max Verstappen,VER,Red Bull,4.0,2.0,Finished,18.0
2017,16,Japanese Grand Prix,Daniel Ricciardo,RIC,Red Bull,3.0,3.0,Finished,15.0
2017,16,Japanese Grand Prix,Valtteri Bottas,BOT,Mercedes,6.0,4.0,Finished,12.0
2017,16,Japanese Grand Prix,Kimi Räikkönen,RAI,Ferrari,10.0,5.0,Finished,10.0
2017,16,Japanese Grand Prix,Esteban Ocon,OCO,Force India,5.0,6.0,Finished,8.0
2017,16,Japanese Grand Prix,Sergio Pérez,PER,Force India,7.0,7.0,Finished,6.0
2017,16,Japanese Grand Prix,Kevin Magnussen,MAG,Haas F1 Team,12.0,8.0,Finished,4.0
2017,16,Japanese Grand Prix,Romain Grosjean,GRO,Haas F1 Team,13.0,9.0,Finished,2.0
2017,16,Japanese Grand Prix,Felipe Massa,MAS,Williams,8.0,10.0,DNF,1.0
2017,16,Japanese Grand Prix,Fernando Alonso,ALO,McLaren,20.0,11.0,DNF,0.0
2017,16,Japanese Grand Prix,Jolyon Palmer,PAL,Renault,18.0,12.0,DNF,0.0
2017,16,Japanese Grand Prix,Pierre Gasly,GAS,Toro Rosso,14.0,13.0,DNF,0.0
2017,16,Japanese Grand Prix,Stoffel Vandoorne,VAN,McLaren,9.0,14.0,DNF,0.0
2017,16,Japanese Grand Prix,Pascal Wehrlein,WEH,Sauber,17.0,15.0,DNF,0.0
2017,16,Japanese Grand Prix,Lance Stroll,STR,Williams,15.0,16.0,DNF,0.0
2017,16,Japanese Grand Prix,Nico Hülkenberg,HUL,Renault,11.0,17.0,DNF,0.0
2017,16,Japanese Grand Prix,Marcus Ericsson,ERI,Sauber,16.0,18.0,DNF,0.0
2017,16,Japanese Grand Prix,Sebastian Vettel,VET,Ferrari,2.0,19.0,DNF,0.0
2017,16,Japanese Grand Prix,Carlos Sainz,SAI,Toro Rosso,19.0,20.0,DNF,0.0
2017,17,United States Grand Prix,Lewis Hamilton,HAM,Mercedes,1.0,1.0,Finished,25.0
2017,17,United States Grand Prix,Sebastian Vettel,VET,Ferrari,2.0,2.0,Finished,18.0
2017,17,United States Grand Prix,Kimi Räikkönen,RAI,Ferrari,5.0,3.0,Finished,15.0
2017,17,United States Grand Prix,Max Verstappen,VER,Red Bull,16.0,4.0,Finished,12.0
2017,17,United States Grand Prix,Valtteri Bottas,BOT,Mercedes,3.0,5.0,Finished,10.0
2017,17,United States Grand Prix,Esteban Ocon,OCO,Force India,6.0,6.0,Finished,8.0
2017,17,United States Grand Prix,Carlos Sainz,SAI,Renault,7.0,7.0,Finished,6.0
2017,17,United States Grand Prix,Sergio Pérez,PER,Force India,9.0,8.0,DNF,4.0
2017,17,United States Grand Prix,Felipe Massa,MAS,Williams,10.0,9.0,DNF,2.0
2017,17,United States Grand Prix,Daniil Kvyat,KVY,Toro Rosso,11.0,10.0,DNF,1.0
2017,17,United States Grand Prix,Lance Stroll,STR,Williams,15.0,11.0,DNF,0.0
2017,17,United States Grand Prix,Stoffel Vandoorne,VAN,McLaren,20.0,12.0,DNF,0.0
2017,17,United States Grand Prix,Brendon Hartley,HAR,Toro Rosso,19.0,13.0,DNF,0.0
2017,17,United States Grand Prix,Romain Grosjean,GRO,Haas F1 Team,12.0,14.0,DNF,0.0
2017,17,United States Grand Prix,Marcus Ericsson,ERI,Sauber,13.0,15.0,DNF,0.0
2017,17,United States Grand Prix,Kevin Magnussen,MAG,Haas F1 Team,17.0,16.0,DNF,0.0
2017,17,United States Grand Prix,Fernando Alonso,ALO,McLaren,8.0,17.0,DNF,0.0
2017,17,United States Grand Prix,Daniel Ricciardo,RIC,Red Bull,4.0,18.0,DNF,0.0
2017,17,United States Grand Prix,Pascal Wehrlein,WEH,Sauber,14.0,19.0,DNF,0.0
2017,17,United States Grand Prix,Nico Hülkenberg,HUL,Renault,18.0,20.0,DNF,0.0
2017,18,Mexican Grand Prix,Max Verstappen,VER,Red Bull,2.0,1.0,Finished,25.0
2017,18,Mexican Grand Prix,Valtteri Bottas,BOT,Mercedes,4.0,2.0,Finished,18.0
2017,18,Mexican Grand Prix,Kimi Räikkönen,RAI,Ferrari,5.0,3.0,Finished,15.0
2017,18,Mexican Grand Prix,Sebastian Vettel,VET,Ferrari,1.0,4.0,Finished,12.0
2017,18,Mexican Grand Prix,Esteban Ocon,OCO,Force India,6.0,5.0,DNF,10.0
2017,18,Mexican Grand Prix,Lance Stroll,STR,Williams,11.0,6.0,DNF,8.0
2017,18,Mexican Grand Prix,Sergio Pérez,PER,Force India,9.0,7.0,DNF,6.0
2017,18,Mexican Grand Prix,Kevin Magnussen,MAG,Haas F1 Team,14.0,8.0,DNF,4.0
2017,18,Mexican Grand Prix,Lewis Hamilton,HAM,Mercedes,3.0,9.0,DNF,2.0
2017,18,Mexican Grand Prix,Fernando Alonso,ALO,McLaren,18.0,10.0,DNF,1.0
2017,18,Mexican Grand Prix,Felipe Massa,MAS,Williams,10.0,11.0,DNF,0.0
2017,18,Mexican Grand Prix,Stoffel Vandoorne,VAN,McLaren,19.0,12.0,DNF,0.0
2017,18,Mexican Grand Prix,Pierre Gasly,GAS,Toro Rosso,20.0,13.0,DNF,0.0
2017,18,Mexican Grand Prix,Pascal Wehrlein,WEH,Sauber,13.0,14.0,DNF,0.0
2017,18,Mexican Grand Prix,Romain Grosjean,GRO,Haas F1 Team,15.0,15.0,DNF,0.0
2017,18,Mexican Grand Prix,Carlos Sainz,SAI,Renault,8.0,16.0,DNF,0.0
2017,18,Mexican Grand Prix,Marcus Ericsson,ERI,Sauber,12.0,17.0,DNF,0.0
2017,18,Mexican Grand Prix,Brendon Hartley,HAR,Toro Rosso,17.0,18.0,DNF,0.0
2017,18,Mexican Grand Prix,Nico Hülkenberg,HUL,Renault,7.0,19.0,DNF,0.0
2017,18,Mexican Grand Prix,Daniel Ricciardo,RIC,Red Bull,16.0,20.0,DNF,0.0
2017,19,Brazilian Grand Prix,Sebastian Vettel,VET,Ferrari,2.0,1.0,Finished,25.0
2017,19,Brazilian Grand Prix,Valtteri Bottas,BOT,Mercedes,1.0,2.0,Finished,18.0
2017,19,Brazilian Grand Prix,Kimi Räikkönen,RAI,Ferrari,3.0,3.0,Finished,15.0
2017,19,Brazilian Grand Prix,Lewis Hamilton,HAM,Mercedes,20.0,4.0,Finished,12.0
2017,19,Brazilian Grand Prix,Max Verstappen,VER,Red Bull,4.0,5.0,Finished,10.0
2017,19,Brazilian Grand Prix,Daniel Ricciardo,RIC,Red Bull,14.0,6.0,Finished,8.0
2017,19,Brazilian Grand Prix,Felipe Massa,MAS,Williams,9.0,7.0,Finished,6.0
2017,19,Brazilian Grand Prix,Fernando Alonso,ALO,McLaren,6.0,8.0,Finished,4.0
2017,19,Brazilian Grand Prix,Sergio Pérez,PER,Force India,5.0,9.0,Finished,2.0
2017,19,Brazilian Grand Prix,Nico Hülkenberg,HUL,Renault,7.0,10.0,DNF,1.0
2017,19,Brazilian Grand Prix,Carlos Sainz,SAI,Renault,8.0,11.0,DNF,0.0
2017,19,Brazilian Grand Prix,Pierre Gasly,GAS,Toro Rosso,19.0,12.0,DNF,0.0
2017,19,Brazilian Grand Prix,Marcus Ericsson,ERI,Sauber,17.0,13.0,DNF,0.0
2017,19,Brazilian Grand Prix,Pascal Wehrlein,WEH,Sauber,15.0,14.0,DNF,0.0
2017,19,Brazilian Grand Prix,Romain Grosjean,GRO,Haas F1 Team,11.0,15.0,DNF,0.0
2017,19,Brazilian Grand Prix,Lance Stroll,STR,Williams,16.0,16.0,DNF,0.0
2017,19,Brazilian Grand Prix,Brendon Hartley,HAR,Toro Rosso,18.0,17.0,DNF,0.0
2017,19,Brazilian Grand Prix,Esteban Ocon,OCO,Force India,10.0,18.0,DNF,0.0
2017,19,Brazilian Grand Prix,Stoffel Vandoorne,VAN,McLaren,12.0,19.0,DNF,0.0
2017,19,Brazilian Grand Prix,Kevin Magnussen,MAG,Haas F1 Team,13.0,20.0,DNF,0.0
2017,20,Abu Dhabi Grand Prix,Valtteri Bottas,BOT,Mercedes,1.0,1.0,Finished,25.0
2017,20,Abu Dhabi Grand Prix,Lewis Hamilton,HAM,Mercedes,2.0,2.0,Finished,18.0
2017,20,Abu Dhabi Grand Prix,Sebastian Vettel,VET,Ferrari,3.0,3.0,Finished,15.0
2017,20,Abu Dhabi Grand Prix,Kimi Räikkönen,RAI,Ferrari,5.0,4.0,Finished,12.0
2017,20,Abu Dhabi Grand Prix,Max Verstappen,VER,Red Bull,6.0,5.0,Finished,10.0
2017,20,Abu Dhabi Grand Prix,Nico Hülkenberg,HUL,Renault,7.0,6.0,Finished,8.0
2017,20,Abu Dhabi Grand Prix,Sergio Pérez,PER,Force India,8.0,7.0,Finished,6.0
2017,20,Abu Dhabi Grand Prix,Esteban Ocon,OCO,Force India,9.0,8.0,Finished,4.0
2017,20,Abu Dhabi Grand Prix,Fernando Alonso,ALO,McLaren,11.0,9.0,DNF,2.0
2017,20,Abu Dhabi Grand Prix,Felipe Massa,MAS,Williams,10.0,10.0,DNF,1.0
2017,20,Abu Dhabi Grand Prix,Romain Grosjean,GRO,Haas F1 Team,16.0,11.0,DNF,0.0
2017,20,Abu Dhabi Grand Prix,Stoffel Vandoorne,VAN,McLaren,13.0,12.0,DNF,0.0
2017,20,Abu Dhabi Grand Prix,Kevin Magnussen,MAG,Haas F1 Team,14.0,13.0,DNF,0.0
2017,20,Abu Dhabi Grand Prix,Pascal Wehrlein,WEH,Sauber,18.0,14.0,DNF,0.0
2017,20,Abu Dhabi Grand Prix,Brendon Hartley,HAR,Toro Rosso,20.0,15.0,DNF,0.0
2017,20,Abu Dhabi Grand Prix,Pierre Gasly,GAS,Toro Rosso,17.0,16.0,DNF,0.0
2017,20,Abu Dhabi Grand Prix,Marcus Ericsson,ERI,Sauber,19.0,17.0,DNF,0.0
2017,20,Abu Dhabi Grand Prix,Lance Stroll,STR,Williams,15.0,18.0,DNF,0.0
2017,20,Abu Dhabi Grand Prix,Carlos Sainz,SAI,Renault,12.0,19.0,DNF,0.0
2017,20,Abu Dhabi Grand Prix,Daniel Ricciardo,RIC,Red Bull,4.0,20.0,DNF,0.0
2018,1,Australian Grand Prix,Sebastian Vettel,VET,Ferrari,3.0,1.0,Finished,25.0
2018,1,Australian Grand Prix,Lewis Hamilton,HAM,Mercedes,1.0,2.0,Finished,18.0
2018,1,Australian Grand Prix,Kimi Räikkönen,RAI,Ferrari,2.0,3.0,Finished,15.0
2018,1,Australian Grand Prix,Daniel Ricciardo,RIC,Red Bull Racing,8.0,4.0,Finished,12.0
2018,1,Australian Grand Prix,Fernando Alonso,ALO,McLaren,10.0,5.0,Finished,10.0
2018,1,Australian Grand Prix,Max Verstappen,VER,Red Bull Racing,4.0,6.0,Finished,8.0
2018,1,Australian Grand Prix,Nico Hulkenberg,HUL,Renault,7.0,7.0,Finished,6.0
2018,1,Australian Grand Prix,Valtteri Bottas,BOT,Mercedes,15.0,8.0,Finished,4.0
2018,1,Australian Grand Prix,Stoffel Vandoorne,VAN,McLaren,11.0,9.0,Finished,2.0
2018,1,Australian Grand Prix,Carlos Sainz,SAI,Renault,9.0,10.0,Finished,1.0
2018,1,Australian Grand Prix,Sergio Perez,PER,Force India,12.0,11.0,Finished,0.0
2018,1,Australian Grand Prix,Esteban Ocon,OCO,Force India,14.0,12.0,Finished,0.0
2018,1,Australian Grand Prix,Charles Leclerc,LEC,Sauber,18.0,13.0,Finished,0.0
2018,1,Australian Grand Prix,Lance Stroll,STR,Williams,13.0,14.0,Finished,0.0
2018,1,Australian Grand Prix,Brendon Hartley,HAR,Toro Rosso,16.0,15.0,DNF,0.0
2018,1,Australian Grand Prix,Romain Grosjean,GRO,Haas F1 Team,6.0,16.0,DNF,0.0
2018,1,Australian Grand Prix,Kevin Magnussen,MAG,Haas F1 Team,5.0,17.0,DNF,0.0
2018,1,Australian Grand Prix,Pierre Gasly,GAS,Toro Rosso,20.0,18.0,DNF,0.0
2018,1,Australian Grand Prix,Marcus Ericsson,ERI,Sauber,17.0,19.0,DNF,0.0
2018,1,Australian Grand Prix,Sergey Sirotkin,SIR,Williams,19.0,20.0,DNF,0.0
2018,2,Bahrain Grand Prix,Sebastian Vettel,VET,Ferrari,1.0,1.0,Finished,25.0
2018,2,Bahrain Grand Prix,Valtteri Bottas,BOT,Mercedes,3.0,2.0,Finished,18.0
2018,2,Bahrain Grand Prix,Lewis Hamilton,HAM,Mercedes,9.0,3.0,Finished,15.0
2018,2,Bahrain Grand Prix,Pierre Gasly,GAS,Toro Rosso,5.0,4.0,Finished,12.0
2018,2,Bahrain Grand Prix,Kevin Magnussen,MAG,Haas F1 Team,6.0,5.0,Finished,10.0
2018,2,Bahrain Grand Prix,Nico Hulkenberg,HUL,Renault,7.0,6.0,Finished,8.0
2018,2,Bahrain Grand Prix,Fernando Alonso,ALO,McLaren,13.0,7.0,DNF,6.0
2018,2,Bahrain Grand Prix,Stoffel Vandoorne,VAN,McLaren,14.0,8.0,DNF,4.0
2018,2,Bahrain Grand Prix,Marcus Ericsson,ERI,Sauber,17.0,9.0,DNF,2.0
2018,2,Bahrain Grand Prix,Esteban Ocon,OCO,Force India,8.0,10.0,DNF,1.0
2018,2,Bahrain Grand Prix,Carlos Sainz,SAI,Renault,10.0,11.0,DNF,0.0
2018,2,Bahrain Grand Prix,Charles Leclerc,LEC,Sauber,19.0,12.0,DNF,0.0
2018,2,Bahrain Grand Prix,Romain Grosjean,GRO,Haas F1 Team,16.0,13.0,DNF,0.0
2018,2,Bahrain Grand Prix,Lance Stroll,STR,Williams,20.0,14.0,DNF,0.0
2018,2,Bahrain Grand Prix,Sergey Sirotkin,SIR,Williams,18.0,15.0,DNF,0.0
2018,2,Bahrain Grand Prix,Sergio Perez,PER,Force India,12.0,16.0,DNF,0.0
2018,2,Bahrain Grand Prix,Brendon Hartley,HAR,Toro Rosso,11.0,17.0,DNF,0.0
2018,2,Bahrain Grand Prix,Kimi Räikkönen,RAI,Ferrari,2.0,18.0,DNF,0.0
2018,2,Bahrain Grand Prix,Max Verstappen,VER,Red Bull Racing,15.0,19.0,DNF,0.0
2018,2,Bahrain Grand Prix,Daniel Ricciardo,RIC,Red Bull Racing,4.0,20.0,DNF,0.0
2018,3,Chinese Grand Prix,Daniel Ricciardo,RIC,Red Bull Racing,6.0,1.0,Finished,25.0
2018,3,Chinese Grand Prix,Valtteri Bottas,BOT,Mercedes,3.0,2.0,Finished,18.0
2018,3,Chinese Grand Prix,Kimi Räikkönen,RAI,Ferrari,2.0,3.0,Finished,15.0
2018,3,Chinese Grand Prix,Lewis Hamilton,HAM,Mercedes,4.0,4.0,Finished,12.0
2018,3,Chinese Grand Prix,Max Verstappen,VER,Red Bull Racing,5.0,5.0,Finished,10.0
2018,3,Chinese Grand Prix,Nico Hulkenberg,HUL,Renault,7.0,6.0,Finished,8.0
2018,3,Chinese Grand Prix,Fernando Alonso,ALO,McLaren,13.0,7.0,Finished,6.0
2018,3,Chinese Grand Prix,Sebastian Vettel,VET,Ferrari,1.0,8.0,Finished,4.0
2018,3,Chinese Grand Prix,Carlos Sainz,SAI,Renault,9.0,9.0,Finished,2.0
2018,3,Chinese Grand Prix,Kevin Magnussen,MAG,Haas F1 Team,11.0,10.0,Finished,1.0
2018,3,Chinese Grand Prix,Esteban Ocon,OCO,Force India,12.0,11.0,Finished,0.0
2018,3,Chinese Grand Prix,Sergio Perez,PER,Force India,8.0,12.0,Finished,0.0
2018,3,Chinese Grand Prix,Stoffel Vandoorne,VAN,McLaren,14.0,13.0,Finished,0.0
2018,3,Chinese Grand Prix,Lance Stroll,STR,Williams,18.0,14.0,Finished,0.0
2018,3,Chinese Grand Prix,Sergey Sirotkin,SIR,Williams,16.0,15.0,Finished,0.0
2018,3,Chinese Grand Prix,Marcus Ericsson,ERI,Sauber,20.0,16.0,Finished,0.0
2018,3,Chinese Grand Prix,Romain Grosjean,GRO,Haas F1 Team,10.0,17.0,Finished,0.0
2018,3,Chinese Grand Prix,Pierre Gasly,GAS,Toro Rosso,17.0,18.0,Finished,0.0
2018,3,Chinese Grand Prix,Charles Leclerc,LEC,Sauber,19.0,19.0,Finished,0.0
2018,3,Chinese Grand Prix,Brendon Hartley,HAR,Toro Rosso,15.0,20.0,DNF,0.0
2018,4,Azerbaijan Grand Prix,Lewis Hamilton,HAM,Mercedes,2.0,1.0,Finished,25.0
2018,4,Azerbaijan Grand Prix,Kimi Räikkönen,RAI,Ferrari,6.0,2.0,Finished,18.0
2018,4,Azerbaijan Grand Prix,Sergio Perez,PER,Force India,8.0,3.0,Finished,15.0
2018,4,Azerbaijan Grand Prix,Sebastian Vettel,VET,Ferrari,1.0,4.0,Finished,12.0
2018,4,Azerbaijan Grand Prix,Carlos Sainz,SAI,Renault,9.0,5.0,Finished,10.0
2018,4,Azerbaijan Grand Prix,Charles Leclerc,LEC,Sauber,13.0,6.0,Finished,8.0
2018,4,Azerbaijan Grand Prix,Fernando Alonso,ALO,McLaren,12.0,7.0,Finished,6.0
2018,4,Azerbaijan Grand Prix,Lance Stroll,STR,Williams,10.0,8.0,Finished,4.0
2018,4,Azerbaijan Grand Prix,Stoffel Vandoorne,VAN,McLaren,16.0,9.0,Finished,2.0
2018,4,Azerbaijan Grand Prix,Brendon Hartley,HAR,Toro Rosso,19.0,10.0,Finished,1.0
2018,4,Azerbaijan Grand Prix,Marcus Ericsson,ERI,Sauber,18.0,11.0,Finished,0.0
2018,4,Azerbaijan Grand Prix,Pierre Gasly,GAS,Toro Rosso,17.0,12.0,Finished,0.0
2018,4,Azerbaijan Grand Prix,Kevin Magnussen,MAG,Haas F1 Team,15.0,13.0,Finished,0.0
2018,4,Azerbaijan Grand Prix,Valtteri Bottas,BOT,Mercedes,3.0,14.0,DNF,0.0
2018,4,Azerbaijan Grand Prix,Romain Grosjean,GRO,Haas F1 Team,20.0,15.0,DNF,0.0
2018,4,Azerbaijan Grand Prix,Max Verstappen,VER,Red Bull Racing,5.0,16.0,DNF,0.0
2018,4,Azerbaijan Grand Prix,Daniel Ricciardo,RIC,Red Bull Racing,4.0,17.0,DNF,0.0
2018,4,Azerbaijan Grand Prix,Nico Hulkenberg,HUL,Renault,14.0,18.0,DNF,0.0
2018,4,Azerbaijan Grand Prix,Esteban Ocon,OCO,Force India,7.0,19.0,DNF,0.0
2018,4,Azerbaijan Grand Prix,Sergey Sirotkin,SIR,Williams,11.0,20.0,DNF,0.0
2018,5,Spanish Grand Prix,Lewis Hamilton,HAM,Mercedes,1.0,1.0,Finished,25.0
2018,5,Spanish Grand Prix,Valtteri Bottas,BOT,Mercedes,2.0,2.0,Finished,18.0
2018,5,Spanish Grand Prix,Max Verstappen,VER,Red Bull Racing,5.0,3.0,Finished,15.0
2018,5,Spanish Grand Prix,Sebastian Vettel,VET,Ferrari,3.0,4.0,Finished,12.0
2018,5,Spanish Grand Prix,Daniel Ricciardo,RIC,Red Bull Racing,6.0,5.0,Finished,10.0
2018,5,Spanish Grand Prix,Kevin Magnussen,MAG,Haas F1 Team,7.0,6.0,DNF,8.0
2018,5,Spanish Grand Prix,Carlos Sainz,SAI,Renault,9.0,7.0,DNF,6.0
2018,5,Spanish Grand Prix,Fernando Alonso,ALO,McLaren,8.0,8.0,DNF,4.0
2018,5,Spanish Grand Prix,Sergio Perez,PER,Force India,15.0,9.0,DNF,2.0
2018,5,Spanish Grand Prix,Charles Leclerc,LEC,Sauber,14.0,10.0,DNF,1.0
2018,5,Spanish Grand Prix,Lance Stroll,STR,Williams,18.0,11.0,DNF,0.0
2018,5,Spanish Grand Prix,Brendon Hartley,HAR,Toro Rosso,20.0,12.0,DNF,0.0
2018,5,Spanish Grand Prix,Marcus Ericsson,ERI,Sauber,17.0,13.0,DNF,0.0
2018,5,Spanish Grand Prix,Sergey Sirotkin,SIR,Williams,19.0,14.0,DNF,0.0
2018,5,Spanish Grand Prix,Stoffel Vandoorne,VAN,McLaren,11.0,15.0,DNF,0.0
2018,5,Spanish Grand Prix,Esteban Ocon,OCO,Force India,13.0,16.0,DNF,0.0
2018,5,Spanish Grand Prix,Kimi Räikkönen,RAI,Ferrari,4.0,17.0,DNF,0.0
2018,5,Spanish Grand Prix,Romain Grosjean,GRO,Haas F1 Team,10.0,18.0,DNF,0.0
2018,5,Spanish Grand Prix,Pierre Gasly,GAS,Toro Rosso,12.0,19.0,DNF,0.0
2018,5,Spanish Grand Prix,Nico Hulkenberg,HUL,Renault,16.0,20.0,DNF,0.0
2018,6,Monaco Grand Prix,Daniel Ricciardo,RIC,Red Bull Racing,1.0,1.0,Finished,25.0
2018,6,Monaco Grand Prix,Sebastian Vettel,VET,Ferrari,2.0,2.0,Finished,18.0
2018,6,Monaco Grand Prix,Lewis Hamilton,HAM,Mercedes,3.0,3.0,Finished,15.0
2018,6,Monaco Grand Prix,Kimi Räikkönen,RAI,Ferrari,4.0,4.0,Finished,12.0
2018,6,Monaco Grand Prix,Valtteri Bottas,BOT,Mercedes,5.0,5.0,Finished,10.0
2018,6,Monaco Grand Prix,Esteban Ocon,OCO,Force India,6.0,6.0,Finished,8.0
2018,6,Monaco Grand Prix,Pierre Gasly,GAS,Toro Rosso,10.0,7.0,Finished,6.0
2018,6,Monaco Grand Prix,Nico Hulkenberg,HUL,Renault,11.0,8.0,Finished,4.0
2018,6,Monaco Grand Prix,Max Verstappen,VER,Red Bull Racing,20.0,9.0,Finished,2.0
2018,6,Monaco Grand Prix,Carlos Sainz,SAI,Renault,8.0,10.0,Finished,1.0
2018,6,Monaco Grand Prix,Marcus Ericsson,ERI,Sauber,16.0,11.0,Finished,0.0
2018,6,Monaco Grand Prix,Sergio Perez,PER,Force India,9.0,12.0,Finished,0.0
2018,6,Monaco Grand Prix,Kevin Magnussen,MAG,Haas F1 Team,19.0,13.0,Finished,0.0
2018,6,Monaco Grand Prix,Stoffel Vandoorne,VAN,McLaren,12.0,14.0,DNF,0.0
2018,6,Monaco Grand Prix,Romain Grosjean,GRO,Haas F1 Team,18.0,15.0,DNF,0.0
2018,6,Monaco Grand Prix,Sergey Sirotkin,SIR,Williams,13.0,16.0,DNF,0.0
2018,6,Monaco Grand Prix,Lance Stroll,STR,Williams,17.0,17.0,DNF,0.0
2018,6,Monaco Grand Prix,Charles Leclerc,LEC,Sauber,14.0,18.0,DNF,0.0
2018,6,Monaco Grand Prix,Brendon Hartley,HAR,Toro Rosso,15.0,19.0,DNF,0.0
2018,6,Monaco Grand Prix,Fernando Alonso,ALO,McLaren,7.0,20.0,DNF,0.0
2018,7,Canadian Grand Prix,Sebastian Vettel,VET,Ferrari,1.0,1.0,Finished,25.0
2018,7,Canadian Grand Prix,Valtteri Bottas,BOT,Mercedes,2.0,2.0,Finished,18.0
2018,7,Canadian Grand Prix,Max Verstappen,VER,Red Bull Racing,3.0,3.0,Finished,15.0
2018,7,Canadian Grand Prix,Daniel Ricciardo,RIC,Red Bull Racing,6.0,4.0,Finished,12.0
2018,7,Canadian Grand Prix,Lewis Hamilton,HAM,Mercedes,4.0,5.0,Finished,10.0
2018,7,Canadian Grand Prix,Kimi Räikkönen,RAI,Ferrari,5.0,6.0,Finished,8.0
2018,7,Canadian Grand Prix,Nico Hulkenberg,HUL,Renault,7.0,7.0,DNF,6.0
2018,7,Canadian Grand Prix,Carlos Sainz,SAI,Renault,9.0,8.0,DNF,4.0
2018,7,Canadian Grand Prix,Esteban Ocon,OCO,Force India,8.0,9.0,DNF,2.0
2018,7,Canadian Grand Prix,Charles Leclerc,LEC,Sauber,13.0,10.0,DNF,1.0
2018,7,Canadian Grand Prix,Pierre Gasly,GAS,Toro Rosso,16.0,11.0,DNF,0.0
2018,7,Canadian Grand Prix,Romain Grosjean,GRO,Haas F1 Team,20.0,12.0,DNF,0.0
2018,7,Canadian Grand Prix,Kevin Magnussen,MAG,Haas F1 Team,11.0,13.0,DNF,0.0
2018,7,Canadian Grand Prix,Sergio Perez,PER,Force India,10.0,14.0,DNF,0.0
2018,7,Canadian Grand Prix,Marcus Ericsson,ERI,Sauber,19.0,15.0,DNF,0.0
2018,7,Canadian Grand Prix,Stoffel Vandoorne,VAN,McLaren,15.0,16.0,DNF,0.0
2018,7,Canadian Grand Prix,Sergey Sirotkin,SIR,Williams,18.0,17.0,DNF,0.0
2018,7,Canadian Grand Prix,Fernando Alonso,ALO,McLaren,14.0,18.0,DNF,0.0
2018,7,Canadian Grand Prix,Brendon Hartley,HAR,Toro Rosso,12.0,19.0,DNF,0.0
2018,7,Canadian Grand Prix,Lance Stroll,STR,Williams,17.0,20.0,DNF,0.0
2018,8,French Grand Prix,Lewis Hamilton,HAM,Mercedes,1.0,1.0,Finished,25.0
2018,8,French Grand Prix,Max Verstappen,VER,Red Bull Racing,4.0,2.0,Finished,18.0
2018,8,French Grand Prix,Kimi Räikkönen,RAI,Ferrari,6.0,3.0,Finished,15.0
2018,8,French Grand Prix,Daniel Ricciardo,RIC,Red Bull Racing,5.0,4.0,Finished,12.0
2018,8,French Grand Prix,Sebastian Vettel,VET,Ferrari,3.0,5.0,Finished,10.0
2018,8,French Grand Prix,Kevin Magnussen,MAG,Haas F1 Team,9.0,6.0,Finished,8.0
2018,8,French Grand Prix,Valtteri Bottas,BOT,Mercedes,2.0,7.0,Finished,6.0
2018,8,French Grand Prix,Carlos Sainz,SAI,Renault,7.0,8.0,Finished,4.0
2018,8,French Grand Prix,Nico Hulkenberg,HUL,Renault,12.0,9.0,Finished,2.0
2018,8,French Grand Prix,Charles Leclerc,LEC,Sauber,8.0,10.0,Finished,1.0
2018,8,French Grand Prix,Romain Grosjean,GRO,Haas F1 Team,10.0,11.0,DNF,0.0
2018,8,French Grand Prix,Stoffel Vandoorne,VAN,McLaren,17.0,12.0,DNF,0.0
2018,8,French Grand Prix,Marcus Ericsson,ERI,Sauber,15.0,13.0,DNF,0.0
2018,8,French Grand Prix,Brendon Hartley,HAR,Toro Rosso,20.0,14.0,DNF,0.0
2018,8,French Grand Prix,Sergey Sirotkin,SIR,Williams,18.0,15.0,DNF,0.0
2018,8,French Grand Prix,Fernando Alonso,ALO,McLaren,16.0,16.0,DNF,0.0
2018,8,French Grand Prix,Lance Stroll,STR,Williams,19.0,17.0,DNF,0.0
2018,8,French Grand Prix,Sergio Perez,PER,Force India,13.0,18.0,DNF,0.0
2018,8,French Grand Prix,Esteban Ocon,OCO,Force India,11.0,19.0,DNF,0.0
2018,8,French Grand Prix,Pierre Gasly,GAS,Toro Rosso,14.0,20.0,DNF,0.0
2018,9,Austrian Grand Prix,Max Verstappen,VER,Red Bull Racing,4.0,1.0,Finished,25.0
2018,9,Austrian Grand Prix,Kimi Räikkönen,RAI,Ferrari,3.0,2.0,Finished,18.0
2018,9,Austrian Grand Prix,Sebastian Vettel,VET,Ferrari,6.0,3.0,Finished,15.0
2018,9,Austrian Grand Prix,Romain Grosjean,GRO,Haas F1 Team,5.0,4.0,DNF,12.0
2018,9,Austrian Grand Prix,Kevin Magnussen,MAG,Haas F1 Team,8.0,5.0,DNF,10.0
2018,9,Austrian Grand Prix,Esteban Ocon,OCO,Force India,11.0,6.0,DNF,8.0
2018,9,Austrian Grand Prix,Sergio Perez,PER,Force India,16.0,7.0,DNF,6.0
2018,9,Austrian Grand Prix,Fernando Alonso,ALO,McLaren,13.0,8.0,DNF,4.0
2018,9,Austrian Grand Prix,Charles Leclerc,LEC,Sauber,18.0,9.0,DNF,2.0
2018,9,Austrian Grand Prix,Marcus Ericsson,ERI,Sauber,20.0,10.0,DNF,1.0
2018,9,Austrian Grand Prix,Pierre Gasly,GAS,Toro Rosso,12.0,11.0,DNF,0.0
2018,9,Austrian Grand Prix,Carlos Sainz,SAI,Renault,9.0,12.0,DNF,0.0
2018,9,Austrian Grand Prix,Sergey Sirotkin,SIR,Williams,17.0,13.0,DNF,0.0
2018,9,Austrian Grand Prix,Lance Stroll,STR,Williams,14.0,14.0,DNF,0.0
2018,9,Austrian Grand Prix,Stoffel Vandoorne,VAN,McLaren,15.0,15.0,DNF,0.0
2018,9,Austrian Grand Prix,Lewis Hamilton,HAM,Mercedes,2.0,16.0,DNF,0.0
2018,9,Austrian Grand Prix,Brendon Hartley,HAR,Toro Rosso,19.0,17.0,DNF,0.0
2018,9,Austrian Grand Prix,Daniel Ricciardo,RIC,Red Bull Racing,7.0,18.0,DNF,0.0
2018,9,Austrian Grand Prix,Valtteri Bottas,BOT,Mercedes,1.0,19.0,DNF,0.0
2018,9,Austrian Grand Prix,Nico Hulkenberg,HUL,Renault,10.0,20.0,DNF,0.0
2018,10,British Grand Prix,Sebastian Vettel,VET,Ferrari,2.0,1.0,Finished,25.0
2018,10,British Grand Prix,Lewis Hamilton,HAM,Mercedes,1.0,2.0,Finished,18.0
2018,10,British Grand Prix,Kimi Räikkönen,RAI,Ferrari,3.0,3.0,Finished,15.0
2018,10,British Grand Prix,Valtteri Bottas,BOT,Mercedes,4.0,4.0,Finished,12.0
2018,10,British Grand Prix,Daniel Ricciardo,RIC,Red Bull Racing,6.0,5.0,Finished,10.0
2018,10,British Grand Prix,Nico Hulkenberg,HUL,Renault,11.0,6.0,Finished,8.0
2018,10,British Grand Prix,Esteban Ocon,OCO,Force India,10.0,7.0,Finished,6.0
2018,10,British Grand Prix,Fernando Alonso,ALO,McLaren,13.0,8.0,Finished,4.0
2018,10,British Grand Prix,Kevin Magnussen,MAG,Haas F1 Team,7.0,9.0,Finished,2.0
2018,10,British Grand Prix,Sergio Perez,PER,Force India,12.0,10.0,Finished,1.0
2018,10,British Grand Prix,Stoffel Vandoorne,VAN,McLaren,17.0,11.0,Finished,0.0
2018,10,British Grand Prix,Lance Stroll,STR,Williams,19.0,12.0,Finished,0.0
2018,10,British Grand Prix,Pierre Gasly,GAS,Toro Rosso,14.0,13.0,Finished,0.0
2018,10,British Grand Prix,Sergey Sirotkin,SIR,Williams,18.0,14.0,Finished,0.0
2018,10,British Grand Prix,Max Verstappen,VER,Red Bull Racing,5.0,15.0,DNF,0.0
2018,10,British Grand Prix,Romain Grosjean,GRO,Haas F1 Team,8.0,16.0,DNF,0.0
2018,10,British Grand Prix,Carlos Sainz,SAI,Renault,16.0,17.0,DNF,0.0
2018,10,British Grand Prix,Marcus Ericsson,ERI,Sauber,15.0,18.0,DNF,0.0
2018,10,British Grand Prix,Charles Leclerc,LEC,Sauber,9.0,19.0,DNF,0.0
2018,10,British Grand Prix,Brendon Hartley,HAR,Toro Rosso,0.0,20.0,DNF,0.0
2018,11,German Grand Prix,Lewis Hamilton,HAM,Mercedes,14.0,1.0,Finished,25.0
2018,11,German Grand Prix,Valtteri Bottas,BOT,Mercedes,2.0,2.0,Finished,18.0
2018,11,German Grand Prix,Kimi Räikkönen,RAI,Ferrari,3.0,3.0,Finished,15.0
2018,11,German Grand Prix,Max Verstappen,VER,Red Bull Racing,4.0,4.0,Finished,12.0
2018,11,German Grand Prix,Nico Hulkenberg,HUL,Renault,7.0,5.0,Finished,10.0
2018,11,German Grand Prix,Romain Grosjean,GRO,Haas F1 Team,6.0,6.0,Finished,8.0
2018,11,German Grand Prix,Sergio Perez,PER,Force India,10.0,7.0,Finished,6.0
2018,11,German Grand Prix,Esteban Ocon,OCO,Force India,15.0,8.0,Finished,4.0
2018,11,German Grand Prix,Marcus Ericsson,ERI,Sauber,13.0,9.0,Finished,2.0
2018,11,German Grand Prix,Brendon Hartley,HAR,Toro Rosso,17.0,10.0,Finished,1.0
2018,11,German Grand Prix,Kevin Magnussen,MAG,Haas F1 Team,5.0,11.0,Finished,0.0
2018,11,German Grand Prix,Carlos Sainz,SAI,Renault,8.0,12.0,Finished,0.0
2018,11,German Grand Prix,Stoffel Vandoorne,VAN,McLaren,19.0,13.0,Finished,0.0
2018,11,German Grand Prix,Pierre Gasly,GAS,Toro Rosso,16.0,14.0,DNF,0.0
2018,11,German Grand Prix,Charles Leclerc,LEC,Sauber,9.0,15.0,DNF,0.0
2018,11,German Grand Prix,Fernando Alonso,ALO,McLaren,11.0,16.0,DNF,0.0
2018,11,German Grand Prix,Lance Stroll,STR,Williams,18.0,17.0,DNF,0.0
2018,11,German Grand Prix,Sebastian Vettel,VET,Ferrari,1.0,18.0,DNF,0.0
2018,11,German Grand Prix,Sergey Sirotkin,SIR,Williams,12.0,19.0,DNF,0.0
2018,11,German Grand Prix,Daniel Ricciardo,RIC,Red Bull Racing,20.0,20.0,DNF,0.0
2018,12,Hungarian Grand Prix,Lewis Hamilton,HAM,Mercedes,1.0,1.0,Finished,25.0
2018,12,Hungarian Grand Prix,Sebastian Vettel,VET,Ferrari,4.0,2.0,Finished,18.0
2018,12,Hungarian Grand Prix,Kimi Räikkönen,RAI,Ferrari,3.0,3.0,Finished,15.0
2018,12,Hungarian Grand Prix,Daniel Ricciardo,RIC,Red Bull Racing,12.0,4.0,Finished,12.0
2018,12,Hungarian Grand Prix,Valtteri Bottas,BOT,Mercedes,2.0,5.0,Finished,10.0
2018,12,Hungarian Grand Prix,Pierre Gasly,GAS,Toro Rosso,6.0,6.0,Finished,8.0
2018,12,Hungarian Grand Prix,Kevin Magnussen,MAG,Haas F1 Team,9.0,7.0,DNF,6.0
2018,12,Hungarian Grand Prix,Fernando Alonso,ALO,McLaren,11.0,8.0,DNF,4.0
2018,12,Hungarian Grand Prix,Carlos Sainz,SAI,Renault,5.0,9.0,DNF,2.0
2018,12,Hungarian Grand Prix,Romain Grosjean,GRO,Haas F1 Team,10.0,10.0,DNF,1.0
2018,12,Hungarian Grand Prix,Brendon Hartley,HAR,Toro Rosso,8.0,11.0,DNF,0.0
2018,12,Hungarian Grand Prix,Nico Hulkenberg,HUL,Renault,13.0,12.0,DNF,0.0
2018,12,Hungarian Grand Prix,Esteban Ocon,OCO,Force India,18.0,13.0,DNF,0.0
2018,12,Hungarian Grand Prix,Sergio Perez,PER,Force India,19.0,14.0,DNF,0.0
2018,12,Hungarian Grand Prix,Marcus Ericsson,ERI,Sauber,14.0,15.0,DNF,0.0
2018,12,Hungarian Grand Prix,Sergey Sirotkin,SIR,Williams,20.0,16.0,DNF,0.0
2018,12,Hungarian Grand Prix,Lance Stroll,STR,Williams,15.0,17.0,DNF,0.0
2018,12,Hungarian Grand Prix,Stoffel Vandoorne,VAN,McLaren,16.0,18.0,DNF,0.0
2018,12,Hungarian Grand Prix,Max Verstappen,VER,Red Bull Racing,7.0,19.0,DNF,0.0
2018,12,Hungarian Grand Prix,Charles Leclerc,LEC,Sauber,17.0,20.0,DNF,0.0
2018,13,Belgian Grand Prix,Sebastian Vettel,VET,Ferrari,2.0,1.0,Finished,25.0
2018,13,Belgian Grand Prix,Lewis Hamilton,HAM,Mercedes,1.0,2.0,Finished,18.0
2018,13,Belgian Grand Prix,Max Verstappen,VER,Red Bull Racing,7.0,3.0,Finished,15.0
2018,13,Belgian Grand Prix,Valtteri Bottas,BOT,Mercedes,19.0,4.0,Finished,12.0
2018,13,Belgian Grand Prix,Sergio Perez,PER,Racing Point,4.0,5.0,Finished,10.0
2018,13,Belgian Grand Prix,Esteban Ocon,OCO,Racing Point,3.0,6.0,Finished,8.0
2018,13,Belgian Grand Prix,Romain Grosjean,GRO,Haas F1 Team,5.0,7.0,Finished,6.0
2018,13,Belgian Grand Prix,Kevin Magnussen,MAG,Haas F1 Team,9.0,8.0,Finished,4.0
2018,13,Belgian Grand Prix,Pierre Gasly,GAS,Toro Rosso,10.0,9.0,Finished,2.0
2018,13,Belgian Grand Prix,Marcus Ericsson,ERI,Sauber,13.0,10.0,DNF,1.0
2018,13,Belgian Grand Prix,Carlos Sainz,SAI,Renault,14.0,11.0,DNF,0.0
2018,13,Belgian Grand Prix,Sergey Sirotkin,SIR,Williams,16.0,12.0,DNF,0.0
2018,13,Belgian Grand Prix,Lance Stroll,STR,Williams,17.0,13.0,DNF,0.0
2018,13,Belgian Grand Prix,Brendon Hartley,HAR,Toro Rosso,11.0,14.0,DNF,0.0
2018,13,Belgian Grand Prix,Stoffel Vandoorne,VAN,McLaren,18.0,15.0,DNF,0.0
2018,13,Belgian Grand Prix,Daniel Ricciardo,RIC,Red Bull Racing,8.0,16.0,DNF,0.0
2018,13,Belgian Grand Prix,Kimi Räikkönen,RAI,Ferrari,6.0,17.0,DNF,0.0
2018,13,Belgian Grand Prix,Charles Leclerc,LEC,Sauber,12.0,18.0,DNF,0.0
2018,13,Belgian Grand Prix,Fernando Alonso,ALO,McLaren,15.0,19.0,DNF,0.0
2018,13,Belgian Grand Prix,Nico Hulkenberg,HUL,Renault,20.0,20.0,DNF,0.0
2018,14,Italian Grand Prix,Lewis Hamilton,HAM,Mercedes,3.0,1.0,Finished,25.0
2018,14,Italian Grand Prix,Kimi Räikkönen,RAI,Ferrari,1.0,2.0,Finished,18.0
2018,14,Italian Grand Prix,Valtteri Bottas,BOT,Mercedes,4.0,3.0,Finished,15.0
2018,14,Italian Grand Prix,Sebastian Vettel,VET,Ferrari,2.0,4.0,Finished,12.0
2018,14,Italian Grand Prix,Max Verstappen,VER,Red Bull Racing,5.0,5.0,Finished,10.0
2018,14,Italian Grand Prix,Esteban Ocon,OCO,Racing Point,8.0,6.0,Finished,8.0
2018,14,Italian Grand Prix,Sergio Perez,PER,Racing Point,14.0,7.0,Finished,6.0
2018,14,Italian Grand Prix,Carlos Sainz,SAI,Renault,7.0,8.0,Finished,4.0
2018,14,Italian Grand Prix,Lance Stroll,STR,Williams,10.0,9.0,DNF,2.0
2018,14,Italian Grand Prix,Sergey Sirotkin,SIR,Williams,12.0,10.0,DNF,1.0
2018,14,Italian Grand Prix,Charles Leclerc,LEC,Sauber,15.0,11.0,DNF,0.0
2018,14,Italian Grand Prix,Stoffel Vandoorne,VAN,McLaren,17.0,12.0,DNF,0.0
2018,14,Italian Grand Prix,Nico Hulkenberg,HUL,Renault,20.0,13.0,DNF,0.0
2018,14,Italian Grand Prix,Pierre Gasly,GAS,Toro Rosso,9.0,14.0,DNF,0.0
2018,14,Italian Grand Prix,Marcus Ericsson,ERI,Sauber,18.0,15.0,DNF,0.0
2018,14,Italian Grand Prix,Kevin Magnussen,MAG,Haas F1 Team,11.0,16.0,DNF,0.0
2018,14,Italian Grand Prix,Daniel Ricciardo,RIC,Red Bull Racing,19.0,17.0,DNF,0.0
2018,14,Italian Grand Prix,Fernando Alonso,ALO,McLaren,13.0,18.0,DNF,0.0
2018,14,Italian Grand Prix,Brendon Hartley,HAR,Toro Rosso,16.0,19.0,DNF,0.0
2018,14,Italian Grand Prix,Romain Grosjean,GRO,Haas F1 Team,6.0,20.0,DNF,0.0
2018,15,Singapore Grand Prix,Lewis Hamilton,HAM,Mercedes,1.0,1.0,Finished,25.0
2018,15,Singapore Grand Prix,Max Verstappen,VER,Red Bull Racing,2.0,2.0,Finished,18.0
2018,15,Singapore Grand Prix,Sebastian Vettel,VET,Ferrari,3.0,3.0,Finished,15.0
2018,15,Singapore Grand Prix,Valtteri Bottas,BOT,Mercedes,4.0,4.0,Finished,12.0
2018,15,Singapore Grand Prix,Kimi Räikkönen,RAI,Ferrari,5.0,5.0,Finished,10.0
2018,15,Singapore Grand Prix,Daniel Ricciardo,RIC,Red Bull Racing,6.0,6.0,Finished,8.0
2018,15,Singapore Grand Prix,Fernando Alonso,ALO,McLaren,11.0,7.0,Finished,6.0
2018,15,Singapore Grand Prix,Carlos Sainz,SAI,Renault,12.0,8.0,DNF,4.0
2018,15,Singapore Grand Prix,Charles Leclerc,LEC,Sauber,13.0,9.0,DNF,2.0
2018,15,Singapore Grand Prix,Nico Hulkenberg,HUL,Renault,10.0,10.0,DNF,1.0
2018,15,Singapore Grand Prix,Marcus Ericsson,ERI,Sauber,14.0,11.0,DNF,0.0
2018,15,Singapore Grand Prix,Stoffel Vandoorne,VAN,McLaren,18.0,12.0,DNF,0.0
2018,15,Singapore Grand Prix,Pierre Gasly,GAS,Toro Rosso,15.0,13.0,DNF,0.0
2018,15,Singapore Grand Prix,Lance Stroll,STR,Williams,20.0,14.0,DNF,0.0
2018,15,Singapore Grand Prix,Romain Grosjean,GRO,Haas F1 Team,8.0,15.0,DNF,0.0
2018,15,Singapore Grand Prix,Sergio Perez,PER,Racing Point,7.0,16.0,DNF,0.0
2018,15,Singapore Grand Prix,Brendon Hartley,HAR,Toro Rosso,17.0,17.0,DNF,0.0
2018,15,Singapore Grand Prix,Kevin Magnussen,MAG,Haas F1 Team,16.0,18.0,DNF,0.0
2018,15,Singapore Grand Prix,Sergey Sirotkin,SIR,Williams,19.0,19.0,DNF,0.0
2018,15,Singapore Grand Prix,Esteban Ocon,OCO,Racing Point,9.0,20.0,DNF,0.0
2018,16,Russian Grand Prix,Lewis Hamilton,HAM,Mercedes,2.0,1.0,Finished,25.0
2018,16,Russian Grand Prix,Valtteri Bottas,BOT,Mercedes,1.0,2.0,Finished,18.0
2018,16,Russian Grand Prix,Sebastian Vettel,VET,Ferrari,3.0,3.0,Finished,15.0
2018,16,Russian Grand Prix,Kimi Räikkönen,RAI,Ferrari,4.0,4.0,Finished,12.0
2018,16,Russian Grand Prix,Max Verstappen,VER,Red Bull Racing,19.0,5.0,Finished,10.0
2018,16,Russian Grand Prix,Daniel Ricciardo,RIC,Red Bull Racing,18.0,6.0,Finished,8.0
2018,16,Russian Grand Prix,Charles Leclerc,LEC,Sauber,7.0,7.0,Finished,6.0
2018,16,Russian Grand Prix,Kevin Magnussen,MAG,Haas F1 Team,5.0,8.0,DNF,4.0
2018,16,Russian Grand Prix,Esteban Ocon,OCO,Racing Point,6.0,9.0,DNF,2.0
2018,16,Russian Grand Prix,Sergio Perez,PER,Racing Point,8.0,10.0,DNF,1.0
2018,16,Russian Grand Prix,Romain Grosjean,GRO,Haas F1 Team,9.0,11.0,DNF,0.0
2018,16,Russian Grand Prix,Nico Hulkenberg,HUL,Renault,12.0,12.0,DNF,0.0
2018,16,Russian Grand Prix,Marcus Ericsson,ERI,Sauber,10.0,13.0,DNF,0.0
2018,16,Russian Grand Prix,Fernando Alonso,ALO,McLaren,16.0,14.0,DNF,0.0
2018,16,Russian Grand Prix,Lance Stroll,STR,Williams,14.0,15.0,DNF,0.0
2018,16,Russian Grand Prix,Stoffel Vandoorne,VAN,McLaren,15.0,16.0,DNF,0.0
2018,16,Russian Grand Prix,Carlos Sainz,SAI,Renault,11.0,17.0,DNF,0.0
2018,16,Russian Grand Prix,Sergey Sirotkin,SIR,Williams,13.0,18.0,DNF,0.0
2018,16,Russian Grand Prix,Pierre Gasly,GAS,Toro Rosso,17.0,19.0,DNF,0.0
2018,16,Russian Grand Prix,Brendon Hartley,HAR,Toro Rosso,20.0,20.0,DNF,0.0
2018,17,Japanese Grand Prix,Lewis Hamilton,HAM,Mercedes,1.0,1.0,Finished,25.0
2018,17,Japanese Grand Prix,Valtteri Bottas,BOT,Mercedes,2.0,2.0,Finished,18.0
2018,17,Japanese Grand Prix,Max Verstappen,VER,Red Bull Racing,3.0,3.0,Finished,15.0
2018,17,Japanese Grand Prix,Daniel Ricciardo,RIC,Red Bull Racing,15.0,4.0,Finished,12.0
2018,17,Japanese Grand Prix,Kimi Räikkönen,RAI,Ferrari,4.0,5.0,Finished,10.0
2018,17,Japanese Grand Prix,Sebastian Vettel,VET,Ferrari,8.0,6.0,Finished,8.0
2018,17,Japanese Grand Prix,Sergio Perez,PER,Racing Point,9.0,7.0,Finished,6.0
2018,17,Japanese Grand Prix,Romain Grosjean,GRO,Haas F1 Team,5.0,8.0,Finished,4.0
2018,17,Japanese Grand Prix,Esteban Ocon,OCO,Racing Point,11.0,9.0,Finished,2.0
2018,17,Japanese Grand Prix,Carlos Sainz,SAI,Renault,13.0,10.0,DNF,1.0
2018,17,Japanese Grand Prix,Pierre Gasly,GAS,Toro Rosso,7.0,11.0,DNF,0.0
2018,17,Japanese Grand Prix,Marcus Ericsson,ERI,Sauber,20.0,12.0,DNF,0.0
2018,17,Japanese Grand Prix,Brendon Hartley,HAR,Toro Rosso,6.0,13.0,DNF,0.0
2018,17,Japanese Grand Prix,Fernando Alonso,ALO,McLaren,18.0,14.0,DNF,0.0
2018,17,Japanese Grand Prix,Stoffel Vandoorne,VAN,McLaren,19.0,15.0,DNF,0.0
2018,17,Japanese Grand Prix,Sergey Sirotkin,SIR,Williams,17.0,16.0,DNF,0.0
2018,17,Japanese Grand Prix,Lance Stroll,STR,Williams,14.0,17.0,DNF,0.0
2018,17,Japanese Grand Prix,Charles Leclerc,LEC,Sauber,10.0,18.0,DNF,0.0
2018,17,Japanese Grand Prix,Nico Hulkenberg,HUL,Renault,16.0,19.0,DNF,0.0
2018,17,Japanese Grand Prix,Kevin Magnussen,MAG,Haas F1 Team,12.0,20.0,DNF,0.0
2018,18,United States Grand Prix,Kimi Räikkönen,RAI,Ferrari,2.0,1.0,Finished,25.0
2018,18,United States Grand Prix,Max Verstappen,VER,Red Bull Racing,18.0,2.0,Finished,18.0
2018,18,United States Grand Prix,Lewis Hamilton,HAM,Mercedes,1.0,3.0,Finished,15.0
2018,18,United States Grand Prix,Sebastian Vettel,VET,Ferrari,5.0,4.0,Finished,12.0
2018,18,United States Grand Prix,Valtteri Bottas,BOT,Mercedes,3.0,5.0,Finished,10.0
2018,18,United States Grand Prix,Nico Hulkenberg,HUL,Renault,7.0,6.0,Finished,8.0
2018,18,United States Grand Prix,Carlos Sainz,SAI,Renault,11.0,7.0,Finished,6.0
2018,18,United States Grand Prix,Sergio Perez,PER,Racing Point,10.0,8.0,Finished,4.0
2018,18,United States Grand Prix,Brendon Hartley,HAR,Toro Rosso,20.0,9.0,DNF,2.0
2018,18,United States Grand Prix,Marcus Ericsson,ERI,Sauber,16.0,10.0,DNF,1.0
2018,18,United States Grand Prix,Stoffel Vandoorne,VAN,McLaren,17.0,11.0,DNF,0.0
2018,18,United States Grand Prix,Pierre Gasly,GAS,Toro Rosso,19.0,12.0,DNF,0.0
2018,18,United States Grand Prix,Sergey Sirotkin,SIR,Williams,14.0,13.0,DNF,0.0
2018,18,United States Grand Prix,Lance Stroll,STR,Williams,15.0,14.0,DNF,0.0
2018,18,United States Grand Prix,Charles Leclerc,LEC,Sauber,9.0,15.0,DNF,0.0
2018,18,United States Grand Prix,Daniel Ricciardo,RIC,Red Bull Racing,4.0,16.0,DNF,0.0
2018,18,United States Grand Prix,Romain Grosjean,GRO,Haas F1 Team,8.0,17.0,DNF,0.0
2018,18,United States Grand Prix,Fernando Alonso,ALO,McLaren,13.0,18.0,DNF,0.0
2018,18,United States Grand Prix,Esteban Ocon,OCO,Racing Point,6.0,19.0,DNF,0.0
2018,18,United States Grand Prix,Kevin Magnussen,MAG,Haas F1 Team,12.0,20.0,DNF,0.0
2018,19,Mexican Grand Prix,Max Verstappen,VER,Red Bull Racing,2.0,1.0,Finished,25.0
2018,19,Mexican Grand Prix,Sebastian Vettel,VET,Ferrari,4.0,2.0,Finished,18.0
2018,19,Mexican Grand Prix,Kimi Räikkönen,RAI,Ferrari,6.0,3.0,Finished,15.0
2018,19,Mexican Grand Prix,Lewis Hamilton,HAM,Mercedes,3.0,4.0,Finished,12.0
2018,19,Mexican Grand Prix,Valtteri Bottas,BOT,Mercedes,5.0,5.0,DNF,10.0
2018,19,Mexican Grand Prix,Nico Hulkenberg,HUL,Renault,7.0,6.0,DNF,8.0
2018,19,Mexican Grand Prix,Charles Leclerc,LEC,Sauber,9.0,7.0,DNF,6.0
2018,19,Mexican Grand Prix,Stoffel Vandoorne,VAN,McLaren,15.0,8.0,DNF,4.0
2018,19,Mexican Grand Prix,Marcus Ericsson,ERI,Sauber,10.0,9.0,DNF,2.0
2018,19,Mexican Grand Prix,Pierre Gasly,GAS,Toro Rosso,20.0,10.0,DNF,1.0
2018,19,Mexican Grand Prix,Esteban Ocon,OCO,Racing Point,11.0,11.0,DNF,0.0
2018,19,Mexican Grand Prix,Lance Stroll,STR,Williams,17.0,12.0,DNF,0.0
2018,19,Mexican Grand Prix,Sergey Sirotkin,SIR,Williams,19.0,13.0,DNF,0.0
2018,19,Mexican Grand Prix,Brendon Hartley,HAR,Toro Rosso,14.0,14.0,DNF,0.0
2018,19,Mexican Grand Prix,Kevin Magnussen,MAG,Haas F1 Team,16.0,15.0,DNF,0.0
2018,19,Mexican Grand Prix,Romain Grosjean,GRO,Haas F1 Team,18.0,16.0,DNF,0.0
2018,19,Mexican Grand Prix,Daniel Ricciardo,RIC,Red Bull Racing,1.0,17.0,DNF,0.0
2018,19,Mexican Grand Prix,Sergio Perez,PER,Racing Point,13.0,18.0,DNF,0.0
2018,19,Mexican Grand Prix,Carlos Sainz,SAI,Renault,8.0,19.0,DNF,0.0
2018,19,Mexican Grand Prix,Fernando Alonso,ALO,McLaren,12.0,20.0,DNF,0.0
2018,20,Brazilian Grand Prix,Lewis Hamilton,HAM,Mercedes,1.0,1.0,Finished,25.0
2018,20,Brazilian Grand Prix,Max Verstappen,VER,Red Bull Racing,5.0,2.0,Finished,18.0
2018,20,Brazilian Grand Prix,Kimi Räikkönen,RAI,Ferrari,4.0,3.0,Finished,15.0
2018,20,Brazilian Grand Prix,Daniel Ricciardo,RIC,Red Bull Racing,11.0,4.0,Finished,12.0
2018,20,Brazilian Grand Prix,Valtteri Bottas,BOT,Mercedes,3.0,5.0,Finished,10.0
2018,20,Brazilian Grand Prix,Sebastian Vettel,VET,Ferrari,2.0,6.0,Finished,8.0
2018,20,Brazilian Grand Prix,Charles Leclerc,LEC,Sauber,7.0,7.0,Finished,6.0
2018,20,Brazilian Grand Prix,Romain Grosjean,GRO,Haas F1 Team,8.0,8.0,Finished,4.0
2018,20,Brazilian Grand Prix,Kevin Magnussen,MAG,Haas F1 Team,10.0,9.0,Finished,2.0
2018,20,Brazilian Grand Prix,Sergio Perez,PER,Racing Point,12.0,10.0,DNF,1.0
2018,20,Brazilian Grand Prix,Brendon Hartley,HAR,Toro Rosso,16.0,11.0,DNF,0.0
2018,20,Brazilian Grand Prix,Carlos Sainz,SAI,Renault,15.0,12.0,DNF,0.0
2018,20,Brazilian Grand Prix,Pierre Gasly,GAS,Toro Rosso,9.0,13.0,DNF,0.0
2018,20,Brazilian Grand Prix,Stoffel Vandoorne,VAN,McLaren,20.0,14.0,DNF,0.0
2018,20,Brazilian Grand Prix,Esteban Ocon,OCO,Racing Point,18.0,15.0,DNF,0.0
2018,20,Brazilian Grand Prix,Sergey Sirotkin,SIR,Williams,14.0,16.0,DNF,0.0
2018,20,Brazilian Grand Prix,Fernando Alonso,ALO,McLaren,17.0,17.0,DNF,0.0
2018,20,Brazilian Grand Prix,Lance Stroll,STR,Williams,19.0,18.0,DNF,0.0
2018,20,Brazilian Grand Prix,Nico Hulkenberg,HUL,Renault,13.0,19.0,DNF,0.0
2018,20,Brazilian Grand Prix,Marcus Ericsson,ERI,Sauber,6.0,20.0,DNF,0.0
2018,21,Abu Dhabi Grand Prix,Lewis Hamilton,HAM,Mercedes,1.0,1.0,Finished,25.0
2018,21,Abu Dhabi Grand Prix,Sebastian Vettel,VET,Ferrari,3.0,2.0,Finished,18.0
2018,21,Abu Dhabi Grand Prix,Max Verstappen,VER,Red Bull Racing,6.0,3.0,Finished,15.0
2018,21,Abu Dhabi Grand Prix,Daniel Ricciardo,RIC,Red Bull Racing,5.0,4.0,Finished,12.0
2018,21,Abu Dhabi Grand Prix,Valtteri Bottas,BOT,Mercedes,2.0,5.0,Finished,10.0
2018,21,Abu Dhabi Grand Prix,Carlos Sainz,SAI,Renault,11.0,6.0,Finished,8.0
2018,21,Abu Dhabi Grand Prix,Charles Leclerc,LEC,Sauber,8.0,7.0,Finished,6.0
2018,21,Abu Dhabi Grand Prix,Sergio Perez,PER,Racing Point,14.0,8.0,Finished,4.0
2018,21,Abu Dhabi Grand Prix,Romain Grosjean,GRO,Haas F1 Team,7.0,9.0,DNF,2.0
2018,21,Abu Dhabi Grand Prix,Kevin Magnussen,MAG,Haas F1 Team,13.0,10.0,DNF,1.0
2018,21,Abu Dhabi Grand Prix,Fernando Alonso,ALO,McLaren,15.0,11.0,DNF,0.0
2018,21,Abu Dhabi Grand Prix,Brendon Hartley,HAR,Toro Rosso,16.0,12.0,DNF,0.0
2018,21,Abu Dhabi Grand Prix,Lance Stroll,STR,Williams,20.0,13.0,DNF,0.0
2018,21,Abu Dhabi Grand Prix,Stoffel Vandoorne,VAN,McLaren,18.0,14.0,DNF,0.0
2018,21,Abu Dhabi Grand Prix,Sergey Sirotkin,SIR,Williams,19.0,15.0,DNF,0.0
2018,21,Abu Dhabi Grand Prix,Pierre Gasly,GAS,Toro Rosso,17.0,16.0,DNF,0.0
2018,21,Abu Dhabi Grand Prix,Esteban Ocon,OCO,Racing Point,9.0,17.0,DNF,0.0
2018,21,Abu Dhabi Grand Prix,Marcus Ericsson,ERI,Sauber,12.0,18.0,DNF,0.0
2018,21,Abu Dhabi Grand Prix,Kimi Räikkönen,RAI,Ferrari,4.0,19.0,DNF,0.0
2018,21,Abu Dhabi Grand Prix,Nico Hulkenberg,HUL,Renault,10.0,20.0,DNF,0.0
2019,1,Australian Grand Prix,Valtteri Bottas,BOT,Mercedes,2.0,1.0,Finished,26.0
2019,1,Australian Grand Prix,Lewis Hamilton,HAM,Mercedes,1.0,2.0,Finished,18.0
2019,1,Australian Grand Prix,Max Verstappen,VER,Red Bull Racing,4.0,3.0,Finished,15.0
2019,1,Australian Grand Prix,Sebastian Vettel,VET,Ferrari,3.0,4.0,Finished,12.0
2019,1,Australian Grand Prix,Charles Leclerc,LEC,Ferrari,5.0,5.0,Finished,10.0
2019,1,Australian Grand Prix,Kevin Magnussen,MAG,Haas F1 Team,7.0,6.0,Finished,8.0
2019,1,Australian Grand Prix,Nico Hulkenberg,HUL,Renault,11.0,7.0,DNF,6.0
2019,1,Australian Grand Prix,Kimi Räikkönen,RAI,Alfa Romeo Racing,9.0,8.0,DNF,4.0
2019,1,Australian Grand Prix,Lance Stroll,STR,Racing Point,16.0,9.0,DNF,2.0
2019,1,Australian Grand Prix,Daniil Kvyat,KVY,Toro Rosso,15.0,10.0,DNF,1.0
2019,1,Australian Grand Prix,Pierre Gasly,GAS,Red Bull Racing,17.0,11.0,DNF,0.0
2019,1,Australian Grand Prix,Lando Norris,NOR,McLaren,8.0,12.0,DNF,0.0
2019,1,Australian Grand Prix,Sergio Perez,PER,Racing Point,10.0,13.0,DNF,0.0
2019,1,Australian Grand Prix,Alexander Albon,ALB,Toro Rosso,13.0,14.0,DNF,0.0
2019,1,Australian Grand Prix,Antonio Giovinazzi,GIO,Alfa Romeo Racing,14.0,15.0,DNF,0.0
2019,1,Australian Grand Prix,George Russell,RUS,Williams,19.0,16.0,DNF,0.0
2019,1,Australian Grand Prix,Robert Kubica,KUB,Williams,20.0,17.0,DNF,0.0
2019,1,Australian Grand Prix,Romain Grosjean,GRO,Haas F1 Team,6.0,18.0,DNF,0.0
2019,1,Australian Grand Prix,Daniel Ricciardo,RIC,Renault,12.0,19.0,DNF,0.0
2019,1,Australian Grand Prix,Carlos Sainz,SAI,McLaren,18.0,20.0,DNF,0.0
2019,2,Bahrain Grand Prix,Lewis Hamilton,HAM,Mercedes,3.0,1.0,Finished,25.0
2019,2,Bahrain Grand Prix,Valtteri Bottas,BOT,Mercedes,4.0,2.0,Finished,18.0
2019,2,Bahrain Grand Prix,Charles Leclerc,LEC,Ferrari,1.0,3.0,Finished,16.0
2019,2,Bahrain Grand Prix,Max Verstappen,VER,Red Bull Racing,5.0,4.0,Finished,12.0
2019,2,Bahrain Grand Prix,Sebastian Vettel,VET,Ferrari,2.0,5.0,Finished,10.0
2019,2,Bahrain Grand Prix,Lando Norris,NOR,McLaren,9.0,6.0,Finished,8.0
2019,2,Bahrain Grand Prix,Kimi Räikkönen,RAI,Alfa Romeo Racing,8.0,7.0,Finished,6.0
2019,2,Bahrain Grand Prix,Pierre Gasly,GAS,Red Bull Racing,13.0,8.0,Finished,4.0
2019,2,Bahrain Grand Prix,Alexander Albon,ALB,Toro Rosso,12.0,9.0,Finished,2.0
2019,2,Bahrain Grand Prix,Sergio Perez,PER,Racing Point,14.0,10.0,Finished,1.0
2019,2,Bahrain Grand Prix,Antonio Giovinazzi,GIO,Alfa Romeo Racing,16.0,11.0,Finished,0.0
2019,2,Bahrain Grand Prix,Daniil Kvyat,KVY,Toro Rosso,15.0,12.0,DNF,0.0
2019,2,Bahrain Grand Prix,Kevin Magnussen,MAG,Haas F1 Team,6.0,13.0,DNF,0.0
2019,2,Bahrain Grand Prix,Lance Stroll,STR,Racing Point,18.0,14.0,DNF,0.0
2019,2,Bahrain Grand Prix,George Russell,RUS,Williams,19.0,15.0,DNF,0.0
2019,2,Bahrain Grand Prix,Robert Kubica,KUB,Williams,20.0,16.0,DNF,0.0
2019,2,Bahrain Grand Prix,Nico Hulkenberg,HUL,Renault,17.0,17.0,DNF,0.0
2019,2,Bahrain Grand Prix,Daniel Ricciardo,RIC,Renault,10.0,18.0,DNF,0.0
2019,2,Bahrain Grand Prix,Carlos Sainz,SAI,McLaren,7.0,19.0,DNF,0.0
2019,2,Bahrain Grand Prix,Romain Grosjean,GRO,Haas F1 Team,11.0,20.0,DNF,0.0
2019,3,Chinese Grand Prix,Lewis Hamilton,HAM,Mercedes,2.0,1.0,Finished,25.0
2019,3,Chinese Grand Prix,Valtteri Bottas,BOT,Mercedes,1.0,2.0,Finished,18.0
2019,3,Chinese Grand Prix,Sebastian Vettel,VET,Ferrari,3.0,3.0,Finished,15.0
2019,3,Chinese Grand Prix,Max Verstappen,VER,Red Bull Racing,5.0,4.0,Finished,12.0
2019,3,Chinese Grand Prix,Charles Leclerc,LEC,Ferrari,4.0,5.0,Finished,10.0
2019,3,Chinese Grand Prix,Pierre Gasly,GAS,Red Bull Racing,6.0,6.0,Finished,9.0
2019,3,Chinese Grand Prix,Daniel Ricciardo,RIC,Renault,7.0,7.0,DNF,6.0
2019,3,Chinese Grand Prix,Sergio Perez,PER,Racing Point,12.0,8.0,DNF,4.0
2019,3,Chinese Grand Prix,Kimi Räikkönen,RAI,Alfa Romeo Racing,13.0,9.0,DNF,2.0
2019,3,Chinese Grand Prix,Alexander Albon,ALB,Toro Rosso,0.0,10.0,DNF,1.0
2019,3,Chinese Grand Prix,Romain Grosjean,GRO,Haas F1 Team,10.0,11.0,DNF,0.0
2019,3,Chinese Grand Prix,Lance Stroll,STR,Racing Point,16.0,12.0,DNF,0.0
2019,3,Chinese Grand Prix,Kevin Magnussen,MAG,Haas F1 Team,9.0,13.0,DNF,0.0
2019,3,Chinese Grand Prix,Carlos Sainz,SAI,McLaren,14.0,14.0,DNF,0.0
2019,3,Chinese Grand Prix,Antonio Giovinazzi,GIO,Alfa Romeo Racing,19.0,15.0,DNF,0.0
2019,3,Chinese Grand Prix,George Russell,RUS,Williams,17.0,16.0,DNF,0.0
2019,3,Chinese Grand Prix,Robert Kubica,KUB,Williams,18.0,17.0,DNF,0.0
2019,3,Chinese Grand Prix,Lando Norris,NOR,McLaren,15.0,18.0,DNF,0.0
2019,3,Chinese Grand Prix,Daniil Kvyat,KVY,Toro Rosso,11.0,19.0,DNF,0.0
2019,3,Chinese Grand Prix,Nico Hulkenberg,HUL,Renault,8.0,20.0,DNF,0.0
2019,4,Azerbaijan Grand Prix,Valtteri Bottas,BOT,Mercedes,1.0,1.0,Finished,25.0
2019,4,Azerbaijan Grand Prix,Lewis Hamilton,HAM,Mercedes,2.0,2.0,Finished,18.0
2019,4,Azerbaijan Grand Prix,Sebastian Vettel,VET,Ferrari,3.0,3.0,Finished,15.0
2019,4,Azerbaijan Grand Prix,Max Verstappen,VER,Red Bull Racing,4.0,4.0,Finished,12.0
2019,4,Azerbaijan Grand Prix,Charles Leclerc,LEC,Ferrari,8.0,5.0,Finished,11.0
2019,4,Azerbaijan Grand Prix,Sergio Perez,PER,Racing Point,5.0,6.0,Finished,8.0
2019,4,Azerbaijan Grand Prix,Carlos Sainz,SAI,McLaren,9.0,7.0,Finished,6.0
2019,4,Azerbaijan Grand Prix,Lando Norris,NOR,McLaren,7.0,8.0,Finished,4.0
2019,4,Azerbaijan Grand Prix,Lance Stroll,STR,Racing Point,13.0,9.0,Finished,2.0
2019,4,Azerbaijan Grand Prix,Kimi Räikkönen,RAI,Alfa Romeo Racing,0.0,10.0,DNF,1.0
2019,4,Azerbaijan Grand Prix,Alexander Albon,ALB,Toro Rosso,11.0,11.0,DNF,0.0
2019,4,Azerbaijan Grand Prix,Antonio Giovinazzi,GIO,Alfa Romeo Racing,17.0,12.0,DNF,0.0
2019,4,Azerbaijan Grand Prix,Kevin Magnussen,MAG,Haas F1 Team,12.0,13.0,DNF,0.0
2019,4,Azerbaijan Grand Prix,Nico Hulkenberg,HUL,Renault,15.0,14.0,DNF,0.0
2019,4,Azerbaijan Grand Prix,George Russell,RUS,Williams,16.0,15.0,DNF,0.0
2019,4,Azerbaijan Grand Prix,Robert Kubica,KUB,Williams,0.0,16.0,DNF,0.0
2019,4,Azerbaijan Grand Prix,Pierre Gasly,GAS,Red Bull Racing,0.0,17.0,DNF,0.0
2019,4,Azerbaijan Grand Prix,Romain Grosjean,GRO,Haas F1 Team,14.0,18.0,DNF,0.0
2019,4,Azerbaijan Grand Prix,Daniil Kvyat,KVY,Toro Rosso,6.0,19.0,DNF,0.0
2019,4,Azerbaijan Grand Prix,Daniel Ricciardo,RIC,Renault,10.0,20.0,DNF,0.0
2019,5,Spanish Grand Prix,Lewis Hamilton,HAM,Mercedes,2.0,1.0,Finished,26.0
2019,5,Spanish Grand Prix,Valtteri Bottas,BOT,Mercedes,1.0,2.0,Finished,18.0
2019,5,Spanish Grand Prix,Max Verstappen,VER,Red Bull Racing,4.0,3.0,Finished,15.0
2019,5,Spanish Grand Prix,Sebastian Vettel,VET,Ferrari,3.0,4.0,Finished,12.0
2019,5,Spanish Grand Prix,Charles Leclerc,LEC,Ferrari,5.0,5.0,Finished,10.0
2019,5,Spanish Grand Prix,Pierre Gasly,GAS,Red Bull Racing,6.0,6.0,Finished,8.0
2019,5,Spanish Grand Prix,Kevin Magnussen,MAG,Haas F1 Team,8.0,7.0,Finished,6.0
2019,5,Spanish Grand Prix,Carlos Sainz,SAI,McLaren,12.0,8.0,Finished,4.0
2019,5,Spanish Grand Prix,Daniil Kvyat,KVY,Toro Rosso,9.0,9.0,Finished,2.0
2019,5,Spanish Grand Prix,Romain Grosjean,GRO,Haas F1 Team,7.0,10.0,Finished,1.0
2019,5,Spanish Grand Prix,Alexander Albon,ALB,Toro Rosso,11.0,11.0,Finished,0.0
2019,5,Spanish Grand Prix,Daniel Ricciardo,RIC,Renault,13.0,12.0,Finished,0.0
2019,5,Spanish Grand Prix,Nico Hulkenberg,HUL,Renault,0.0,13.0,Finished,0.0
2019,5,Spanish Grand Prix,Kimi Räikkönen,RAI,Alfa Romeo Racing,14.0,14.0,Finished,0.0
2019,5,Spanish Grand Prix,Sergio Perez,PER,Racing Point,15.0,15.0,Finished,0.0
2019,5,Spanish Grand Prix,Antonio Giovinazzi,GIO,Alfa Romeo Racing,18.0,16.0,Finished,0.0
2019,5,Spanish Grand Prix,George Russell,RUS,Williams,19.0,17.0,DNF,0.0
2019,5,Spanish Grand Prix,Robert Kubica,KUB,Williams,17.0,18.0,DNF,0.0
2019,5,Spanish Grand Prix,Lance Stroll,STR,Racing Point,16.0,19.0,DNF,0.0
2019,5,Spanish Grand Prix,Lando Norris,NOR,McLaren,10.0,20.0,DNF,0.0
2019,6,Monaco Grand Prix,Lewis Hamilton,HAM,Mercedes,1.0,1.0,Finished,25.0
2019,6,Monaco Grand Prix,Sebastian Vettel,VET,Ferrari,4.0,2.0,Finished,18.0
2019,6,Monaco Grand Prix,Valtteri Bottas,BOT,Mercedes,2.0,3.0,Finished,15.0
2019,6,Monaco Grand Prix,Max Verstappen,VER,Red Bull Racing,3.0,4.0,Finished,12.0
2019,6,Monaco Grand Prix,Pierre Gasly,GAS,Red Bull Racing,8.0,5.0,Finished,11.0
2019,6,Monaco Grand Prix,Carlos Sainz,SAI,McLaren,9.0,6.0,Finished,8.0
2019,6,Monaco Grand Prix,Daniil Kvyat,KVY,Toro Rosso,7.0,7.0,Finished,6.0
2019,6,Monaco Grand Prix,Alexander Albon,ALB,Toro Rosso,10.0,8.0,Finished,4.0
2019,6,Monaco Grand Prix,Daniel Ricciardo,RIC,Renault,6.0,9.0,Finished,2.0
2019,6,Monaco Grand Prix,Romain Grosjean,GRO,Haas F1 Team,13.0,10.0,Finished,1.0
2019,6,Monaco Grand Prix,Lando Norris,NOR,McLaren,12.0,11.0,Finished,0.0
2019,6,Monaco Grand Prix,Sergio Perez,PER,Racing Point,16.0,12.0,DNF,0.0
2019,6,Monaco Grand Prix,Nico Hulkenberg,HUL,Renault,11.0,13.0,DNF,0.0
2019,6,Monaco Grand Prix,Kevin Magnussen,MAG,Haas F1 Team,5.0,14.0,DNF,0.0
2019,6,Monaco Grand Prix,George Russell,RUS,Williams,19.0,15.0,DNF,0.0
2019,6,Monaco Grand Prix,Lance Stroll,STR,Racing Point,17.0,16.0,DNF,0.0
2019,6,Monaco Grand Prix,Kimi Räikkönen,RAI,Alfa Romeo Racing,14.0,17.0,DNF,0.0
2019,6,Monaco Grand Prix,Robert Kubica,KUB,Williams,20.0,18.0,DNF,0.0
2019,6,Monaco Grand Prix,Antonio Giovinazzi,GIO,Alfa Romeo Racing,18.0,19.0,DNF,0.0
2019,6,Monaco Grand Prix,Charles Leclerc,LEC,Ferrari,15.0,20.0,DNF,0.0
2019,7,Canadian Grand Prix,Lewis Hamilton,HAM,Mercedes,2.0,1.0,Finished,25.0
2019,7,Canadian Grand Prix,Sebastian Vettel,VET,Ferrari,1.0,2.0,Finished,18.0
2019,7,Canadian Grand Prix,Charles Leclerc,LEC,Ferrari,3.0,3.0,Finished,15.0
2019,7,Canadian Grand Prix,Valtteri Bottas,BOT,Mercedes,6.0,4.0,Finished,13.0
2019,7,Canadian Grand Prix,Max Verstappen,VER,Red Bull Racing,9.0,5.0,Finished,10.0
2019,7,Canadian Grand Prix,Daniel Ricciardo,RIC,Renault,4.0,6.0,DNF,8.0
2019,7,Canadian Grand Prix,Nico Hulkenberg,HUL,Renault,7.0,7.0,DNF,6.0
2019,7,Canadian Grand Prix,Pierre Gasly,GAS,Red Bull Racing,5.0,8.0,DNF,4.0
2019,7,Canadian Grand Prix,Lance Stroll,STR,Racing Point,17.0,9.0,DNF,2.0
2019,7,Canadian Grand Prix,Daniil Kvyat,KVY,Toro Rosso,10.0,10.0,DNF,1.0
2019,7,Canadian Grand Prix,Carlos Sainz,SAI,McLaren,11.0,11.0,DNF,0.0
2019,7,Canadian Grand Prix,Sergio Perez,PER,Racing Point,15.0,12.0,DNF,0.0
2019,7,Canadian Grand Prix,Antonio Giovinazzi,GIO,Alfa Romeo Racing,12.0,13.0,DNF,0.0
2019,7,Canadian Grand Prix,Romain Grosjean,GRO,Haas F1 Team,14.0,14.0,DNF,0.0
2019,7,Canadian Grand Prix,Kimi Räikkönen,RAI,Alfa Romeo Racing,16.0,15.0,DNF,0.0
2019,7,Canadian Grand Prix,George Russell,RUS,Williams,18.0,16.0,DNF,0.0
2019,7,Canadian Grand Prix,Kevin Magnussen,MAG,Haas F1 Team,0.0,17.0,DNF,0.0
2019,7,Canadian Grand Prix,Robert Kubica,KUB,Williams,19.0,18.0,DNF,0.0
2019,7,Canadian Grand Prix,Alexander Albon,ALB,Toro Rosso,13.0,19.0,DNF,0.0
2019,7,Canadian Grand Prix,Lando Norris,NOR,McLaren,8.0,20.0,DNF,0.0
2019,8,French Grand Prix,Lewis Hamilton,HAM,Mercedes,1.0,1.0,Finished,25.0
2019,8,French Grand Prix,Valtteri Bottas,BOT,Mercedes,2.0,2.0,Finished,18.0
2019,8,French Grand Prix,Charles Leclerc,LEC,Ferrari,3.0,3.0,Finished,15.0
2019,8,French Grand Prix,Max Verstappen,VER,Red Bull Racing,4.0,4.0,Finished,12.0
2019,8,French Grand Prix,Sebastian Vettel,VET,Ferrari,7.0,5.0,Finished,11.0
2019,8,French Grand Prix,Carlos Sainz,SAI,McLaren,6.0,6.0,Finished,8.0
2019,8,French Grand Prix,Kimi Räikkönen,RAI,Alfa Romeo Racing,12.0,7.0,DNF,6.0
2019,8,French Grand Prix,Nico Hulkenberg,HUL,Renault,13.0,8.0,DNF,4.0
2019,8,French Grand Prix,Lando Norris,NOR,McLaren,5.0,9.0,DNF,2.0
2019,8,French Grand Prix,Pierre Gasly,GAS,Red Bull Racing,9.0,10.0,DNF,1.0
2019,8,French Grand Prix,Daniel Ricciardo,RIC,Renault,8.0,11.0,DNF,0.0
2019,8,French Grand Prix,Sergio Perez,PER,Racing Point,14.0,12.0,DNF,0.0
2019,8,French Grand Prix,Lance Stroll,STR,Racing Point,17.0,13.0,DNF,0.0
2019,8,French Grand Prix,Daniil Kvyat,KVY,Toro Rosso,19.0,14.0,DNF,0.0
2019,8,French Grand Prix,Alexander Albon,ALB,Toro Rosso,11.0,15.0,DNF,0.0
2019,8,French Grand Prix,Antonio Giovinazzi,GIO,Alfa Romeo Racing,10.0,16.0,DNF,0.0
2019,8,French Grand Prix,Kevin Magnussen,MAG,Haas F1 Team,15.0,17.0,DNF,0.0
2019,8,French Grand Prix,Robert Kubica,KUB,Williams,18.0,18.0,DNF,0.0
2019,8,French Grand Prix,George Russell,RUS,Williams,20.0,19.0,DNF,0.0
2019,8,French Grand Prix,Romain Grosjean,GRO,Haas F1 Team,16.0,20.0,DNF,0.0
2019,9,Austrian Grand Prix,Max Verstappen,VER,Red Bull Racing,2.0,1.0,Finished,26.0
2019,9,Austrian Grand Prix,Charles Leclerc,LEC,Ferrari,1.0,2.0,Finished,18.0
2019,9,Austrian Grand Prix,Valtteri Bottas,BOT,Mercedes,3.0,3.0,Finished,15.0
2019,9,Austrian Grand Prix,Sebastian Vettel,VET,Ferrari,9.0,4.0,Finished,12.0
2019,9,Austrian Grand Prix,Lewis Hamilton,HAM,Mercedes,4.0,5.0,Finished,10.0
2019,9,Austrian Grand Prix,Lando Norris,NOR,McLaren,5.0,6.0,DNF,8.0
2019,9,Austrian Grand Prix,Pierre Gasly,GAS,Red Bull Racing,8.0,7.0,DNF,6.0
2019,9,Austrian Grand Prix,Carlos Sainz,SAI,McLaren,19.0,8.0,DNF,4.0
2019,9,Austrian Grand Prix,Kimi Räikkönen,RAI,Alfa Romeo Racing,6.0,9.0,DNF,2.0
2019,9,Austrian Grand Prix,Antonio Giovinazzi,GIO,Alfa Romeo Racing,7.0,10.0,DNF,1.0
2019,9,Austrian Grand Prix,Sergio Perez,PER,Racing Point,13.0,11.0,DNF,0.0
2019,9,Austrian Grand Prix,Daniel Ricciardo,RIC,Renault,12.0,12.0,DNF,0.0
2019,9,Austrian Grand Prix,Nico Hulkenberg,HUL,Renault,15.0,13.0,DNF,0.0
2019,9,Austrian Grand Prix,Lance Stroll,STR,Racing Point,14.0,14.0,DNF,0.0
2019,9,Austrian Grand Prix,Alexander Albon,ALB,Toro Rosso,18.0,15.0,DNF,0.0
2019,9,Austrian Grand Prix,Romain Grosjean,GRO,Haas F1 Team,11.0,16.0,DNF,0.0
2019,9,Austrian Grand Prix,Daniil Kvyat,KVY,Toro Rosso,16.0,17.0,DNF,0.0
2019,9,Austrian Grand Prix,George Russell,RUS,Williams,0.0,18.0,DNF,0.0
2019,9,Austrian Grand Prix,Kevin Magnussen,MAG,Haas F1 Team,10.0,19.0,DNF,0.0
2019,9,Austrian Grand Prix,Robert Kubica,KUB,Williams,17.0,20.0,DNF,0.0
2019,10,British Grand Prix,Lewis Hamilton,HAM,Mercedes,2.0,1.0,Finished,26.0
2019,10,British Grand Prix,Valtteri Bottas,BOT,Mercedes,1.0,2.0,Finished,18.0
2019,10,British Grand Prix,Charles Leclerc,LEC,Ferrari,3.0,3.0,Finished,15.0
2019,10,British Grand Prix,Pierre Gasly,GAS,Red Bull Racing,5.0,4.0,Finished,12.0
2019,10,British Grand Prix,Max Verstappen,VER,Red Bull Racing,4.0,5.0,Finished,10.0
2019,10,British Grand Prix,Carlos Sainz,SAI,McLaren,13.0,6.0,Finished,8.0
2019,10,British Grand Prix,Daniel Ricciardo,RIC,Renault,7.0,7.0,Finished,6.0
2019,10,British Grand Prix,Kimi Räikkönen,RAI,Alfa Romeo Racing,12.0,8.0,Finished,4.0
2019,10,British Grand Prix,Daniil Kvyat,KVY,Toro Rosso,17.0,9.0,Finished,2.0
2019,10,British Grand Prix,Nico Hulkenberg,HUL,Renault,10.0,10.0,Finished,1.0
2019,10,British Grand Prix,Lando Norris,NOR,McLaren,8.0,11.0,Finished,0.0
2019,10,British Grand Prix,Alexander Albon,ALB,Toro Rosso,9.0,12.0,Finished,0.0
2019,10,British Grand Prix,Lance Stroll,STR,Racing Point,18.0,13.0,Finished,0.0
2019,10,British Grand Prix,George Russell,RUS,Williams,19.0,14.0,DNF,0.0
2019,10,British Grand Prix,Robert Kubica,KUB,Williams,20.0,15.0,DNF,0.0
2019,10,British Grand Prix,Sebastian Vettel,VET,Ferrari,6.0,16.0,DNF,0.0
2019,10,British Grand Prix,Sergio Perez,PER,Racing Point,15.0,17.0,DNF,0.0
2019,10,British Grand Prix,Antonio Giovinazzi,GIO,Alfa Romeo Racing,11.0,18.0,DNF,0.0
2019,10,British Grand Prix,Romain Grosjean,GRO,Haas F1 Team,14.0,19.0,DNF,0.0
2019,10,British Grand Prix,Kevin Magnussen,MAG,Haas F1 Team,16.0,20.0,DNF,0.0
2019,11,German Grand Prix,Max Verstappen,VER,Red Bull Racing,2.0,1.0,Finished,26.0
2019,11,German Grand Prix,Sebastian Vettel,VET,Ferrari,20.0,2.0,Finished,18.0
2019,11,German Grand Prix,Daniil Kvyat,KVY,Toro Rosso,14.0,3.0,Finished,15.0
2019,11,German Grand Prix,Lance Stroll,STR,Racing Point,15.0,4.0,Finished,12.0
2019,11,German Grand Prix,Carlos Sainz,SAI,McLaren,7.0,5.0,Finished,10.0
2019,11,German Grand Prix,Alexander Albon,ALB,Toro Rosso,16.0,6.0,Finished,8.0
2019,11,German Grand Prix,Romain Grosjean,GRO,Haas F1 Team,6.0,7.0,Finished,6.0
2019,11,German Grand Prix,Kevin Magnussen,MAG,Haas F1 Team,12.0,8.0,Finished,4.0
2019,11,German Grand Prix,Lewis Hamilton,HAM,Mercedes,1.0,9.0,Finished,2.0
2019,11,German Grand Prix,Robert Kubica,KUB,Williams,18.0,10.0,Finished,1.0
2019,11,German Grand Prix,George Russell,RUS,Williams,17.0,11.0,Finished,0.0
2019,11,German Grand Prix,Kimi Räikkönen,RAI,Alfa Romeo Racing,5.0,12.0,Finished,0.0
2019,11,German Grand Prix,Antonio Giovinazzi,GIO,Alfa Romeo Racing,11.0,13.0,Finished,0.0
2019,11,German Grand Prix,Pierre Gasly,GAS,Red Bull Racing,4.0,14.0,DNF,0.0
2019,11,German Grand Prix,Valtteri Bottas,BOT,Mercedes,3.0,15.0,DNF,0.0
2019,11,German Grand Prix,Nico Hulkenberg,HUL,Renault,9.0,16.0,DNF,0.0
2019,11,German Grand Prix,Charles Leclerc,LEC,Ferrari,10.0,17.0,DNF,0.0
2019,11,German Grand Prix,Lando Norris,NOR,McLaren,19.0,18.0,DNF,0.0
2019,11,German Grand Prix,Daniel Ricciardo,RIC,Renault,13.0,19.0,DNF,0.0
2019,11,German Grand Prix,Sergio Perez,PER,Racing Point,8.0,20.0,DNF,0.0
2019,12,Hungarian Grand Prix,Lewis Hamilton,HAM,Mercedes,3.0,1.0,Finished,25.0
2019,12,Hungarian Grand Prix,Max Verstappen,VER,Red Bull Racing,1.0,2.0,Finished,19.0
2019,12,Hungarian Grand Prix,Sebastian Vettel,VET,Ferrari,5.0,3.0,Finished,15.0
2019,12,Hungarian Grand Prix,Charles Leclerc,LEC,Ferrari,4.0,4.0,Finished,12.0
2019,12,Hungarian Grand Prix,Carlos Sainz,SAI,McLaren,8.0,5.0,DNF,10.0
2019,12,Hungarian Grand Prix,Pierre Gasly,GAS,Red Bull Racing,6.0,6.0,DNF,8.0
2019,12,Hungarian Grand Prix,Kimi Räikkönen,RAI,Alfa Romeo Racing,10.0,7.0,DNF,6.0
2019,12,Hungarian Grand Prix,Valtteri Bottas,BOT,Mercedes,2.0,8.0,DNF,4.0
2019,12,Hungarian Grand Prix,Lando Norris,NOR,McLaren,7.0,9.0,DNF,2.0
2019,12,Hungarian Grand Prix,Alexander Albon,ALB,Toro Rosso,12.0,10.0,DNF,1.0
2019,12,Hungarian Grand Prix,Sergio Perez,PER,Racing Point,16.0,11.0,DNF,0.0
2019,12,Hungarian Grand Prix,Nico Hulkenberg,HUL,Renault,11.0,12.0,DNF,0.0
2019,12,Hungarian Grand Prix,Kevin Magnussen,MAG,Haas F1 Team,14.0,13.0,DNF,0.0
2019,12,Hungarian Grand Prix,Daniel Ricciardo,RIC,Renault,20.0,14.0,DNF,0.0
2019,12,Hungarian Grand Prix,Daniil Kvyat,KVY,Toro Rosso,13.0,15.0,DNF,0.0
2019,12,Hungarian Grand Prix,George Russell,RUS,Williams,15.0,16.0,DNF,0.0
2019,12,Hungarian Grand Prix,Lance Stroll,STR,Racing Point,18.0,17.0,DNF,0.0
2019,12,Hungarian Grand Prix,Antonio Giovinazzi,GIO,Alfa Romeo Racing,17.0,18.0,DNF,0.0
2019,12,Hungarian Grand Prix,Robert Kubica,KUB,Williams,19.0,19.0,DNF,0.0
2019,12,Hungarian Grand Prix,Romain Grosjean,GRO,Haas F1 Team,9.0,20.0,DNF,0.0
2019,13,Belgian Grand Prix,Charles Leclerc,LEC,Ferrari,1.0,1.0,Finished,25.0
2019,13,Belgian Grand Prix,Lewis Hamilton,HAM,Mercedes,3.0,2.0,Finished,18.0
2019,13,Belgian Grand Prix,Valtteri Bottas,BOT,Mercedes,4.0,3.0,Finished,15.0
2019,13,Belgian Grand Prix,Sebastian Vettel,VET,Ferrari,2.0,4.0,Finished,13.0
2019,13,Belgian Grand Prix,Alexander Albon,ALB,Red Bull Racing,17.0,5.0,Finished,10.0
2019,13,Belgian Grand Prix,Sergio Perez,PER,Racing Point,7.0,6.0,Finished,8.0
2019,13,Belgian Grand Prix,Daniil Kvyat,KVY,Toro Rosso,19.0,7.0,Finished,6.0
2019,13,Belgian Grand Prix,Nico Hulkenberg,HUL,Renault,12.0,8.0,Finished,4.0
2019,13,Belgian Grand Prix,Pierre Gasly,GAS,Toro Rosso,13.0,9.0,Finished,2.0
2019,13,Belgian Grand Prix,Lance Stroll,STR,Racing Point,16.0,10.0,Finished,1.0
2019,13,Belgian Grand Prix,Lando Norris,NOR,McLaren,11.0,11.0,DNF,0.0
2019,13,Belgian Grand Prix,Kevin Magnussen,MAG,Haas F1 Team,8.0,12.0,DNF,0.0
2019,13,Belgian Grand Prix,Romain Grosjean,GRO,Haas F1 Team,9.0,13.0,DNF,0.0
2019,13,Belgian Grand Prix,Daniel Ricciardo,RIC,Renault,10.0,14.0,DNF,0.0
2019,13,Belgian Grand Prix,George Russell,RUS,Williams,14.0,15.0,DNF,0.0
2019,13,Belgian Grand Prix,Kimi Räikkönen,RAI,Alfa Romeo Racing,6.0,16.0,DNF,0.0
2019,13,Belgian Grand Prix,Robert Kubica,KUB,Williams,0.0,17.0,DNF,0.0
2019,13,Belgian Grand Prix,Antonio Giovinazzi,GIO,Alfa Romeo Racing,18.0,18.0,DNF,0.0
2019,13,Belgian Grand Prix,Carlos Sainz,SAI,McLaren,15.0,19.0,DNF,0.0
2019,13,Belgian Grand Prix,Max Verstappen,VER,Red Bull Racing,5.0,20.0,DNF,0.0
2019,14,Italian Grand Prix,Charles Leclerc,LEC,Ferrari,1.0,1.0,Finished,25.0
2019,14,Italian Grand Prix,Valtteri Bottas,BOT,Mercedes,3.0,2.0,Finished,18.0
2019,14,Italian Grand Prix,Lewis Hamilton,HAM,Mercedes,2.0,3.0,Finished,16.0
2019,14,Italian Grand Prix,Daniel Ricciardo,RIC,Renault,5.0,4.0,Finished,12.0
2019,14,Italian Grand Prix,Nico Hulkenberg,HUL,Renault,6.0,5.0,Finished,10.0
2019,14,Italian Grand Prix,Alexander Albon,ALB,Red Bull Racing,8.0,6.0,Finished,8.0
2019,14,Italian Grand Prix,Sergio Perez,PER,Racing Point,18.0,7.0,Finished,6.0
2019,14,Italian Grand Prix,Max Verstappen,VER,Red Bull Racing,19.0,8.0,Finished,4.0
2019,14,Italian Grand Prix,Antonio Giovinazzi,GIO,Alfa Romeo Racing,10.0,9.0,DNF,2.0
2019,14,Italian Grand Prix,Lando Norris,NOR,McLaren,16.0,10.0,DNF,1.0
2019,14,Italian Grand Prix,Pierre Gasly,GAS,Toro Rosso,17.0,11.0,DNF,0.0
2019,14,Italian Grand Prix,Lance Stroll,STR,Racing Point,9.0,12.0,DNF,0.0
2019,14,Italian Grand Prix,Sebastian Vettel,VET,Ferrari,4.0,13.0,DNF,0.0
2019,14,Italian Grand Prix,George Russell,RUS,Williams,14.0,14.0,DNF,0.0
2019,14,Italian Grand Prix,Kimi Räikkönen,RAI,Alfa Romeo Racing,0.0,15.0,DNF,0.0
2019,14,Italian Grand Prix,Romain Grosjean,GRO,Haas F1 Team,13.0,16.0,DNF,0.0
2019,14,Italian Grand Prix,Robert Kubica,KUB,Williams,15.0,17.0,DNF,0.0
2019,14,Italian Grand Prix,Kevin Magnussen,MAG,Haas F1 Team,11.0,18.0,DNF,0.0
2019,14,Italian Grand Prix,Daniil Kvyat,KVY,Toro Rosso,12.0,19.0,DNF,0.0
2019,14,Italian Grand Prix,Carlos Sainz,SAI,McLaren,7.0,20.0,DNF,0.0
2019,15,Singapore Grand Prix,Sebastian Vettel,VET,Ferrari,3.0,1.0,Finished,25.0
2019,15,Singapore Grand Prix,Charles Leclerc,LEC,Ferrari,1.0,2.0,Finished,18.0
2019,15,Singapore Grand Prix,Max Verstappen,VER,Red Bull Racing,4.0,3.0,Finished,15.0
2019,15,Singapore Grand Prix,Lewis Hamilton,HAM,Mercedes,2.0,4.0,Finished,12.0
2019,15,Singapore Grand Prix,Valtteri Bottas,BOT,Mercedes,5.0,5.0,Finished,10.0
2019,15,Singapore Grand Prix,Alexander Albon,ALB,Red Bull Racing,6.0,6.0,Finished,8.0
2019,15,Singapore Grand Prix,Lando Norris,NOR,McLaren,9.0,7.0,Finished,6.0
2019,15,Singapore Grand Prix,Pierre Gasly,GAS,Toro Rosso,11.0,8.0,Finished,4.0
2019,15,Singapore Grand Prix,Nico Hulkenberg,HUL,Renault,8.0,9.0,Finished,2.0
2019,15,Singapore Grand Prix,Antonio Giovinazzi,GIO,Alfa Romeo Racing,10.0,10.0,Finished,1.0
2019,15,Singapore Grand Prix,Romain Grosjean,GRO,Haas F1 Team,17.0,11.0,Finished,0.0
2019,15,Singapore Grand Prix,Carlos Sainz,SAI,McLaren,7.0,12.0,Finished,0.0
2019,15,Singapore Grand Prix,Lance Stroll,STR,Racing Point,16.0,13.0,Finished,0.0
2019,15,Singapore Grand Prix,Daniel Ricciardo,RIC,Renault,20.0,14.0,Finished,0.0
2019,15,Singapore Grand Prix,Daniil Kvyat,KVY,Toro Rosso,14.0,15.0,Finished,0.0
2019,15,Singapore Grand Prix,Robert Kubica,KUB,Williams,19.0,16.0,Finished,0.0
2019,15,Singapore Grand Prix,Kevin Magnussen,MAG,Haas F1 Team,13.0,17.0,Finished,0.0
2019,15,Singapore Grand Prix,Kimi Räikkönen,RAI,Alfa Romeo Racing,12.0,18.0,DNF,0.0
2019,15,Singapore Grand Prix,Sergio Perez,PER,Racing Point,15.0,19.0,DNF,0.0
2019,15,Singapore Grand Prix,George Russell,RUS,Williams,18.0,20.0,DNF,0.0
2019,16,Russian Grand Prix,Lewis Hamilton,HAM,Mercedes,2.0,1.0,Finished,26.0
2019,16,Russian Grand Prix,Valtteri Bottas,BOT,Mercedes,4.0,2.0,Finished,18.0
2019,16,Russian Grand Prix,Charles Leclerc,LEC,Ferrari,1.0,3.0,Finished,15.0
2019,16,Russian Grand Prix,Max Verstappen,VER,Red Bull Racing,9.0,4.0,Finished,12.0
2019,16,Russian Grand Prix,Alexander Albon,ALB,Red Bull Racing,0.0,5.0,Finished,10.0
2019,16,Russian Grand Prix,Carlos Sainz,SAI,McLaren,5.0,6.0,Finished,8.0
2019,16,Russian Grand Prix,Sergio Perez,PER,Racing Point,11.0,7.0,Finished,6.0
2019,16,Russian Grand Prix,Lando Norris,NOR,McLaren,7.0,8.0,Finished,4.0
2019,16,Russian Grand Prix,Kevin Magnussen,MAG,Haas F1 Team,13.0,9.0,Finished,2.0
2019,16,Russian Grand Prix,Nico Hulkenberg,HUL,Renault,6.0,10.0,Finished,1.0
2019,16,Russian Grand Prix,Lance Stroll,STR,Racing Point,14.0,11.0,Finished,0.0
2019,16,Russian Grand Prix,Daniil Kvyat,KVY,Toro Rosso,19.0,12.0,Finished,0.0
2019,16,Russian Grand Prix,Kimi Räikkönen,RAI,Alfa Romeo Racing,15.0,13.0,Finished,0.0
2019,16,Russian Grand Prix,Pierre Gasly,GAS,Toro Rosso,16.0,14.0,Finished,0.0
2019,16,Russian Grand Prix,Antonio Giovinazzi,GIO,Alfa Romeo Racing,12.0,15.0,Finished,0.0
2019,16,Russian Grand Prix,Robert Kubica,KUB,Williams,18.0,16.0,DNF,0.0
2019,16,Russian Grand Prix,George Russell,RUS,Williams,17.0,17.0,DNF,0.0
2019,16,Russian Grand Prix,Sebastian Vettel,VET,Ferrari,3.0,18.0,DNF,0.0
2019,16,Russian Grand Prix,Daniel Ricciardo,RIC,Renault,10.0,19.0,DNF,0.0
2019,16,Russian Grand Prix,Romain Grosjean,GRO,Haas F1 Team,8.0,20.0,DNF,0.0
2019,17,Japanese Grand Prix,Valtteri Bottas,BOT,Mercedes,3.0,1.0,Finished,25.0
2019,17,Japanese Grand Prix,Sebastian Vettel,VET,Ferrari,1.0,2.0,Finished,18.0
2019,17,Japanese Grand Prix,Lewis Hamilton,HAM,Mercedes,4.0,3.0,Finished,16.0
2019,17,Japanese Grand Prix,Alexander Albon,ALB,Red Bull Racing,6.0,4.0,Finished,12.0
2019,17,Japanese Grand Prix,Carlos Sainz,SAI,McLaren,7.0,5.0,Finished,10.0
2019,17,Japanese Grand Prix,Charles Leclerc,LEC,Ferrari,2.0,6.0,DNF,8.0
2019,17,Japanese Grand Prix,Pierre Gasly,GAS,Toro Rosso,9.0,7.0,DNF,6.0
2019,17,Japanese Grand Prix,Sergio Perez,PER,Racing Point,17.0,8.0,DNF,4.0
2019,17,Japanese Grand Prix,Lance Stroll,STR,Racing Point,12.0,9.0,DNF,2.0
2019,17,Japanese Grand Prix,Daniil Kvyat,KVY,Toro Rosso,14.0,10.0,DNF,1.0
2019,17,Japanese Grand Prix,Lando Norris,NOR,McLaren,8.0,11.0,DNF,0.0
2019,17,Japanese Grand Prix,Kimi Räikkönen,RAI,Alfa Romeo Racing,13.0,12.0,DNF,0.0
2019,17,Japanese Grand Prix,Romain Grosjean,GRO,Haas F1 Team,10.0,13.0,DNF,0.0
2019,17,Japanese Grand Prix,Antonio Giovinazzi,GIO,Alfa Romeo Racing,11.0,14.0,DNF,0.0
2019,17,Japanese Grand Prix,Kevin Magnussen,MAG,Haas F1 Team,19.0,15.0,DNF,0.0
2019,17,Japanese Grand Prix,George Russell,RUS,Williams,18.0,16.0,DNF,0.0
2019,17,Japanese Grand Prix,Robert Kubica,KUB,Williams,0.0,17.0,DNF,0.0
2019,17,Japanese Grand Prix,Max Verstappen,VER,Red Bull Racing,5.0,18.0,DNF,0.0
2019,17,Japanese Grand Prix,Daniel Ricciardo,RIC,Renault,16.0,19.0,DNF,0.0
2019,17,Japanese Grand Prix,Nico Hulkenberg,HUL,Renault,15.0,20.0,DNF,0.0
2019,18,Mexican Grand Prix,Lewis Hamilton,HAM,Mercedes,3.0,1.0,Finished,25.0
2019,18,Mexican Grand Prix,Sebastian Vettel,VET,Ferrari,2.0,2.0,Finished,18.0
2019,18,Mexican Grand Prix,Valtteri Bottas,BOT,Mercedes,6.0,3.0,Finished,15.0
2019,18,Mexican Grand Prix,Charles Leclerc,LEC,Ferrari,1.0,4.0,Finished,13.0
2019,18,Mexican Grand Prix,Alexander Albon,ALB,Red Bull Racing,5.0,5.0,Finished,10.0
2019,18,Mexican Grand Prix,Max Verstappen,VER,Red Bull Racing,4.0,6.0,Finished,8.0
2019,18,Mexican Grand Prix,Sergio Perez,PER,Racing Point,11.0,7.0,Finished,6.0
2019,18,Mexican Grand Prix,Daniel Ricciardo,RIC,Renault,13.0,8.0,Finished,4.0
2019,18,Mexican Grand Prix,Pierre Gasly,GAS,Toro Rosso,10.0,9.0,DNF,2.0
2019,18,Mexican Grand Prix,Nico Hulkenberg,HUL,Renault,12.0,10.0,DNF,1.0
2019,18,Mexican Grand Prix,Daniil Kvyat,KVY,Toro Rosso,9.0,11.0,DNF,0.0
2019,18,Mexican Grand Prix,Lance Stroll,STR,Racing Point,16.0,12.0,DNF,0.0
2019,18,Mexican Grand Prix,Carlos Sainz,SAI,McLaren,7.0,13.0,DNF,0.0
2019,18,Mexican Grand Prix,Antonio Giovinazzi,GIO,Alfa Romeo Racing,15.0,14.0,DNF,0.0
2019,18,Mexican Grand Prix,Kevin Magnussen,MAG,Haas F1 Team,17.0,15.0,DNF,0.0
2019,18,Mexican Grand Prix,George Russell,RUS,Williams,19.0,16.0,DNF,0.0
2019,18,Mexican Grand Prix,Romain Grosjean,GRO,Haas F1 Team,18.0,17.0,DNF,0.0
2019,18,Mexican Grand Prix,Robert Kubica,KUB,Williams,20.0,18.0,DNF,0.0
2019,18,Mexican Grand Prix,Kimi Räikkönen,RAI,Alfa Romeo Racing,14.0,19.0,DNF,0.0
2019,18,Mexican Grand Prix,Lando Norris,NOR,McLaren,8.0,20.0,DNF,0.0
2019,19,United States Grand Prix,Valtteri Bottas,BOT,Mercedes,1.0,1.0,Finished,25.0
2019,19,United States Grand Prix,Lewis Hamilton,HAM,Mercedes,5.0,2.0,Finished,18.0
2019,19,United States Grand Prix,Max Verstappen,VER,Red Bull Racing,3.0,3.0,Finished,15.0
2019,19,United States Grand Prix,Charles Leclerc,LEC,Ferrari,4.0,4.0,Finished,13.0
2019,19,United States Grand Prix,Alexander Albon,ALB,Red Bull Racing,6.0,5.0,Finished,10.0
2019,19,United States Grand Prix,Daniel Ricciardo,RIC,Renault,9.0,6.0,Finished,8.0
2019,19,United States Grand Prix,Lando Norris,NOR,McLaren,8.0,7.0,Finished,6.0
2019,19,United States Grand Prix,Carlos Sainz,SAI,McLaren,7.0,8.0,DNF,4.0
2019,19,United States Grand Prix,Nico Hulkenberg,HUL,Renault,11.0,9.0,DNF,2.0
2019,19,United States Grand Prix,Sergio Perez,PER,Racing Point,0.0,10.0,DNF,1.0
2019,19,United States Grand Prix,Kimi Räikkönen,RAI,Alfa Romeo Racing,17.0,11.0,DNF,0.0
2019,19,United States Grand Prix,Daniil Kvyat,KVY,Toro Rosso,13.0,12.0,DNF,0.0
2019,19,United States Grand Prix,Lance Stroll,STR,Racing Point,14.0,13.0,DNF,0.0
2019,19,United States Grand Prix,Antonio Giovinazzi,GIO,Alfa Romeo Racing,16.0,14.0,DNF,0.0
2019,19,United States Grand Prix,Romain Grosjean,GRO,Haas F1 Team,15.0,15.0,DNF,0.0
2019,19,United States Grand Prix,Pierre Gasly,GAS,Toro Rosso,10.0,16.0,DNF,0.0
2019,19,United States Grand Prix,George Russell,RUS,Williams,18.0,17.0,DNF,0.0
2019,19,United States Grand Prix,Kevin Magnussen,MAG,Haas F1 Team,12.0,18.0,DNF,0.0
2019,19,United States Grand Prix,Robert Kubica,KUB,Williams,19.0,19.0,DNF,0.0
2019,19,United States Grand Prix,Sebastian Vettel,VET,Ferrari,2.0,20.0,DNF,0.0
2019,20,Brazilian Grand Prix,Max Verstappen,VER,Red Bull Racing,1.0,1.0,Finished,25.0
2019,20,Brazilian Grand Prix,Pierre Gasly,GAS,Toro Rosso,6.0,2.0,Finished,18.0
2019,20,Brazilian Grand Prix,Carlos Sainz,SAI,McLaren,20.0,3.0,Finished,15.0
2019,20,Brazilian Grand Prix,Kimi Räikkönen,RAI,Alfa Romeo Racing,8.0,4.0,Finished,12.0
2019,20,Brazilian Grand Prix,Antonio Giovinazzi,GIO,Alfa Romeo Racing,12.0,5.0,Finished,10.0
2019,20,Brazilian Grand Prix,Daniel Ricciardo,RIC,Renault,11.0,6.0,Finished,8.0
2019,20,Brazilian Grand Prix,Lewis Hamilton,HAM,Mercedes,3.0,7.0,Finished,6.0
2019,20,Brazilian Grand Prix,Lando Norris,NOR,McLaren,10.0,8.0,Finished,4.0
2019,20,Brazilian Grand Prix,Sergio Perez,PER,Racing Point,15.0,9.0,Finished,2.0
2019,20,Brazilian Grand Prix,Daniil Kvyat,KVY,Toro Rosso,16.0,10.0,Finished,1.0
2019,20,Brazilian Grand Prix,Kevin Magnussen,MAG,Haas F1 Team,9.0,11.0,Finished,0.0
2019,20,Brazilian Grand Prix,George Russell,RUS,Williams,18.0,12.0,Finished,0.0
2019,20,Brazilian Grand Prix,Romain Grosjean,GRO,Haas F1 Team,7.0,13.0,Finished,0.0
2019,20,Brazilian Grand Prix,Alexander Albon,ALB,Red Bull Racing,5.0,14.0,Finished,0.0
2019,20,Brazilian Grand Prix,Nico Hulkenberg,HUL,Renault,13.0,15.0,Finished,0.0
2019,20,Brazilian Grand Prix,Robert Kubica,KUB,Williams,19.0,16.0,DNF,0.0
2019,20,Brazilian Grand Prix,Sebastian Vettel,VET,Ferrari,2.0,17.0,DNF,0.0
2019,20,Brazilian Grand Prix,Charles Leclerc,LEC,Ferrari,14.0,18.0,DNF,0.0
2019,20,Brazilian Grand Prix,Lance Stroll,STR,Racing Point,17.0,19.0,DNF,0.0
2019,20,Brazilian Grand Prix,Valtteri Bottas,BOT,Mercedes,4.0,20.0,DNF,0.0
2019,21,Abu Dhabi Grand Prix,Lewis Hamilton,HAM,Mercedes,1.0,1.0,Finished,26.0
2019,21,Abu Dhabi Grand Prix,Max Verstappen,VER,Red Bull Racing,2.0,2.0,Finished,18.0
2019,21,Abu Dhabi Grand Prix,Charles Leclerc,LEC,Ferrari,3.0,3.0,Finished,15.0
2019,21,Abu Dhabi Grand Prix,Valtteri Bottas,BOT,Mercedes,20.0,4.0,Finished,12.0
2019,21,Abu Dhabi Grand Prix,Sebastian Vettel,VET,Ferrari,4.0,5.0,Finished,10.0
2019,21,Abu Dhabi Grand Prix,Alexander Albon,ALB,Red Bull Racing,5.0,6.0,Finished,8.0
2019,21,Abu Dhabi Grand Prix,Sergio Perez,PER,Racing Point,10.0,7.0,DNF,6.0
2019,21,Abu Dhabi Grand Prix,Lando Norris,NOR,McLaren,6.0,8.0,DNF,4.0
2019,21,Abu Dhabi Grand Prix,Daniil Kvyat,KVY,Toro Rosso,13.0,9.0,DNF,2.0
2019,21,Abu Dhabi Grand Prix,Carlos Sainz,SAI,McLaren,8.0,10.0,DNF,1.0
2019,21,Abu Dhabi Grand Prix,Daniel Ricciardo,RIC,Renault,7.0,11.0,DNF,0.0
2019,21,Abu Dhabi Grand Prix,Nico Hulkenberg,HUL,Renault,9.0,12.0,DNF,0.0
2019,21,Abu Dhabi Grand Prix,Kimi Räikkönen,RAI,Alfa Romeo Racing,17.0,13.0,DNF,0.0
2019,21,Abu Dhabi Grand Prix,Kevin Magnussen,MAG,Haas F1 Team,14.0,14.0,DNF,0.0
2019,21,Abu Dhabi Grand Prix,Romain Grosjean,GRO,Haas F1 Team,15.0,15.0,DNF,0.0
2019,21,Abu Dhabi Grand Prix,Antonio Giovinazzi,GIO,Alfa Romeo Racing,16.0,16.0,DNF,0.0
2019,21,Abu Dhabi Grand Prix,George Russell,RUS,Williams,18.0,17.0,DNF,0.0
2019,21,Abu Dhabi Grand Prix,Pierre Gasly,GAS,Toro Rosso,11.0,18.0,DNF,0.0
2019,21,Abu Dhabi Grand Prix,Robert Kubica,KUB,Williams,19.0,19.0,DNF,0.0
2019,21,Abu Dhabi Grand Prix,Lance Stroll,STR,Racing Point,12.0,20.0,DNF,0.0
2020,1,Austrian Grand Prix,Valtteri Bottas,BOT,Mercedes,1.0,1.0,Finished,25.0
2020,1,Austrian Grand Prix,Charles Leclerc,LEC,Ferrari,7.0,2.0,Finished,18.0
2020,1,Austrian Grand Prix,Lando Norris,NOR,McLaren,3.0,3.0,Finished,16.0
2020,1,Austrian Grand Prix,Lewis Hamilton,HAM,Mercedes,5.0,4.0,Finished,12.0
2020,1,Austrian Grand Prix,Carlos Sainz,SAI,McLaren,8.0,5.0,Finished,10.0
2020,1,Austrian Grand Prix,Sergio Perez,PER,Racing Point,6.0,6.0,Finished,8.0
2020,1,Austrian Grand Prix,Pierre Gasly,GAS,AlphaTauri,12.0,7.0,Finished,6.0
2020,1,Austrian Grand Prix,Esteban Ocon,OCO,Renault,14.0,8.0,Finished,4.0
2020,1,Austrian Grand Prix,Antonio Giovinazzi,GIO,Alfa Romeo Racing,18.0,9.0,Finished,2.0
2020,1,Austrian Grand Prix,Sebastian Vettel,VET,Ferrari,11.0,10.0,Finished,1.0
2020,1,Austrian Grand Prix,Nicholas Latifi,LAT,Williams,20.0,11.0,Finished,0.0
2020,1,Austrian Grand Prix,Daniil Kvyat,KVY,AlphaTauri,13.0,12.0,DNF,0.0
2020,1,Austrian Grand Prix,Alexander Albon,ALB,Red Bull Racing,4.0,13.0,DNF,0.0
2020,1,Austrian Grand Prix,Kimi Räikkönen,RAI,Alfa Romeo Racing,19.0,14.0,DNF,0.0
2020,1,Austrian Grand Prix,George Russell,RUS,Williams,17.0,15.0,DNF,0.0
2020,1,Austrian Grand Prix,Romain Grosjean,GRO,Haas F1 Team,15.0,16.0,DNF,0.0
2020,1,Austrian Grand Prix,Kevin Magnussen,MAG,Haas F1 Team,16.0,17.0,DNF,0.0
2020,1,Austrian Grand Prix,Lance Stroll,STR,Racing Point,9.0,18.0,DNF,0.0
2020,1,Austrian Grand Prix,Daniel Ricciardo,RIC,Renault,10.0,19.0,DNF,0.0
2020,1,Austrian Grand Prix,Max Verstappen,VER,Red Bull Racing,2.0,20.0,DNF,0.0
2020,2,Styrian Grand Prix,Lewis Hamilton,HAM,Mercedes,1.0,1.0,Finished,25.0
2020,2,Styrian Grand Prix,Valtteri Bottas,BOT,Mercedes,4.0,2.0,Finished,18.0
2020,2,Styrian Grand Prix,Max Verstappen,VER,Red Bull Racing,2.0,3.0,Finished,15.0
2020,2,Styrian Grand Prix,Alexander Albon,ALB,Red Bull Racing,6.0,4.0,Finished,12.0
2020,2,Styrian Grand Prix,Lando Norris,NOR,McLaren,9.0,5.0,Finished,10.0
2020,2,Styrian Grand Prix,Sergio Perez,PER,Racing Point,17.0,6.0,Finished,8.0
2020,2,Styrian Grand Prix,Lance Stroll,STR,Racing Point,12.0,7.0,Finished,6.0
2020,2,Styrian Grand Prix,Daniel Ricciardo,RIC,Renault,8.0,8.0,Finished,4.0
2020,2,Styrian Grand Prix,Carlos Sainz,SAI,McLaren,3.0,9.0,DNF,3.0
2020,2,Styrian Grand Prix,Daniil Kvyat,KVY,AlphaTauri,13.0,10.0,DNF,1.0
2020,2,Styrian Grand Prix,Kimi Räikkönen,RAI,Alfa Romeo Racing,16.0,11.0,DNF,0.0
2020,2,Styrian Grand Prix,Kevin Magnussen,MAG,Haas F1 Team,15.0,12.0,DNF,0.0
2020,2,Styrian Grand Prix,Romain Grosjean,GRO,Haas F1 Team,0.0,13.0,DNF,0.0
2020,2,Styrian Grand Prix,Antonio Giovinazzi,GIO,Alfa Romeo Racing,19.0,14.0,DNF,0.0
2020,2,Styrian Grand Prix,Pierre Gasly,GAS,AlphaTauri,7.0,15.0,DNF,0.0
2020,2,Styrian Grand Prix,George Russell,RUS,Williams,11.0,16.0,DNF,0.0
2020,2,Styrian Grand Prix,Nicholas Latifi,LAT,Williams,18.0,17.0,DNF,0.0
2020,2,Styrian Grand Prix,Esteban Ocon,OCO,Renault,5.0,18.0,DNF,0.0
2020,2,Styrian Grand Prix,Charles Leclerc,LEC,Ferrari,14.0,19.0,DNF,0.0
2020,2,Styrian Grand Prix,Sebastian Vettel,VET,Ferrari,10.0,20.0,DNF,0.0
2020,3,Hungarian Grand Prix,Lewis Hamilton,HAM,Mercedes,1.0,1.0,Finished,26.0
2020,3,Hungarian Grand Prix,Max Verstappen,VER,Red Bull Racing,7.0,2.0,Finished,18.0
2020,3,Hungarian Grand Prix,Valtteri Bottas,BOT,Mercedes,2.0,3.0,Finished,15.0
2020,3,Hungarian Grand Prix,Lance Stroll,STR,Racing Point,3.0,4.0,Finished,12.0
2020,3,Hungarian Grand Prix,Alexander Albon,ALB,Red Bull Racing,13.0,5.0,Finished,10.0
2020,3,Hungarian Grand Prix,Sebastian Vettel,VET,Ferrari,5.0,6.0,DNF,8.0
2020,3,Hungarian Grand Prix,Sergio Perez,PER,Racing Point,4.0,7.0,DNF,6.0
2020,3,Hungarian Grand Prix,Daniel Ricciardo,RIC,Renault,11.0,8.0,DNF,4.0
2020,3,Hungarian Grand Prix,Carlos Sainz,SAI,McLaren,9.0,9.0,DNF,2.0
2020,3,Hungarian Grand Prix,Kevin Magnussen,MAG,Haas F1 Team,0.0,10.0,DNF,1.0
2020,3,Hungarian Grand Prix,Charles Leclerc,LEC,Ferrari,6.0,11.0,DNF,0.0
2020,3,Hungarian Grand Prix,Daniil Kvyat,KVY,AlphaTauri,17.0,12.0,DNF,0.0
2020,3,Hungarian Grand Prix,Lando Norris,NOR,McLaren,8.0,13.0,DNF,0.0
2020,3,Hungarian Grand Prix,Esteban Ocon,OCO,Renault,14.0,14.0,DNF,0.0
2020,3,Hungarian Grand Prix,Kimi Räikkönen,RAI,Alfa Romeo Racing,20.0,15.0,DNF,0.0
2020,3,Hungarian Grand Prix,Romain Grosjean,GRO,Haas F1 Team,0.0,16.0,DNF,0.0
2020,3,Hungarian Grand Prix,Antonio Giovinazzi,GIO,Alfa Romeo Racing,19.0,17.0,DNF,0.0
2020,3,Hungarian Grand Prix,George Russell,RUS,Williams,12.0,18.0,DNF,0.0
2020,3,Hungarian Grand Prix,Nicholas Latifi,LAT,Williams,15.0,19.0,DNF,0.0
2020,3,Hungarian Grand Prix,Pierre Gasly,GAS,AlphaTauri,10.0,20.0,DNF,0.0
2020,4,British Grand Prix,Lewis Hamilton,HAM,Mercedes,1.0,1.0,Finished,25.0
2020,4,British Grand Prix,Max Verstappen,VER,Red Bull Racing,3.0,2.0,Finished,19.0
2020,4,British Grand Prix,Charles Leclerc,LEC,Ferrari,4.0,3.0,Finished,15.0
2020,4,British Grand Prix,Daniel Ricciardo,RIC,Renault,8.0,4.0,Finished,12.0
2020,4,British Grand Prix,Lando Norris,NOR,McLaren,5.0,5.0,Finished,10.0
2020,4,British Grand Prix,Esteban Ocon,OCO,Renault,9.0,6.0,Finished,8.0
2020,4,British Grand Prix,Pierre Gasly,GAS,AlphaTauri,11.0,7.0,Finished,6.0
2020,4,British Grand Prix,Alexander Albon,ALB,Red Bull Racing,12.0,8.0,Finished,4.0
2020,4,British Grand Prix,Lance Stroll,STR,Racing Point,6.0,9.0,Finished,2.0
2020,4,British Grand Prix,Sebastian Vettel,VET,Ferrari,10.0,10.0,Finished,1.0
2020,4,British Grand Prix,Valtteri Bottas,BOT,Mercedes,2.0,11.0,Finished,0.0
2020,4,British Grand Prix,George Russell,RUS,Williams,20.0,12.0,Finished,0.0
2020,4,British Grand Prix,Carlos Sainz,SAI,McLaren,7.0,13.0,Finished,0.0
2020,4,British Grand Prix,Antonio Giovinazzi,GIO,Alfa Romeo Racing,15.0,14.0,Finished,0.0
2020,4,British Grand Prix,Nicholas Latifi,LAT,Williams,18.0,15.0,Finished,0.0
2020,4,British Grand Prix,Romain Grosjean,GRO,Haas F1 Team,17.0,16.0,Finished,0.0
2020,4,British Grand Prix,Kimi Räikkönen,RAI,Alfa Romeo Racing,16.0,17.0,DNF,0.0
2020,4,British Grand Prix,Daniil Kvyat,KVY,AlphaTauri,19.0,18.0,DNF,0.0
2020,4,British Grand Prix,Kevin Magnussen,MAG,Haas F1 Team,14.0,19.0,DNF,0.0
2020,4,British Grand Prix,Nico Hulkenberg,HUL,Racing Point,13.0,20.0,DNF,0.0
2020,5,70th Anniversary Grand Prix,Max Verstappen,VER,Red Bull Racing,4.0,1.0,Finished,25.0
2020,5,70th Anniversary Grand Prix,Lewis Hamilton,HAM,Mercedes,2.0,2.0,Finished,19.0
2020,5,70th Anniversary Grand Prix,Valtteri Bottas,BOT,Mercedes,1.0,3.0,Finished,15.0
2020,5,70th Anniversary Grand Prix,Charles Leclerc,LEC,Ferrari,8.0,4.0,Finished,12.0
2020,5,70th Anniversary Grand Prix,Alexander Albon,ALB,Red Bull Racing,9.0,5.0,Finished,10.0
2020,5,70th Anniversary Grand Prix,Lance Stroll,STR,Racing Point,6.0,6.0,Finished,8.0
2020,5,70th Anniversary Grand Prix,Nico Hulkenberg,HUL,Racing Point,3.0,7.0,Finished,6.0
2020,5,70th Anniversary Grand Prix,Esteban Ocon,OCO,Renault,14.0,8.0,Finished,4.0
2020,5,70th Anniversary Grand Prix,Lando Norris,NOR,McLaren,10.0,9.0,Finished,2.0
2020,5,70th Anniversary Grand Prix,Daniil Kvyat,KVY,AlphaTauri,16.0,10.0,Finished,1.0
2020,5,70th Anniversary Grand Prix,Pierre Gasly,GAS,AlphaTauri,7.0,11.0,Finished,0.0
2020,5,70th Anniversary Grand Prix,Sebastian Vettel,VET,Ferrari,11.0,12.0,Finished,0.0
2020,5,70th Anniversary Grand Prix,Carlos Sainz,SAI,McLaren,12.0,13.0,Finished,0.0
2020,5,70th Anniversary Grand Prix,Daniel Ricciardo,RIC,Renault,5.0,14.0,DNF,0.0
2020,5,70th Anniversary Grand Prix,Kimi Räikkönen,RAI,Alfa Romeo Racing,20.0,15.0,DNF,0.0
2020,5,70th Anniversary Grand Prix,Romain Grosjean,GRO,Haas F1 Team,13.0,16.0,DNF,0.0
2020,5,70th Anniversary Grand Prix,Antonio Giovinazzi,GIO,Alfa Romeo Racing,19.0,17.0,DNF,0.0
2020,5,70th Anniversary Grand Prix,George Russell,RUS,Williams,15.0,18.0,DNF,0.0
2020,5,70th Anniversary Grand Prix,Nicholas Latifi,LAT,Williams,18.0,19.0,DNF,0.0
2020,5,70th Anniversary Grand Prix,Kevin Magnussen,MAG,Haas F1 Team,17.0,20.0,DNF,0.0
2020,6,Spanish Grand Prix,Lewis Hamilton,HAM,Mercedes,1.0,1.0,Finished,25.0
2020,6,Spanish Grand Prix,Max Verstappen,VER,Red Bull Racing,3.0,2.0,Finished,18.0
2020,6,Spanish Grand Prix,Valtteri Bottas,BOT,Mercedes,2.0,3.0,Finished,16.0
2020,6,Spanish Grand Prix,Lance Stroll,STR,Racing Point,5.0,4.0,DNF,12.0
2020,6,Spanish Grand Prix,Sergio Perez,PER,Racing Point,4.0,5.0,DNF,10.0
2020,6,Spanish Grand Prix,Carlos Sainz,SAI,McLaren,7.0,6.0,DNF,8.0
2020,6,Spanish Grand Prix,Sebastian Vettel,VET,Ferrari,11.0,7.0,DNF,6.0
2020,6,Spanish Grand Prix,Alexander Albon,ALB,Red Bull Racing,6.0,8.0,DNF,4.0
2020,6,Spanish Grand Prix,Pierre Gasly,GAS,AlphaTauri,10.0,9.0,DNF,2.0
2020,6,Spanish Grand Prix,Lando Norris,NOR,McLaren,8.0,10.0,DNF,1.0
2020,6,Spanish Grand Prix,Daniel Ricciardo,RIC,Renault,13.0,11.0,DNF,0.0
2020,6,Spanish Grand Prix,Daniil Kvyat,KVY,AlphaTauri,12.0,12.0,DNF,0.0
2020,6,Spanish Grand Prix,Esteban Ocon,OCO,Renault,15.0,13.0,DNF,0.0
2020,6,Spanish Grand Prix,Kimi Räikkönen,RAI,Alfa Romeo Racing,14.0,14.0,DNF,0.0
2020,6,Spanish Grand Prix,Kevin Magnussen,MAG,Haas F1 Team,16.0,15.0,DNF,0.0
2020,6,Spanish Grand Prix,Antonio Giovinazzi,GIO,Alfa Romeo Racing,20.0,16.0,DNF,0.0
2020,6,Spanish Grand Prix,George Russell,RUS,Williams,18.0,17.0,DNF,0.0
2020,6,Spanish Grand Prix,Nicholas Latifi,LAT,Williams,19.0,18.0,DNF,0.0
2020,6,Spanish Grand Prix,Romain Grosjean,GRO,Haas F1 Team,17.0,19.0,DNF,0.0
2020,6,Spanish Grand Prix,Charles Leclerc,LEC,Ferrari,9.0,20.0,DNF,0.0
2020,7,Belgian Grand Prix,Lewis Hamilton,HAM,Mercedes,1.0,1.0,Finished,25.0
2020,7,Belgian Grand Prix,Valtteri Bottas,BOT,Mercedes,2.0,2.0,Finished,18.0
2020,7,Belgian Grand Prix,Max Verstappen,VER,Red Bull Racing,3.0,3.0,Finished,15.0
2020,7,Belgian Grand Prix,Daniel Ricciardo,RIC,Renault,4.0,4.0,Finished,13.0
2020,7,Belgian Grand Prix,Esteban Ocon,OCO,Renault,6.0,5.0,Finished,10.0
2020,7,Belgian Grand Prix,Alexander Albon,ALB,Red Bull Racing,5.0,6.0,Finished,8.0
2020,7,Belgian Grand Prix,Lando Norris,NOR,McLaren,10.0,7.0,Finished,6.0
2020,7,Belgian Grand Prix,Pierre Gasly,GAS,AlphaTauri,12.0,8.0,Finished,4.0
2020,7,Belgian Grand Prix,Lance Stroll,STR,Racing Point,9.0,9.0,Finished,2.0
2020,7,Belgian Grand Prix,Sergio Perez,PER,Racing Point,8.0,10.0,Finished,1.0
2020,7,Belgian Grand Prix,Daniil Kvyat,KVY,AlphaTauri,11.0,11.0,Finished,0.0
2020,7,Belgian Grand Prix,Kimi Räikkönen,RAI,Alfa Romeo Racing,16.0,12.0,Finished,0.0
2020,7,Belgian Grand Prix,Sebastian Vettel,VET,Ferrari,14.0,13.0,Finished,0.0
2020,7,Belgian Grand Prix,Charles Leclerc,LEC,Ferrari,13.0,14.0,Finished,0.0
2020,7,Belgian Grand Prix,Romain Grosjean,GRO,Haas F1 Team,17.0,15.0,Finished,0.0
2020,7,Belgian Grand Prix,Nicholas Latifi,LAT,Williams,19.0,16.0,Finished,0.0
2020,7,Belgian Grand Prix,Kevin Magnussen,MAG,Haas F1 Team,20.0,17.0,Finished,0.0
2020,7,Belgian Grand Prix,Antonio Giovinazzi,GIO,Alfa Romeo Racing,18.0,18.0,DNF,0.0
2020,7,Belgian Grand Prix,George Russell,RUS,Williams,15.0,19.0,DNF,0.0
2020,7,Belgian Grand Prix,Carlos Sainz,SAI,McLaren,7.0,20.0,DNF,0.0
2020,8,Italian Grand Prix,Pierre Gasly,GAS,AlphaTauri,10.0,1.0,Finished,25.0
2020,8,Italian Grand Prix,Carlos Sainz,SAI,McLaren,3.0,2.0,Finished,18.0
2020,8,Italian Grand Prix,Lance Stroll,STR,Racing Point,8.0,3.0,Finished,15.0
2020,8,Italian Grand Prix,Lando Norris,NOR,McLaren,6.0,4.0,Finished,12.0
2020,8,Italian Grand Prix,Valtteri Bottas,BOT,Mercedes,2.0,5.0,Finished,10.0
2020,8,Italian Grand Prix,Daniel Ricciardo,RIC,Renault,7.0,6.0,Finished,8.0
2020,8,Italian Grand Prix,Lewis Hamilton,HAM,Mercedes,1.0,7.0,Finished,7.0
2020,8,Italian Grand Prix,Esteban Ocon,OCO,Renault,12.0,8.0,Finished,4.0
2020,8,Italian Grand Prix,Daniil Kvyat,KVY,AlphaTauri,11.0,9.0,Finished,2.0
2020,8,Italian Grand Prix,Sergio Perez,PER,Racing Point,4.0,10.0,Finished,1.0
2020,8,Italian Grand Prix,Nicholas Latifi,LAT,Williams,20.0,11.0,Finished,0.0
2020,8,Italian Grand Prix,Romain Grosjean,GRO,Haas F1 Team,16.0,12.0,Finished,0.0
2020,8,Italian Grand Prix,Kimi Räikkönen,RAI,Alfa Romeo Racing,14.0,13.0,Finished,0.0
2020,8,Italian Grand Prix,George Russell,RUS,Williams,19.0,14.0,Finished,0.0
2020,8,Italian Grand Prix,Alexander Albon,ALB,Red Bull Racing,9.0,15.0,Finished,0.0
2020,8,Italian Grand Prix,Antonio Giovinazzi,GIO,Alfa Romeo Racing,18.0,16.0,Finished,0.0
2020,8,Italian Grand Prix,Max Verstappen,VER,Red Bull Racing,5.0,17.0,DNF,0.0
2020,8,Italian Grand Prix,Charles Leclerc,LEC,Ferrari,13.0,18.0,DNF,0.0
2020,8,Italian Grand Prix,Kevin Magnussen,MAG,Haas F1 Team,15.0,19.0,DNF,0.0
2020,8,Italian Grand Prix,Sebastian Vettel,VET,Ferrari,17.0,20.0,DNF,0.0
2020,9,Tuscan Grand Prix,Lewis Hamilton,HAM,Mercedes,1.0,1.0,Finished,26.0
2020,9,Tuscan Grand Prix,Valtteri Bottas,BOT,Mercedes,2.0,2.0,Finished,18.0
2020,9,Tuscan Grand Prix,Alexander Albon,ALB,Red Bull Racing,4.0,3.0,Finished,15.0
2020,9,Tuscan Grand Prix,Daniel Ricciardo,RIC,Renault,8.0,4.0,Finished,12.0
2020,9,Tuscan Grand Prix,Sergio Perez,PER,Racing Point,7.0,5.0,Finished,10.0
2020,9,Tuscan Grand Prix,Lando Norris,NOR,McLaren,11.0,6.0,Finished,8.0
2020,9,Tuscan Grand Prix,Daniil Kvyat,KVY,AlphaTauri,12.0,7.0,Finished,6.0
2020,9,Tuscan Grand Prix,Charles Leclerc,LEC,Ferrari,5.0,8.0,Finished,4.0
2020,9,Tuscan Grand Prix,Kimi Räikkönen,RAI,Alfa Romeo Racing,13.0,9.0,Finished,2.0
2020,9,Tuscan Grand Prix,Sebastian Vettel,VET,Ferrari,14.0,10.0,Finished,1.0
2020,9,Tuscan Grand Prix,George Russell,RUS,Williams,18.0,11.0,Finished,0.0
2020,9,Tuscan Grand Prix,Romain Grosjean,GRO,Haas F1 Team,15.0,12.0,Finished,0.0
2020,9,Tuscan Grand Prix,Lance Stroll,STR,Racing Point,6.0,13.0,DNF,0.0
2020,9,Tuscan Grand Prix,Esteban Ocon,OCO,Renault,10.0,14.0,DNF,0.0
2020,9,Tuscan Grand Prix,Nicholas Latifi,LAT,Williams,19.0,15.0,DNF,0.0
2020,9,Tuscan Grand Prix,Kevin Magnussen,MAG,Haas F1 Team,20.0,16.0,DNF,0.0
2020,9,Tuscan Grand Prix,Antonio Giovinazzi,GIO,Alfa Romeo Racing,17.0,17.0,DNF,0.0
2020,9,Tuscan Grand Prix,Carlos Sainz,SAI,McLaren,9.0,18.0,DNF,0.0
2020,9,Tuscan Grand Prix,Max Verstappen,VER,Red Bull Racing,3.0,19.0,DNF,0.0
2020,9,Tuscan Grand Prix,Pierre Gasly,GAS,AlphaTauri,16.0,20.0,DNF,0.0
2020,10,Russian Grand Prix,Valtteri Bottas,BOT,Mercedes,3.0,1.0,Finished,26.0
2020,10,Russian Grand Prix,Max Verstappen,VER,Red Bull Racing,2.0,2.0,Finished,18.0
2020,10,Russian Grand Prix,Lewis Hamilton,HAM,Mercedes,1.0,3.0,Finished,15.0
2020,10,Russian Grand Prix,Sergio Perez,PER,Racing Point,4.0,4.0,Finished,12.0
2020,10,Russian Grand Prix,Daniel Ricciardo,RIC,Renault,5.0,5.0,Finished,10.0
2020,10,Russian Grand Prix,Charles Leclerc,LEC,Ferrari,10.0,6.0,Finished,8.0
2020,10,Russian Grand Prix,Esteban Ocon,OCO,Renault,7.0,7.0,Finished,6.0
2020,10,Russian Grand Prix,Daniil Kvyat,KVY,AlphaTauri,11.0,8.0,Finished,4.0
2020,10,Russian Grand Prix,Pierre Gasly,GAS,AlphaTauri,9.0,9.0,Finished,2.0
2020,10,Russian Grand Prix,Alexander Albon,ALB,Red Bull Racing,15.0,10.0,Finished,1.0
2020,10,Russian Grand Prix,Antonio Giovinazzi,GIO,Alfa Romeo Racing,17.0,11.0,DNF,0.0
2020,10,Russian Grand Prix,Kevin Magnussen,MAG,Haas F1 Team,18.0,12.0,DNF,0.0
2020,10,Russian Grand Prix,Sebastian Vettel,VET,Ferrari,14.0,13.0,DNF,0.0
2020,10,Russian Grand Prix,Kimi Räikkönen,RAI,Alfa Romeo Racing,19.0,14.0,DNF,0.0
2020,10,Russian Grand Prix,Lando Norris,NOR,McLaren,8.0,15.0,DNF,0.0
2020,10,Russian Grand Prix,Nicholas Latifi,LAT,Williams,20.0,16.0,DNF,0.0
2020,10,Russian Grand Prix,Romain Grosjean,GRO,Haas F1 Team,16.0,17.0,DNF,0.0
2020,10,Russian Grand Prix,George Russell,RUS,Williams,13.0,18.0,DNF,0.0
2020,10,Russian Grand Prix,Carlos Sainz,SAI,McLaren,6.0,19.0,DNF,0.0
2020,10,Russian Grand Prix,Lance Stroll,STR,Racing Point,12.0,20.0,DNF,0.0
2020,11,Eifel Grand Prix,Lewis Hamilton,HAM,Mercedes,2.0,1.0,Finished,25.0
2020,11,Eifel Grand Prix,Max Verstappen,VER,Red Bull Racing,3.0,2.0,Finished,19.0
2020,11,Eifel Grand Prix,Daniel Ricciardo,RIC,Renault,6.0,3.0,Finished,15.0
2020,11,Eifel Grand Prix,Sergio Perez,PER,Racing Point,9.0,4.0,Finished,12.0
2020,11,Eifel Grand Prix,Carlos Sainz,SAI,McLaren,10.0,5.0,Finished,10.0
2020,11,Eifel Grand Prix,Pierre Gasly,GAS,AlphaTauri,12.0,6.0,Finished,8.0
2020,11,Eifel Grand Prix,Charles Leclerc,LEC,Ferrari,4.0,7.0,Finished,6.0
2020,11,Eifel Grand Prix,Nico Hulkenberg,HUL,Racing Point,20.0,8.0,Finished,4.0
2020,11,Eifel Grand Prix,Romain Grosjean,GRO,Haas F1 Team,16.0,9.0,Finished,2.0
2020,11,Eifel Grand Prix,Antonio Giovinazzi,GIO,Alfa Romeo Racing,14.0,10.0,Finished,1.0
2020,11,Eifel Grand Prix,Sebastian Vettel,VET,Ferrari,11.0,11.0,Finished,0.0
2020,11,Eifel Grand Prix,Kimi Räikkönen,RAI,Alfa Romeo Racing,19.0,12.0,Finished,0.0
2020,11,Eifel Grand Prix,Kevin Magnussen,MAG,Haas F1 Team,15.0,13.0,Finished,0.0
2020,11,Eifel Grand Prix,Nicholas Latifi,LAT,Williams,18.0,14.0,Finished,0.0
2020,11,Eifel Grand Prix,Daniil Kvyat,KVY,AlphaTauri,13.0,15.0,Finished,0.0
2020,11,Eifel Grand Prix,Lando Norris,NOR,McLaren,8.0,16.0,DNF,0.0
2020,11,Eifel Grand Prix,Alexander Albon,ALB,Red Bull Racing,5.0,17.0,DNF,0.0
2020,11,Eifel Grand Prix,Esteban Ocon,OCO,Renault,7.0,18.0,DNF,0.0
2020,11,Eifel Grand Prix,Valtteri Bottas,BOT,Mercedes,1.0,19.0,DNF,0.0
2020,11,Eifel Grand Prix,George Russell,RUS,Williams,17.0,20.0,DNF,0.0
2020,12,Portuguese Grand Prix,Lewis Hamilton,HAM,Mercedes,1.0,1.0,Finished,26.0
2020,12,Portuguese Grand Prix,Valtteri Bottas,BOT,Mercedes,2.0,2.0,Finished,18.0
2020,12,Portuguese Grand Prix,Max Verstappen,VER,Red Bull Racing,3.0,3.0,Finished,15.0
2020,12,Portuguese Grand Prix,Charles Leclerc,LEC,Ferrari,4.0,4.0,Finished,12.0
2020,12,Portuguese Grand Prix,Pierre Gasly,GAS,AlphaTauri,9.0,5.0,DNF,10.0
2020,12,Portuguese Grand Prix,Carlos Sainz,SAI,McLaren,7.0,6.0,DNF,8.0
2020,12,Portuguese Grand Prix,Sergio Perez,PER,Racing Point,5.0,7.0,DNF,6.0
2020,12,Portuguese Grand Prix,Esteban Ocon,OCO,Renault,11.0,8.0,DNF,4.0
2020,12,Portuguese Grand Prix,Daniel Ricciardo,RIC,Renault,10.0,9.0,DNF,2.0
2020,12,Portuguese Grand Prix,Sebastian Vettel,VET,Ferrari,15.0,10.0,DNF,1.0
2020,12,Portuguese Grand Prix,Kimi Räikkönen,RAI,Alfa Romeo Racing,16.0,11.0,DNF,0.0
2020,12,Portuguese Grand Prix,Alexander Albon,ALB,Red Bull Racing,6.0,12.0,DNF,0.0
2020,12,Portuguese Grand Prix,Lando Norris,NOR,McLaren,8.0,13.0,DNF,0.0
2020,12,Portuguese Grand Prix,George Russell,RUS,Williams,14.0,14.0,DNF,0.0
2020,12,Portuguese Grand Prix,Antonio Giovinazzi,GIO,Alfa Romeo Racing,17.0,15.0,DNF,0.0
2020,12,Portuguese Grand Prix,Kevin Magnussen,MAG,Haas F1 Team,19.0,16.0,DNF,0.0
2020,12,Portuguese Grand Prix,Romain Grosjean,GRO,Haas F1 Team,18.0,17.0,DNF,0.0
2020,12,Portuguese Grand Prix,Nicholas Latifi,LAT,Williams,20.0,18.0,DNF,0.0
2020,12,Portuguese Grand Prix,Daniil Kvyat,KVY,AlphaTauri,13.0,19.0,DNF,0.0
2020,12,Portuguese Grand Prix,Lance Stroll,STR,Racing Point,12.0,20.0,DNF,0.0
2020,13,Emilia Romagna Grand Prix,Lewis Hamilton,HAM,Mercedes,2.0,1.0,Finished,26.0
2020,13,Emilia Romagna Grand Prix,Valtteri Bottas,BOT,Mercedes,1.0,2.0,Finished,18.0
2020,13,Emilia Romagna Grand Prix,Daniel Ricciardo,RIC,Renault,5.0,3.0,Finished,15.0
2020,13,Emilia Romagna Grand Prix,Daniil Kvyat,KVY,AlphaTauri,8.0,4.0,Finished,12.0
2020,13,Emilia Romagna Grand Prix,Charles Leclerc,LEC,Ferrari,7.0,5.0,Finished,10.0
2020,13,Emilia Romagna Grand Prix,Sergio Perez,PER,Racing Point,11.0,6.0,Finished,8.0
2020,13,Emilia Romagna Grand Prix,Carlos Sainz,SAI,McLaren,10.0,7.0,Finished,6.0
2020,13,Emilia Romagna Grand Prix,Lando Norris,NOR,McLaren,9.0,8.0,Finished,4.0
2020,13,Emilia Romagna Grand Prix,Kimi Räikkönen,RAI,Alfa Romeo Racing,18.0,9.0,Finished,2.0
2020,13,Emilia Romagna Grand Prix,Antonio Giovinazzi,GIO,Alfa Romeo Racing,20.0,10.0,Finished,1.0
2020,13,Emilia Romagna Grand Prix,Nicholas Latifi,LAT,Williams,19.0,11.0,Finished,0.0
2020,13,Emilia Romagna Grand Prix,Sebastian Vettel,VET,Ferrari,14.0,12.0,Finished,0.0
2020,13,Emilia Romagna Grand Prix,Lance Stroll,STR,Racing Point,15.0,13.0,Finished,0.0
2020,13,Emilia Romagna Grand Prix,Romain Grosjean,GRO,Haas F1 Team,16.0,14.0,Finished,0.0
2020,13,Emilia Romagna Grand Prix,Alexander Albon,ALB,Red Bull Racing,6.0,15.0,Finished,0.0
2020,13,Emilia Romagna Grand Prix,George Russell,RUS,Williams,13.0,16.0,DNF,0.0
2020,13,Emilia Romagna Grand Prix,Max Verstappen,VER,Red Bull Racing,3.0,17.0,DNF,0.0
2020,13,Emilia Romagna Grand Prix,Kevin Magnussen,MAG,Haas F1 Team,17.0,18.0,DNF,0.0
2020,13,Emilia Romagna Grand Prix,Esteban Ocon,OCO,Renault,12.0,19.0,DNF,0.0
2020,13,Emilia Romagna Grand Prix,Pierre Gasly,GAS,AlphaTauri,4.0,20.0,DNF,0.0
2020,14,Turkish Grand Prix,Lewis Hamilton,HAM,Mercedes,6.0,1.0,Finished,25.0
2020,14,Turkish Grand Prix,Sergio Perez,PER,Racing Point,3.0,2.0,Finished,18.0
2020,14,Turkish Grand Prix,Sebastian Vettel,VET,Ferrari,11.0,3.0,Finished,15.0
2020,14,Turkish Grand Prix,Charles Leclerc,LEC,Ferrari,12.0,4.0,Finished,12.0
2020,14,Turkish Grand Prix,Carlos Sainz,SAI,McLaren,15.0,5.0,Finished,10.0
2020,14,Turkish Grand Prix,Max Verstappen,VER,Red Bull Racing,2.0,6.0,Finished,8.0
2020,14,Turkish Grand Prix,Alexander Albon,ALB,Red Bull Racing,4.0,7.0,Finished,6.0
2020,14,Turkish Grand Prix,Lando Norris,NOR,McLaren,14.0,8.0,Finished,5.0
2020,14,Turkish Grand Prix,Lance Stroll,STR,Racing Point,1.0,9.0,Finished,2.0
2020,14,Turkish Grand Prix,Daniel Ricciardo,RIC,Renault,5.0,10.0,Finished,1.0
2020,14,Turkish Grand Prix,Esteban Ocon,OCO,Renault,7.0,11.0,DNF,0.0
2020,14,Turkish Grand Prix,Daniil Kvyat,KVY,AlphaTauri,16.0,12.0,DNF,0.0
2020,14,Turkish Grand Prix,Pierre Gasly,GAS,AlphaTauri,19.0,13.0,DNF,0.0
2020,14,Turkish Grand Prix,Valtteri Bottas,BOT,Mercedes,9.0,14.0,DNF,0.0
2020,14,Turkish Grand Prix,Kimi Räikkönen,RAI,Alfa Romeo Racing,8.0,15.0,DNF,0.0
2020,14,Turkish Grand Prix,George Russell,RUS,Williams,0.0,16.0,DNF,0.0
2020,14,Turkish Grand Prix,Kevin Magnussen,MAG,Haas F1 Team,13.0,17.0,DNF,0.0
2020,14,Turkish Grand Prix,Romain Grosjean,GRO,Haas F1 Team,17.0,18.0,DNF,0.0
2020,14,Turkish Grand Prix,Nicholas Latifi,LAT,Williams,0.0,19.0,DNF,0.0
2020,14,Turkish Grand Prix,Antonio Giovinazzi,GIO,Alfa Romeo Racing,10.0,20.0,DNF,0.0
2020,15,Bahrain Grand Prix,Lewis Hamilton,HAM,Mercedes,1.0,1.0,Finished,25.0
2020,15,Bahrain Grand Prix,Max Verstappen,VER,Red Bull Racing,3.0,2.0,Finished,19.0
2020,15,Bahrain Grand Prix,Alexander Albon,ALB,Red Bull Racing,4.0,3.0,Finished,15.0
2020,15,Bahrain Grand Prix,Lando Norris,NOR,McLaren,9.0,4.0,Finished,12.0
2020,15,Bahrain Grand Prix,Carlos Sainz,SAI,McLaren,15.0,5.0,Finished,10.0
2020,15,Bahrain Grand Prix,Pierre Gasly,GAS,AlphaTauri,8.0,6.0,Finished,8.0
2020,15,Bahrain Grand Prix,Daniel Ricciardo,RIC,Renault,6.0,7.0,Finished,6.0
2020,15,Bahrain Grand Prix,Valtteri Bottas,BOT,Mercedes,2.0,8.0,Finished,4.0
2020,15,Bahrain Grand Prix,Esteban Ocon,OCO,Renault,7.0,9.0,Finished,2.0
2020,15,Bahrain Grand Prix,Charles Leclerc,LEC,Ferrari,12.0,10.0,DNF,1.0
2020,15,Bahrain Grand Prix,Daniil Kvyat,KVY,AlphaTauri,10.0,11.0,DNF,0.0
2020,15,Bahrain Grand Prix,George Russell,RUS,Williams,14.0,12.0,DNF,0.0
2020,15,Bahrain Grand Prix,Sebastian Vettel,VET,Ferrari,11.0,13.0,DNF,0.0
2020,15,Bahrain Grand Prix,Nicholas Latifi,LAT,Williams,20.0,14.0,DNF,0.0
2020,15,Bahrain Grand Prix,Kimi Räikkönen,RAI,Alfa Romeo Racing,17.0,15.0,DNF,0.0
2020,15,Bahrain Grand Prix,Antonio Giovinazzi,GIO,Alfa Romeo Racing,16.0,16.0,DNF,0.0
2020,15,Bahrain Grand Prix,Kevin Magnussen,MAG,Haas F1 Team,18.0,17.0,DNF,0.0
2020,15,Bahrain Grand Prix,Sergio Perez,PER,Racing Point,5.0,18.0,DNF,0.0
2020,15,Bahrain Grand Prix,Lance Stroll,STR,Racing Point,13.0,19.0,DNF,0.0
2020,15,Bahrain Grand Prix,Romain Grosjean,GRO,Haas F1 Team,19.0,20.0,DNF,0.0
2020,16,Sakhir Grand Prix,Sergio Perez,PER,Racing Point,5.0,1.0,Finished,25.0
2020,16,Sakhir Grand Prix,Esteban Ocon,OCO,Renault,11.0,2.0,Finished,18.0
2020,16,Sakhir Grand Prix,Lance Stroll,STR,Racing Point,10.0,3.0,Finished,15.0
2020,16,Sakhir Grand Prix,Carlos Sainz,SAI,McLaren,8.0,4.0,Finished,12.0
2020,16,Sakhir Grand Prix,Daniel Ricciardo,RIC,Renault,7.0,5.0,Finished,10.0
2020,16,Sakhir Grand Prix,Alexander Albon,ALB,Red Bull Racing,12.0,6.0,Finished,8.0
2020,16,Sakhir Grand Prix,Daniil Kvyat,KVY,AlphaTauri,6.0,7.0,Finished,6.0
2020,16,Sakhir Grand Prix,Valtteri Bottas,BOT,Mercedes,1.0,8.0,Finished,4.0
2020,16,Sakhir Grand Prix,George Russell,RUS,Mercedes,2.0,9.0,Finished,3.0
2020,16,Sakhir Grand Prix,Lando Norris,NOR,McLaren,19.0,10.0,Finished,1.0
2020,16,Sakhir Grand Prix,Pierre Gasly,GAS,AlphaTauri,9.0,11.0,Finished,0.0
2020,16,Sakhir Grand Prix,Sebastian Vettel,VET,Ferrari,13.0,12.0,Finished,0.0
2020,16,Sakhir Grand Prix,Antonio Giovinazzi,GIO,Alfa Romeo Racing,14.0,13.0,Finished,0.0
2020,16,Sakhir Grand Prix,Kimi Räikkönen,RAI,Alfa Romeo Racing,18.0,14.0,Finished,0.0
2020,16,Sakhir Grand Prix,Kevin Magnussen,MAG,Haas F1 Team,15.0,15.0,Finished,0.0
2020,16,Sakhir Grand Prix,Jack Aitken,AIT,Williams,17.0,16.0,Finished,0.0
2020,16,Sakhir Grand Prix,Pietro Fittipaldi,FIT,Haas F1 Team,20.0,17.0,Finished,0.0
2020,16,Sakhir Grand Prix,Nicholas Latifi,LAT,Williams,16.0,18.0,DNF,0.0
2020,16,Sakhir Grand Prix,Max Verstappen,VER,Red Bull Racing,3.0,19.0,DNF,0.0
2020,16,Sakhir Grand Prix,Charles Leclerc,LEC,Ferrari,4.0,20.0,DNF,0.0
2020,17,Abu Dhabi Grand Prix,Max Verstappen,VER,Red Bull Racing,1.0,1.0,Finished,25.0
2020,17,Abu Dhabi Grand Prix,Valtteri Bottas,BOT,Mercedes,2.0,2.0,Finished,18.0
2020,17,Abu Dhabi Grand Prix,Lewis Hamilton,HAM,Mercedes,3.0,3.0,Finished,15.0
2020,17,Abu Dhabi Grand Prix,Alexander Albon,ALB,Red Bull Racing,5.0,4.0,Finished,12.0
2020,17,Abu Dhabi Grand Prix,Lando Norris,NOR,McLaren,4.0,5.0,Finished,10.0
2020,17,Abu Dhabi Grand Prix,Carlos Sainz,SAI,McLaren,6.0,6.0,Finished,8.0
2020,17,Abu Dhabi Grand Prix,Daniel Ricciardo,RIC,Renault,11.0,7.0,Finished,7.0
2020,17,Abu Dhabi Grand Prix,Pierre Gasly,GAS,AlphaTauri,9.0,8.0,Finished,4.0
2020,17,Abu Dhabi Grand Prix,Esteban Ocon,OCO,Renault,10.0,9.0,Finished,2.0
2020,17,Abu Dhabi Grand Prix,Lance Stroll,STR,Racing Point,8.0,10.0,Finished,1.0
2020,17,Abu Dhabi Grand Prix,Daniil Kvyat,KVY,AlphaTauri,7.0,11.0,DNF,0.0
2020,17,Abu Dhabi Grand Prix,Kimi Räikkönen,RAI,Alfa Romeo Racing,15.0,12.0,DNF,0.0
2020,17,Abu Dhabi Grand Prix,Charles Leclerc,LEC,Ferrari,12.0,13.0,DNF,0.0
2020,17,Abu Dhabi Grand Prix,Sebastian Vettel,VET,Ferrari,13.0,14.0,DNF,0.0
2020,17,Abu Dhabi Grand Prix,George Russell,RUS,Williams,16.0,15.0,DNF,0.0
2020,17,Abu Dhabi Grand Prix,Antonio Giovinazzi,GIO,Alfa Romeo Racing,14.0,16.0,DNF,0.0
2020,17,Abu Dhabi Grand Prix,Nicholas Latifi,LAT,Williams,18.0,17.0,DNF,0.0
2020,17,Abu Dhabi Grand Prix,Kevin Magnussen,MAG,Haas F1 Team,20.0,18.0,DNF,0.0
2020,17,Abu Dhabi Grand Prix,Pietro Fittipaldi,FIT,Haas F1 Team,17.0,19.0,DNF,0.0
2020,17,Abu Dhabi Grand Prix,Sergio Perez,PER,Racing Point,19.0,20.0,DNF,0.0
2021,1,Bahrain Grand Prix,Lewis Hamilton,HAM,Mercedes,2.0,1.0,Finished,25.0
2021,1,Bahrain Grand Prix,Max Verstappen,VER,Red Bull Racing,1.0,2.0,Finished,18.0
2021,1,Bahrain Grand Prix,Valtteri Bottas,BOT,Mercedes,3.0,3.0,Finished,16.0
2021,1,Bahrain Grand Prix,Lando Norris,NOR,McLaren,7.0,4.0,Finished,12.0
2021,1,Bahrain Grand Prix,Sergio Perez,PER,Red Bull Racing,0.0,5.0,Finished,10.0
2021,1,Bahrain Grand Prix,Charles Leclerc,LEC,Ferrari,4.0,6.0,Finished,8.0
2021,1,Bahrain Grand Prix,Daniel Ricciardo,RIC,McLaren,6.0,7.0,Finished,6.0
2021,1,Bahrain Grand Prix,Carlos Sainz,SAI,Ferrari,8.0,8.0,Finished,4.0
2021,1,Bahrain Grand Prix,Yuki Tsunoda,TSU,AlphaTauri,13.0,9.0,Finished,2.0
2021,1,Bahrain Grand Prix,Lance Stroll,STR,Aston Martin,10.0,10.0,Finished,1.0
2021,1,Bahrain Grand Prix,Kimi Räikkönen,RAI,Alfa Romeo Racing,14.0,11.0,Finished,0.0
2021,1,Bahrain Grand Prix,Antonio Giovinazzi,GIO,Alfa Romeo Racing,12.0,12.0,DNF,0.0
2021,1,Bahrain Grand Prix,Esteban Ocon,OCO,Alpine,16.0,13.0,DNF,0.0
2021,1,Bahrain Grand Prix,George Russell,RUS,Williams,15.0,14.0,DNF,0.0
2021,1,Bahrain Grand Prix,Sebastian Vettel,VET,Aston Martin,20.0,15.0,DNF,0.0
2021,1,Bahrain Grand Prix,Mick Schumacher,MSC,Haas F1 Team,18.0,16.0,DNF,0.0
2021,1,Bahrain Grand Prix,Pierre Gasly,GAS,AlphaTauri,5.0,17.0,DNF,0.0
2021,1,Bahrain Grand Prix,Nicholas Latifi,LAT,Williams,17.0,18.0,DNF,0.0
2021,1,Bahrain Grand Prix,Fernando Alonso,ALO,Alpine,9.0,19.0,DNF,0.0
2021,1,Bahrain Grand Prix,Nikita Mazepin,MAZ,Haas F1 Team,19.0,20.0,DNF,0.0
2021,2,Emilia Romagna Grand Prix,Max Verstappen,VER,Red Bull Racing,3.0,1.0,Finished,25.0
2021,2,Emilia Romagna Grand Prix,Lewis Hamilton,HAM,Mercedes,1.0,2.0,Finished,19.0
2021,2,Emilia Romagna Grand Prix,Lando Norris,NOR,McLaren,7.0,3.0,Finished,15.0
2021,2,Emilia Romagna Grand Prix,Charles Leclerc,LEC,Ferrari,4.0,4.0,Finished,12.0
2021,2,Emilia Romagna Grand Prix,Carlos Sainz,SAI,Ferrari,11.0,5.0,Finished,10.0
2021,2,Emilia Romagna Grand Prix,Daniel Ricciardo,RIC,McLaren,6.0,6.0,Finished,8.0
2021,2,Emilia Romagna Grand Prix,Pierre Gasly,GAS,AlphaTauri,5.0,7.0,Finished,6.0
2021,2,Emilia Romagna Grand Prix,Lance Stroll,STR,Aston Martin,10.0,8.0,Finished,4.0
2021,2,Emilia Romagna Grand Prix,Esteban Ocon,OCO,Alpine,9.0,9.0,Finished,2.0
2021,2,Emilia Romagna Grand Prix,Fernando Alonso,ALO,Alpine,15.0,10.0,Finished,1.0
2021,2,Emilia Romagna Grand Prix,Sergio Perez,PER,Red Bull Racing,2.0,11.0,Finished,0.0
2021,2,Emilia Romagna Grand Prix,Yuki Tsunoda,TSU,AlphaTauri,20.0,12.0,Finished,0.0
2021,2,Emilia Romagna Grand Prix,Kimi Räikkönen,RAI,Alfa Romeo Racing,16.0,13.0,Finished,0.0
2021,2,Emilia Romagna Grand Prix,Antonio Giovinazzi,GIO,Alfa Romeo Racing,17.0,14.0,DNF,0.0
2021,2,Emilia Romagna Grand Prix,Sebastian Vettel,VET,Aston Martin,0.0,15.0,DNF,0.0
2021,2,Emilia Romagna Grand Prix,Mick Schumacher,MSC,Haas F1 Team,18.0,16.0,DNF,0.0
2021,2,Emilia Romagna Grand Prix,Nikita Mazepin,MAZ,Haas F1 Team,19.0,17.0,DNF,0.0
2021,2,Emilia Romagna Grand Prix,Valtteri Bottas,BOT,Mercedes,8.0,18.0,DNF,0.0
2021,2,Emilia Romagna Grand Prix,George Russell,RUS,Williams,12.0,19.0,DNF,0.0
2021,2,Emilia Romagna Grand Prix,Nicholas Latifi,LAT,Williams,14.0,20.0,DNF,0.0
2021,3,Portuguese Grand Prix,Lewis Hamilton,HAM,Mercedes,2.0,1.0,Finished,25.0
2021,3,Portuguese Grand Prix,Max Verstappen,VER,Red Bull Racing,3.0,2.0,Finished,18.0
2021,3,Portuguese Grand Prix,Valtteri Bottas,BOT,Mercedes,1.0,3.0,Finished,16.0
2021,3,Portuguese Grand Prix,Sergio Perez,PER,Red Bull Racing,4.0,4.0,Finished,12.0
2021,3,Portuguese Grand Prix,Lando Norris,NOR,McLaren,7.0,5.0,Finished,10.0
2021,3,Portuguese Grand Prix,Charles Leclerc,LEC,Ferrari,8.0,6.0,Finished,8.0
2021,3,Portuguese Grand Prix,Esteban Ocon,OCO,Alpine,6.0,7.0,Finished,6.0
2021,3,Portuguese Grand Prix,Fernando Alonso,ALO,Alpine,13.0,8.0,Finished,4.0
2021,3,Portuguese Grand Prix,Daniel Ricciardo,RIC,McLaren,16.0,9.0,Finished,2.0
2021,3,Portuguese Grand Prix,Pierre Gasly,GAS,AlphaTauri,9.0,10.0,Finished,1.0
2021,3,Portuguese Grand Prix,Carlos Sainz,SAI,Ferrari,5.0,11.0,Finished,0.0
2021,3,Portuguese Grand Prix,Antonio Giovinazzi,GIO,Alfa Romeo Racing,12.0,12.0,DNF,0.0
2021,3,Portuguese Grand Prix,Sebastian Vettel,VET,Aston Martin,10.0,13.0,DNF,0.0
2021,3,Portuguese Grand Prix,Lance Stroll,STR,Aston Martin,17.0,14.0,DNF,0.0
2021,3,Portuguese Grand Prix,Yuki Tsunoda,TSU,AlphaTauri,14.0,15.0,DNF,0.0
2021,3,Portuguese Grand Prix,George Russell,RUS,Williams,11.0,16.0,DNF,0.0
2021,3,Portuguese Grand Prix,Mick Schumacher,MSC,Haas F1 Team,19.0,17.0,DNF,0.0
2021,3,Portuguese Grand Prix,Nicholas Latifi,LAT,Williams,18.0,18.0,DNF,0.0
2021,3,Portuguese Grand Prix,Nikita Mazepin,MAZ,Haas F1 Team,20.0,19.0,DNF,0.0
2021,3,Portuguese Grand Prix,Kimi Räikkönen,RAI,Alfa Romeo Racing,15.0,20.0,DNF,0.0
2021,4,Spanish Grand Prix,Lewis Hamilton,HAM,Mercedes,1.0,1.0,Finished,25.0
2021,4,Spanish Grand Prix,Max Verstappen,VER,Red Bull Racing,2.0,2.0,Finished,19.0
2021,4,Spanish Grand Prix,Valtteri Bottas,BOT,Mercedes,3.0,3.0,Finished,15.0
2021,4,Spanish Grand Prix,Charles Leclerc,LEC,Ferrari,4.0,4.0,Finished,12.0
2021,4,Spanish Grand Prix,Sergio Perez,PER,Red Bull Racing,8.0,5.0,Finished,10.0
2021,4,Spanish Grand Prix,Daniel Ricciardo,RIC,McLaren,7.0,6.0,Finished,8.0
2021,4,Spanish Grand Prix,Carlos Sainz,SAI,Ferrari,6.0,7.0,Finished,6.0
2021,4,Spanish Grand Prix,Lando Norris,NOR,McLaren,9.0,8.0,DNF,4.0
2021,4,Spanish Grand Prix,Esteban Ocon,OCO,Alpine,5.0,9.0,DNF,2.0
2021,4,Spanish Grand Prix,Pierre Gasly,GAS,AlphaTauri,12.0,10.0,DNF,1.0
2021,4,Spanish Grand Prix,Lance Stroll,STR,Aston Martin,11.0,11.0,DNF,0.0
2021,4,Spanish Grand Prix,Kimi Räikkönen,RAI,Alfa Romeo Racing,17.0,12.0,DNF,0.0
2021,4,Spanish Grand Prix,Sebastian Vettel,VET,Aston Martin,13.0,13.0,DNF,0.0
2021,4,Spanish Grand Prix,George Russell,RUS,Williams,15.0,14.0,DNF,0.0
2021,4,Spanish Grand Prix,Antonio Giovinazzi,GIO,Alfa Romeo Racing,14.0,15.0,DNF,0.0
2021,4,Spanish Grand Prix,Nicholas Latifi,LAT,Williams,19.0,16.0,DNF,0.0
2021,4,Spanish Grand Prix,Fernando Alonso,ALO,Alpine,10.0,17.0,DNF,0.0
2021,4,Spanish Grand Prix,Mick Schumacher,MSC,Haas F1 Team,18.0,18.0,DNF,0.0
2021,4,Spanish Grand Prix,Nikita Mazepin,MAZ,Haas F1 Team,20.0,19.0,DNF,0.0
2021,4,Spanish Grand Prix,Yuki Tsunoda,TSU,AlphaTauri,16.0,20.0,DNF,0.0
2021,5,Monaco Grand Prix,Max Verstappen,VER,Red Bull Racing,2.0,1.0,Finished,25.0
2021,5,Monaco Grand Prix,Carlos Sainz,SAI,Ferrari,4.0,2.0,Finished,18.0
2021,5,Monaco Grand Prix,Lando Norris,NOR,McLaren,5.0,3.0,Finished,15.0
2021,5,Monaco Grand Prix,Sergio Perez,PER,Red Bull Racing,9.0,4.0,Finished,12.0
2021,5,Monaco Grand Prix,Sebastian Vettel,VET,Aston Martin,8.0,5.0,Finished,10.0
2021,5,Monaco Grand Prix,Pierre Gasly,GAS,AlphaTauri,6.0,6.0,Finished,8.0
2021,5,Monaco Grand Prix,Lewis Hamilton,HAM,Mercedes,7.0,7.0,Finished,7.0
2021,5,Monaco Grand Prix,Lance Stroll,STR,Aston Martin,13.0,8.0,DNF,4.0
2021,5,Monaco Grand Prix,Esteban Ocon,OCO,Alpine,11.0,9.0,DNF,2.0
2021,5,Monaco Grand Prix,Antonio Giovinazzi,GIO,Alfa Romeo Racing,10.0,10.0,DNF,1.0
2021,5,Monaco Grand Prix,Kimi Räikkönen,RAI,Alfa Romeo Racing,14.0,11.0,DNF,0.0
2021,5,Monaco Grand Prix,Daniel Ricciardo,RIC,McLaren,12.0,12.0,DNF,0.0
2021,5,Monaco Grand Prix,Fernando Alonso,ALO,Alpine,17.0,13.0,DNF,0.0
2021,5,Monaco Grand Prix,George Russell,RUS,Williams,15.0,14.0,DNF,0.0
2021,5,Monaco Grand Prix,Nicholas Latifi,LAT,Williams,18.0,15.0,DNF,0.0
2021,5,Monaco Grand Prix,Yuki Tsunoda,TSU,AlphaTauri,16.0,16.0,DNF,0.0
2021,5,Monaco Grand Prix,Nikita Mazepin,MAZ,Haas F1 Team,19.0,17.0,DNF,0.0
2021,5,Monaco Grand Prix,Mick Schumacher,MSC,Haas F1 Team,20.0,18.0,DNF,0.0
2021,5,Monaco Grand Prix,Valtteri Bottas,BOT,Mercedes,3.0,19.0,DNF,0.0
2021,5,Monaco Grand Prix,Charles Leclerc,LEC,Ferrari,1.0,20.0,DNF,0.0
2021,6,Azerbaijan Grand Prix,Sergio Perez,PER,Red Bull Racing,6.0,1.0,Finished,25.0
2021,6,Azerbaijan Grand Prix,Sebastian Vettel,VET,Aston Martin,11.0,2.0,Finished,18.0
2021,6,Azerbaijan Grand Prix,Pierre Gasly,GAS,AlphaTauri,4.0,3.0,Finished,15.0
2021,6,Azerbaijan Grand Prix,Charles Leclerc,LEC,Ferrari,1.0,4.0,Finished,12.0
2021,6,Azerbaijan Grand Prix,Lando Norris,NOR,McLaren,9.0,5.0,Finished,10.0
2021,6,Azerbaijan Grand Prix,Fernando Alonso,ALO,Alpine,8.0,6.0,Finished,8.0
2021,6,Azerbaijan Grand Prix,Yuki Tsunoda,TSU,AlphaTauri,7.0,7.0,Finished,6.0
2021,6,Azerbaijan Grand Prix,Carlos Sainz,SAI,Ferrari,5.0,8.0,Finished,4.0
2021,6,Azerbaijan Grand Prix,Daniel Ricciardo,RIC,McLaren,13.0,9.0,Finished,2.0
2021,6,Azerbaijan Grand Prix,Kimi Räikkönen,RAI,Alfa Romeo Racing,14.0,10.0,Finished,1.0
2021,6,Azerbaijan Grand Prix,Antonio Giovinazzi,GIO,Alfa Romeo Racing,20.0,11.0,Finished,0.0
2021,6,Azerbaijan Grand Prix,Valtteri Bottas,BOT,Mercedes,10.0,12.0,Finished,0.0
2021,6,Azerbaijan Grand Prix,Mick Schumacher,MSC,Haas F1 Team,17.0,13.0,Finished,0.0
2021,6,Azerbaijan Grand Prix,Nikita Mazepin,MAZ,Haas F1 Team,18.0,14.0,Finished,0.0
2021,6,Azerbaijan Grand Prix,Lewis Hamilton,HAM,Mercedes,2.0,15.0,Finished,0.0
2021,6,Azerbaijan Grand Prix,Nicholas Latifi,LAT,Williams,16.0,16.0,Finished,0.0
2021,6,Azerbaijan Grand Prix,George Russell,RUS,Williams,15.0,17.0,DNF,0.0
2021,6,Azerbaijan Grand Prix,Max Verstappen,VER,Red Bull Racing,3.0,18.0,DNF,0.0
2021,6,Azerbaijan Grand Prix,Lance Stroll,STR,Aston Martin,19.0,19.0,DNF,0.0
2021,6,Azerbaijan Grand Prix,Esteban Ocon,OCO,Alpine,12.0,20.0,DNF,0.0
2021,7,French Grand Prix,Max Verstappen,VER,Red Bull Racing,1.0,1.0,Finished,26.0
2021,7,French Grand Prix,Lewis Hamilton,HAM,Mercedes,2.0,2.0,Finished,18.0
2021,7,French Grand Prix,Sergio Perez,PER,Red Bull Racing,4.0,3.0,Finished,15.0
2021,7,French Grand Prix,Valtteri Bottas,BOT,Mercedes,3.0,4.0,Finished,12.0
2021,7,French Grand Prix,Lando Norris,NOR,McLaren,8.0,5.0,Finished,10.0
2021,7,French Grand Prix,Daniel Ricciardo,RIC,McLaren,10.0,6.0,Finished,8.0
2021,7,French Grand Prix,Pierre Gasly,GAS,AlphaTauri,6.0,7.0,Finished,6.0
2021,7,French Grand Prix,Fernando Alonso,ALO,Alpine,9.0,8.0,Finished,4.0
2021,7,French Grand Prix,Sebastian Vettel,VET,Aston Martin,12.0,9.0,Finished,2.0
2021,7,French Grand Prix,Lance Stroll,STR,Aston Martin,19.0,10.0,Finished,1.0
2021,7,French Grand Prix,Carlos Sainz,SAI,Ferrari,5.0,11.0,Finished,0.0
2021,7,French Grand Prix,George Russell,RUS,Williams,14.0,12.0,DNF,0.0
2021,7,French Grand Prix,Yuki Tsunoda,TSU,AlphaTauri,0.0,13.0,DNF,0.0
2021,7,French Grand Prix,Esteban Ocon,OCO,Alpine,11.0,14.0,DNF,0.0
2021,7,French Grand Prix,Antonio Giovinazzi,GIO,Alfa Romeo Racing,13.0,15.0,DNF,0.0
2021,7,French Grand Prix,Charles Leclerc,LEC,Ferrari,7.0,16.0,DNF,0.0
2021,7,French Grand Prix,Kimi Räikkönen,RAI,Alfa Romeo Racing,17.0,17.0,DNF,0.0
2021,7,French Grand Prix,Nicholas Latifi,LAT,Williams,16.0,18.0,DNF,0.0
2021,7,French Grand Prix,Mick Schumacher,MSC,Haas F1 Team,15.0,19.0,DNF,0.0
2021,7,French Grand Prix,Nikita Mazepin,MAZ,Haas F1 Team,18.0,20.0,DNF,0.0
2021,8,Styrian Grand Prix,Max Verstappen,VER,Red Bull Racing,1.0,1.0,Finished,25.0
2021,8,Styrian Grand Prix,Lewis Hamilton,HAM,Mercedes,2.0,2.0,Finished,19.0
2021,8,Styrian Grand Prix,Valtteri Bottas,BOT,Mercedes,5.0,3.0,Finished,15.0
2021,8,Styrian Grand Prix,Sergio Perez,PER,Red Bull Racing,4.0,4.0,Finished,12.0
2021,8,Styrian Grand Prix,Lando Norris,NOR,McLaren,3.0,5.0,DNF,10.0
2021,8,Styrian Grand Prix,Carlos Sainz,SAI,Ferrari,12.0,6.0,DNF,8.0
2021,8,Styrian Grand Prix,Charles Leclerc,LEC,Ferrari,7.0,7.0,DNF,6.0
2021,8,Styrian Grand Prix,Lance Stroll,STR,Aston Martin,9.0,8.0,DNF,4.0
2021,8,Styrian Grand Prix,Fernando Alonso,ALO,Alpine,8.0,9.0,DNF,2.0
2021,8,Styrian Grand Prix,Yuki Tsunoda,TSU,AlphaTauri,11.0,10.0,DNF,1.0
2021,8,Styrian Grand Prix,Kimi Räikkönen,RAI,Alfa Romeo Racing,18.0,11.0,DNF,0.0
2021,8,Styrian Grand Prix,Sebastian Vettel,VET,Aston Martin,14.0,12.0,DNF,0.0
2021,8,Styrian Grand Prix,Daniel Ricciardo,RIC,McLaren,13.0,13.0,DNF,0.0
2021,8,Styrian Grand Prix,Esteban Ocon,OCO,Alpine,17.0,14.0,DNF,0.0
2021,8,Styrian Grand Prix,Antonio Giovinazzi,GIO,Alfa Romeo Racing,15.0,15.0,DNF,0.0
2021,8,Styrian Grand Prix,Mick Schumacher,MSC,Haas F1 Team,19.0,16.0,DNF,0.0
2021,8,Styrian Grand Prix,Nicholas Latifi,LAT,Williams,16.0,17.0,DNF,0.0
2021,8,Styrian Grand Prix,Nikita Mazepin,MAZ,Haas F1 Team,20.0,18.0,DNF,0.0
2021,8,Styrian Grand Prix,George Russell,RUS,Williams,10.0,19.0,DNF,0.0
2021,8,Styrian Grand Prix,Pierre Gasly,GAS,AlphaTauri,6.0,20.0,DNF,0.0
2021,9,Austrian Grand Prix,Max Verstappen,VER,Red Bull Racing,1.0,1.0,Finished,26.0
2021,9,Austrian Grand Prix,Valtteri Bottas,BOT,Mercedes,5.0,2.0,Finished,18.0
2021,9,Austrian Grand Prix,Lando Norris,NOR,McLaren,2.0,3.0,Finished,15.0
2021,9,Austrian Grand Prix,Lewis Hamilton,HAM,Mercedes,4.0,4.0,Finished,12.0
2021,9,Austrian Grand Prix,Carlos Sainz,SAI,Ferrari,10.0,5.0,Finished,10.0
2021,9,Austrian Grand Prix,Sergio Perez,PER,Red Bull Racing,3.0,6.0,Finished,8.0
2021,9,Austrian Grand Prix,Daniel Ricciardo,RIC,McLaren,13.0,7.0,Finished,6.0
2021,9,Austrian Grand Prix,Charles Leclerc,LEC,Ferrari,12.0,8.0,Finished,4.0
2021,9,Austrian Grand Prix,Pierre Gasly,GAS,AlphaTauri,6.0,9.0,Finished,2.0
2021,9,Austrian Grand Prix,Fernando Alonso,ALO,Alpine,14.0,10.0,DNF,1.0
2021,9,Austrian Grand Prix,George Russell,RUS,Williams,8.0,11.0,DNF,0.0
2021,9,Austrian Grand Prix,Yuki Tsunoda,TSU,AlphaTauri,7.0,12.0,DNF,0.0
2021,9,Austrian Grand Prix,Lance Stroll,STR,Aston Martin,9.0,13.0,DNF,0.0
2021,9,Austrian Grand Prix,Antonio Giovinazzi,GIO,Alfa Romeo Racing,15.0,14.0,DNF,0.0
2021,9,Austrian Grand Prix,Kimi Räikkönen,RAI,Alfa Romeo Racing,16.0,15.0,DNF,0.0
2021,9,Austrian Grand Prix,Nicholas Latifi,LAT,Williams,18.0,16.0,DNF,0.0
2021,9,Austrian Grand Prix,Sebastian Vettel,VET,Aston Martin,11.0,17.0,DNF,0.0
2021,9,Austrian Grand Prix,Mick Schumacher,MSC,Haas F1 Team,19.0,18.0,DNF,0.0
2021,9,Austrian Grand Prix,Nikita Mazepin,MAZ,Haas F1 Team,20.0,19.0,DNF,0.0
2021,9,Austrian Grand Prix,Esteban Ocon,OCO,Alpine,17.0,20.0,DNF,0.0
2021,10,British Grand Prix,Lewis Hamilton,HAM,Mercedes,2.0,1.0,Finished,25.0
2021,10,British Grand Prix,Charles Leclerc,LEC,Ferrari,4.0,2.0,Finished,18.0
2021,10,British Grand Prix,Valtteri Bottas,BOT,Mercedes,3.0,3.0,Finished,15.0
2021,10,British Grand Prix,Lando Norris,NOR,McLaren,5.0,4.0,Finished,12.0
2021,10,British Grand Prix,Daniel Ricciardo,RIC,McLaren,6.0,5.0,Finished,10.0
2021,10,British Grand Prix,Carlos Sainz,SAI,Ferrari,10.0,6.0,Finished,8.0
2021,10,British Grand Prix,Fernando Alonso,ALO,Alpine,7.0,7.0,Finished,6.0
2021,10,British Grand Prix,Lance Stroll,STR,Aston Martin,14.0,8.0,Finished,4.0
2021,10,British Grand Prix,Esteban Ocon,OCO,Alpine,9.0,9.0,Finished,2.0
2021,10,British Grand Prix,Yuki Tsunoda,TSU,AlphaTauri,16.0,10.0,Finished,1.0
2021,10,British Grand Prix,Pierre Gasly,GAS,AlphaTauri,11.0,11.0,Finished,0.0
2021,10,British Grand Prix,George Russell,RUS,Williams,12.0,12.0,DNF,0.0
2021,10,British Grand Prix,Antonio Giovinazzi,GIO,Alfa Romeo Racing,15.0,13.0,DNF,0.0
2021,10,British Grand Prix,Nicholas Latifi,LAT,Williams,17.0,14.0,DNF,0.0
2021,10,British Grand Prix,Kimi Räikkönen,RAI,Alfa Romeo Racing,13.0,15.0,DNF,0.0
2021,10,British Grand Prix,Sergio Perez,PER,Red Bull Racing,0.0,16.0,DNF,0.0
2021,10,British Grand Prix,Nikita Mazepin,MAZ,Haas F1 Team,19.0,17.0,DNF,0.0
2021,10,British Grand Prix,Mick Schumacher,MSC,Haas F1 Team,18.0,18.0,DNF,0.0
2021,10,British Grand Prix,Sebastian Vettel,VET,Aston Martin,8.0,19.0,DNF,0.0
2021,10,British Grand Prix,Max Verstappen,VER,Red Bull Racing,1.0,20.0,DNF,0.0
2021,11,Hungarian Grand Prix,Esteban Ocon,OCO,Alpine,8.0,1.0,Finished,25.0
2021,11,Hungarian Grand Prix,Lewis Hamilton,HAM,Mercedes,1.0,2.0,Finished,18.0
2021,11,Hungarian Grand Prix,Carlos Sainz,SAI,Ferrari,15.0,3.0,Finished,15.0
2021,11,Hungarian Grand Prix,Fernando Alonso,ALO,Alpine,9.0,4.0,Finished,12.0
2021,11,Hungarian Grand Prix,Pierre Gasly,GAS,AlphaTauri,5.0,5.0,Finished,11.0
2021,11,Hungarian Grand Prix,Yuki Tsunoda,TSU,AlphaTauri,16.0,6.0,Finished,8.0
2021,11,Hungarian Grand Prix,Nicholas Latifi,LAT,Williams,18.0,7.0,Finished,6.0
2021,11,Hungarian Grand Prix,George Russell,RUS,Williams,17.0,8.0,Finished,4.0
2021,11,Hungarian Grand Prix,Max Verstappen,VER,Red Bull Racing,3.0,9.0,Finished,2.0
2021,11,Hungarian Grand Prix,Kimi Räikkönen,RAI,Alfa Romeo Racing,13.0,10.0,DNF,1.0
2021,11,Hungarian Grand Prix,Daniel Ricciardo,RIC,McLaren,11.0,11.0,DNF,0.0
2021,11,Hungarian Grand Prix,Mick Schumacher,MSC,Haas F1 Team,20.0,12.0,DNF,0.0
2021,11,Hungarian Grand Prix,Antonio Giovinazzi,GIO,Alfa Romeo Racing,0.0,13.0,DNF,0.0
2021,11,Hungarian Grand Prix,Nikita Mazepin,MAZ,Haas F1 Team,19.0,14.0,DNF,0.0
2021,11,Hungarian Grand Prix,Lando Norris,NOR,McLaren,6.0,15.0,DNF,0.0
2021,11,Hungarian Grand Prix,Valtteri Bottas,BOT,Mercedes,2.0,16.0,DNF,0.0
2021,11,Hungarian Grand Prix,Sergio Perez,PER,Red Bull Racing,4.0,17.0,DNF,0.0
2021,11,Hungarian Grand Prix,Charles Leclerc,LEC,Ferrari,7.0,18.0,DNF,0.0
2021,11,Hungarian Grand Prix,Lance Stroll,STR,Aston Martin,12.0,19.0,DNF,0.0
2021,11,Hungarian Grand Prix,Sebastian Vettel,VET,Aston Martin,10.0,20.0,DNF,0.0
2021,12,Belgian Grand Prix,Max Verstappen,VER,Red Bull Racing,1.0,1.0,Finished,12.5
2021,12,Belgian Grand Prix,George Russell,RUS,Williams,2.0,2.0,Finished,9.0
2021,12,Belgian Grand Prix,Lewis Hamilton,HAM,Mercedes,3.0,3.0,Finished,7.5
2021,12,Belgian Grand Prix,Daniel Ricciardo,RIC,McLaren,4.0,4.0,Finished,6.0
2021,12,Belgian Grand Prix,Sebastian Vettel,VET,Aston Martin,5.0,5.0,Finished,5.0
2021,12,Belgian Grand Prix,Pierre Gasly,GAS,AlphaTauri,6.0,6.0,Finished,4.0
2021,12,Belgian Grand Prix,Esteban Ocon,OCO,Alpine,8.0,7.0,Finished,3.0
2021,12,Belgian Grand Prix,Charles Leclerc,LEC,Ferrari,9.0,8.0,Finished,2.0
2021,12,Belgian Grand Prix,Nicholas Latifi,LAT,Williams,10.0,9.0,Finished,1.0
2021,12,Belgian Grand Prix,Carlos Sainz,SAI,Ferrari,11.0,10.0,Finished,0.5
2021,12,Belgian Grand Prix,Fernando Alonso,ALO,Alpine,12.0,11.0,Finished,0.0
2021,12,Belgian Grand Prix,Valtteri Bottas,BOT,Mercedes,13.0,12.0,Finished,0.0
2021,12,Belgian Grand Prix,Antonio Giovinazzi,GIO,Alfa Romeo Racing,14.0,13.0,Finished,0.0
2021,12,Belgian Grand Prix,Lando Norris,NOR,McLaren,15.0,14.0,Finished,0.0
2021,12,Belgian Grand Prix,Yuki Tsunoda,TSU,AlphaTauri,16.0,15.0,Finished,0.0
2021,12,Belgian Grand Prix,Mick Schumacher,MSC,Haas F1 Team,17.0,16.0,Finished,0.0
2021,12,Belgian Grand Prix,Nikita Mazepin,MAZ,Haas F1 Team,18.0,17.0,Finished,0.0
2021,12,Belgian Grand Prix,Kimi Räikkönen,RAI,Alfa Romeo Racing,0.0,18.0,Finished,0.0
2021,12,Belgian Grand Prix,Sergio Perez,PER,Red Bull Racing,0.0,19.0,Finished,0.0
2021,12,Belgian Grand Prix,Lance Stroll,STR,Aston Martin,19.0,20.0,Finished,0.0
2021,13,Dutch Grand Prix,Max Verstappen,VER,Red Bull Racing,1.0,1.0,Finished,25.0
2021,13,Dutch Grand Prix,Lewis Hamilton,HAM,Mercedes,2.0,2.0,Finished,19.0
2021,13,Dutch Grand Prix,Valtteri Bottas,BOT,Mercedes,3.0,3.0,Finished,15.0
2021,13,Dutch Grand Prix,Pierre Gasly,GAS,AlphaTauri,4.0,4.0,DNF,12.0
2021,13,Dutch Grand Prix,Charles Leclerc,LEC,Ferrari,5.0,5.0,DNF,10.0
2021,13,Dutch Grand Prix,Fernando Alonso,ALO,Alpine,9.0,6.0,DNF,8.0
2021,13,Dutch Grand Prix,Carlos Sainz,SAI,Ferrari,6.0,7.0,DNF,6.0
2021,13,Dutch Grand Prix,Sergio Perez,PER,Red Bull Racing,0.0,8.0,DNF,4.0
2021,13,Dutch Grand Prix,Esteban Ocon,OCO,Alpine,8.0,9.0,DNF,2.0
2021,13,Dutch Grand Prix,Lando Norris,NOR,McLaren,13.0,10.0,DNF,1.0
2021,13,Dutch Grand Prix,Daniel Ricciardo,RIC,McLaren,10.0,11.0,DNF,0.0
2021,13,Dutch Grand Prix,Lance Stroll,STR,Aston Martin,12.0,12.0,DNF,0.0
2021,13,Dutch Grand Prix,Sebastian Vettel,VET,Aston Martin,15.0,13.0,DNF,0.0
2021,13,Dutch Grand Prix,Antonio Giovinazzi,GIO,Alfa Romeo Racing,7.0,14.0,DNF,0.0
2021,13,Dutch Grand Prix,Robert Kubica,KUB,Alfa Romeo Racing,16.0,15.0,DNF,0.0
2021,13,Dutch Grand Prix,Nicholas Latifi,LAT,Williams,0.0,16.0,DNF,0.0
2021,13,Dutch Grand Prix,George Russell,RUS,Williams,11.0,17.0,DNF,0.0
2021,13,Dutch Grand Prix,Mick Schumacher,MSC,Haas F1 Team,17.0,18.0,DNF,0.0
2021,13,Dutch Grand Prix,Yuki Tsunoda,TSU,AlphaTauri,14.0,19.0,DNF,0.0
2021,13,Dutch Grand Prix,Nikita Mazepin,MAZ,Haas F1 Team,18.0,20.0,DNF,0.0
2021,14,Italian Grand Prix,Daniel Ricciardo,RIC,McLaren,2.0,1.0,Finished,26.0
2021,14,Italian Grand Prix,Lando Norris,NOR,McLaren,3.0,2.0,Finished,18.0
2021,14,Italian Grand Prix,Valtteri Bottas,BOT,Mercedes,19.0,3.0,Finished,15.0
2021,14,Italian Grand Prix,Charles Leclerc,LEC,Ferrari,5.0,4.0,Finished,12.0
2021,14,Italian Grand Prix,Sergio Perez,PER,Red Bull Racing,8.0,5.0,Finished,10.0
2021,14,Italian Grand Prix,Carlos Sainz,SAI,Ferrari,6.0,6.0,Finished,8.0
2021,14,Italian Grand Prix,Lance Stroll,STR,Aston Martin,9.0,7.0,Finished,6.0
2021,14,Italian Grand Prix,Fernando Alonso,ALO,Alpine,10.0,8.0,Finished,4.0
2021,14,Italian Grand Prix,George Russell,RUS,Williams,14.0,9.0,Finished,2.0
2021,14,Italian Grand Prix,Esteban Ocon,OCO,Alpine,12.0,10.0,Finished,1.0
2021,14,Italian Grand Prix,Nicholas Latifi,LAT,Williams,13.0,11.0,Finished,0.0
2021,14,Italian Grand Prix,Sebastian Vettel,VET,Aston Martin,11.0,12.0,Finished,0.0
2021,14,Italian Grand Prix,Antonio Giovinazzi,GIO,Alfa Romeo Racing,7.0,13.0,Finished,0.0
2021,14,Italian Grand Prix,Robert Kubica,KUB,Alfa Romeo Racing,17.0,14.0,Finished,0.0
2021,14,Italian Grand Prix,Mick Schumacher,MSC,Haas F1 Team,18.0,15.0,Finished,0.0
2021,14,Italian Grand Prix,Nikita Mazepin,MAZ,Haas F1 Team,16.0,16.0,DNF,0.0
2021,14,Italian Grand Prix,Lewis Hamilton,HAM,Mercedes,4.0,17.0,DNF,0.0
2021,14,Italian Grand Prix,Max Verstappen,VER,Red Bull Racing,1.0,18.0,DNF,0.0
2021,14,Italian Grand Prix,Pierre Gasly,GAS,AlphaTauri,0.0,19.0,DNF,0.0
2021,14,Italian Grand Prix,Yuki Tsunoda,TSU,AlphaTauri,0.0,20.0,DNF,0.0
2021,15,Russian Grand Prix,Lewis Hamilton,HAM,Mercedes,4.0,1.0,Finished,25.0
2021,15,Russian Grand Prix,Max Verstappen,VER,Red Bull Racing,20.0,2.0,Finished,18.0
2021,15,Russian Grand Prix,Carlos Sainz,SAI,Ferrari,2.0,3.0,Finished,15.0
2021,15,Russian Grand Prix,Daniel Ricciardo,RIC,McLaren,5.0,4.0,Finished,12.0
2021,15,Russian Grand Prix,Valtteri Bottas,BOT,Mercedes,16.0,5.0,Finished,10.0
2021,15,Russian Grand Prix,Fernando Alonso,ALO,Alpine,6.0,6.0,Finished,8.0
2021,15,Russian Grand Prix,Lando Norris,NOR,McLaren,1.0,7.0,Finished,7.0
2021,15,Russian Grand Prix,Kimi Räikkönen,RAI,Alfa Romeo Racing,13.0,8.0,Finished,4.0
2021,15,Russian Grand Prix,Sergio Perez,PER,Red Bull Racing,8.0,9.0,Finished,2.0
2021,15,Russian Grand Prix,George Russell,RUS,Williams,3.0,10.0,Finished,1.0
2021,15,Russian Grand Prix,Lance Stroll,STR,Aston Martin,7.0,11.0,Finished,0.0
2021,15,Russian Grand Prix,Sebastian Vettel,VET,Aston Martin,10.0,12.0,DNF,0.0
2021,15,Russian Grand Prix,Pierre Gasly,GAS,AlphaTauri,11.0,13.0,DNF,0.0
2021,15,Russian Grand Prix,Esteban Ocon,OCO,Alpine,9.0,14.0,DNF,0.0
2021,15,Russian Grand Prix,Charles Leclerc,LEC,Ferrari,19.0,15.0,DNF,0.0
2021,15,Russian Grand Prix,Antonio Giovinazzi,GIO,Alfa Romeo Racing,17.0,16.0,DNF,0.0
2021,15,Russian Grand Prix,Yuki Tsunoda,TSU,AlphaTauri,12.0,17.0,DNF,0.0
2021,15,Russian Grand Prix,Nikita Mazepin,MAZ,Haas F1 Team,15.0,18.0,DNF,0.0
2021,15,Russian Grand Prix,Nicholas Latifi,LAT,Williams,18.0,19.0,DNF,0.0
2021,15,Russian Grand Prix,Mick Schumacher,MSC,Haas F1 Team,14.0,20.0,DNF,0.0
2021,16,Turkish Grand Prix,Valtteri Bottas,BOT,Mercedes,1.0,1.0,Finished,26.0
2021,16,Turkish Grand Prix,Max Verstappen,VER,Red Bull Racing,2.0,2.0,Finished,18.0
2021,16,Turkish Grand Prix,Sergio Perez,PER,Red Bull Racing,6.0,3.0,Finished,15.0
2021,16,Turkish Grand Prix,Charles Leclerc,LEC,Ferrari,3.0,4.0,Finished,12.0
2021,16,Turkish Grand Prix,Lewis Hamilton,HAM,Mercedes,11.0,5.0,Finished,10.0
2021,16,Turkish Grand Prix,Pierre Gasly,GAS,AlphaTauri,4.0,6.0,Finished,8.0
2021,16,Turkish Grand Prix,Lando Norris,NOR,McLaren,7.0,7.0,Finished,6.0
2021,16,Turkish Grand Prix,Carlos Sainz,SAI,Ferrari,19.0,8.0,Finished,4.0
2021,16,Turkish Grand Prix,Lance Stroll,STR,Aston Martin,8.0,9.0,Finished,2.0
2021,16,Turkish Grand Prix,Esteban Ocon,OCO,Alpine,12.0,10.0,DNF,1.0
2021,16,Turkish Grand Prix,Antonio Giovinazzi,GIO,Alfa Romeo Racing,16.0,11.0,DNF,0.0
2021,16,Turkish Grand Prix,Kimi Räikkönen,RAI,Alfa Romeo Racing,17.0,12.0,DNF,0.0
2021,16,Turkish Grand Prix,Daniel Ricciardo,RIC,McLaren,20.0,13.0,DNF,0.0
2021,16,Turkish Grand Prix,Yuki Tsunoda,TSU,AlphaTauri,9.0,14.0,DNF,0.0
2021,16,Turkish Grand Prix,George Russell,RUS,Williams,13.0,15.0,DNF,0.0
2021,16,Turkish Grand Prix,Fernando Alonso,ALO,Alpine,5.0,16.0,DNF,0.0
2021,16,Turkish Grand Prix,Nicholas Latifi,LAT,Williams,15.0,17.0,DNF,0.0
2021,16,Turkish Grand Prix,Sebastian Vettel,VET,Aston Martin,10.0,18.0,DNF,0.0
2021,16,Turkish Grand Prix,Mick Schumacher,MSC,Haas F1 Team,14.0,19.0,DNF,0.0
2021,16,Turkish Grand Prix,Nikita Mazepin,MAZ,Haas F1 Team,18.0,20.0,DNF,0.0
2021,17,United States Grand Prix,Max Verstappen,VER,Red Bull Racing,1.0,1.0,Finished,25.0
2021,17,United States Grand Prix,Lewis Hamilton,HAM,Mercedes,2.0,2.0,Finished,19.0
2021,17,United States Grand Prix,Sergio Perez,PER,Red Bull Racing,3.0,3.0,Finished,15.0
2021,17,United States Grand Prix,Charles Leclerc,LEC,Ferrari,4.0,4.0,Finished,12.0
2021,17,United States Grand Prix,Daniel Ricciardo,RIC,McLaren,6.0,5.0,Finished,10.0
2021,17,United States Grand Prix,Valtteri Bottas,BOT,Mercedes,9.0,6.0,Finished,8.0
2021,17,United States Grand Prix,Carlos Sainz,SAI,Ferrari,5.0,7.0,Finished,6.0
2021,17,United States Grand Prix,Lando Norris,NOR,McLaren,7.0,8.0,Finished,4.0
2021,17,United States Grand Prix,Yuki Tsunoda,TSU,AlphaTauri,10.0,9.0,DNF,2.0
2021,17,United States Grand Prix,Sebastian Vettel,VET,Aston Martin,18.0,10.0,DNF,1.0
2021,17,United States Grand Prix,Antonio Giovinazzi,GIO,Alfa Romeo Racing,12.0,11.0,DNF,0.0
2021,17,United States Grand Prix,Lance Stroll,STR,Aston Martin,13.0,12.0,DNF,0.0
2021,17,United States Grand Prix,Kimi Räikkönen,RAI,Alfa Romeo Racing,15.0,13.0,DNF,0.0
2021,17,United States Grand Prix,George Russell,RUS,Williams,20.0,14.0,DNF,0.0
2021,17,United States Grand Prix,Nicholas Latifi,LAT,Williams,14.0,15.0,DNF,0.0
2021,17,United States Grand Prix,Mick Schumacher,MSC,Haas F1 Team,16.0,16.0,DNF,0.0
2021,17,United States Grand Prix,Nikita Mazepin,MAZ,Haas F1 Team,17.0,17.0,DNF,0.0
2021,17,United States Grand Prix,Fernando Alonso,ALO,Alpine,19.0,18.0,DNF,0.0
2021,17,United States Grand Prix,Esteban Ocon,OCO,Alpine,11.0,19.0,DNF,0.0
2021,17,United States Grand Prix,Pierre Gasly,GAS,AlphaTauri,8.0,20.0,DNF,0.0
2021,18,Mexico City Grand Prix,Max Verstappen,VER,Red Bull Racing,3.0,1.0,Finished,25.0
2021,18,Mexico City Grand Prix,Lewis Hamilton,HAM,Mercedes,2.0,2.0,Finished,18.0
2021,18,Mexico City Grand Prix,Sergio Perez,PER,Red Bull Racing,4.0,3.0,Finished,15.0
2021,18,Mexico City Grand Prix,Pierre Gasly,GAS,AlphaTauri,5.0,4.0,Finished,12.0
2021,18,Mexico City Grand Prix,Charles Leclerc,LEC,Ferrari,8.0,5.0,Finished,10.0
2021,18,Mexico City Grand Prix,Carlos Sainz,SAI,Ferrari,6.0,6.0,DNF,8.0
2021,18,Mexico City Grand Prix,Sebastian Vettel,VET,Aston Martin,9.0,7.0,DNF,6.0
2021,18,Mexico City Grand Prix,Kimi Räikkönen,RAI,Alfa Romeo Racing,10.0,8.0,DNF,4.0
2021,18,Mexico City Grand Prix,Fernando Alonso,ALO,Alpine,12.0,9.0,DNF,2.0
2021,18,Mexico City Grand Prix,Lando Norris,NOR,McLaren,18.0,10.0,DNF,1.0
2021,18,Mexico City Grand Prix,Antonio Giovinazzi,GIO,Alfa Romeo Racing,11.0,11.0,DNF,0.0
2021,18,Mexico City Grand Prix,Daniel Ricciardo,RIC,McLaren,7.0,12.0,DNF,0.0
2021,18,Mexico City Grand Prix,Esteban Ocon,OCO,Alpine,19.0,13.0,DNF,0.0
2021,18,Mexico City Grand Prix,Lance Stroll,STR,Aston Martin,20.0,14.0,DNF,0.0
2021,18,Mexico City Grand Prix,Valtteri Bottas,BOT,Mercedes,1.0,15.0,DNF,0.0
2021,18,Mexico City Grand Prix,George Russell,RUS,Williams,16.0,16.0,DNF,0.0
2021,18,Mexico City Grand Prix,Nicholas Latifi,LAT,Williams,13.0,17.0,DNF,0.0
2021,18,Mexico City Grand Prix,Nikita Mazepin,MAZ,Haas F1 Team,15.0,18.0,DNF,0.0
2021,18,Mexico City Grand Prix,Mick Schumacher,MSC,Haas F1 Team,14.0,19.0,DNF,0.0
2021,18,Mexico City Grand Prix,Yuki Tsunoda,TSU,AlphaTauri,17.0,20.0,DNF,0.0
2021,19,São Paulo Grand Prix,Lewis Hamilton,HAM,Mercedes,10.0,1.0,Finished,25.0
2021,19,São Paulo Grand Prix,Max Verstappen,VER,Red Bull Racing,2.0,2.0,Finished,18.0
2021,19,São Paulo Grand Prix,Valtteri Bottas,BOT,Mercedes,1.0,3.0,Finished,15.0
2021,19,São Paulo Grand Prix,Sergio Perez,PER,Red Bull Racing,4.0,4.0,Finished,13.0
2021,19,São Paulo Grand Prix,Charles Leclerc,LEC,Ferrari,6.0,5.0,Finished,10.0
2021,19,São Paulo Grand Prix,Carlos Sainz,SAI,Ferrari,3.0,6.0,Finished,8.0
2021,19,São Paulo Grand Prix,Pierre Gasly,GAS,AlphaTauri,7.0,7.0,DNF,6.0
2021,19,São Paulo Grand Prix,Esteban Ocon,OCO,Alpine,8.0,8.0,DNF,4.0
2021,19,São Paulo Grand Prix,Fernando Alonso,ALO,Alpine,12.0,9.0,DNF,2.0
2021,19,São Paulo Grand Prix,Lando Norris,NOR,McLaren,5.0,10.0,DNF,1.0
2021,19,São Paulo Grand Prix,Sebastian Vettel,VET,Aston Martin,9.0,11.0,DNF,0.0
2021,19,São Paulo Grand Prix,Kimi Räikkönen,RAI,Alfa Romeo Racing,0.0,12.0,DNF,0.0
2021,19,São Paulo Grand Prix,George Russell,RUS,Williams,17.0,13.0,DNF,0.0
2021,19,São Paulo Grand Prix,Antonio Giovinazzi,GIO,Alfa Romeo Racing,13.0,14.0,DNF,0.0
2021,19,São Paulo Grand Prix,Yuki Tsunoda,TSU,AlphaTauri,15.0,15.0,DNF,0.0
2021,19,São Paulo Grand Prix,Nicholas Latifi,LAT,Williams,16.0,16.0,DNF,0.0
2021,19,São Paulo Grand Prix,Nikita Mazepin,MAZ,Haas F1 Team,19.0,17.0,DNF,0.0
2021,19,São Paulo Grand Prix,Mick Schumacher,MSC,Haas F1 Team,18.0,18.0,DNF,0.0
2021,19,São Paulo Grand Prix,Daniel Ricciardo,RIC,McLaren,11.0,19.0,DNF,0.0
2021,19,São Paulo Grand Prix,Lance Stroll,STR,Aston Martin,14.0,20.0,DNF,0.0
2021,20,Qatar Grand Prix,Lewis Hamilton,HAM,Mercedes,1.0,1.0,Finished,25.0
2021,20,Qatar Grand Prix,Max Verstappen,VER,Red Bull Racing,7.0,2.0,Finished,19.0
2021,20,Qatar Grand Prix,Fernando Alonso,ALO,Alpine,3.0,3.0,Finished,15.0
2021,20,Qatar Grand Prix,Sergio Perez,PER,Red Bull Racing,11.0,4.0,Finished,12.0
2021,20,Qatar Grand Prix,Esteban Ocon,OCO,Alpine,9.0,5.0,Finished,10.0
2021,20,Qatar Grand Prix,Lance Stroll,STR,Aston Martin,12.0,6.0,Finished,8.0
2021,20,Qatar Grand Prix,Carlos Sainz,SAI,Ferrari,5.0,7.0,Finished,6.0
2021,20,Qatar Grand Prix,Charles Leclerc,LEC,Ferrari,13.0,8.0,Finished,4.0
2021,20,Qatar Grand Prix,Lando Norris,NOR,McLaren,4.0,9.0,DNF,2.0
2021,20,Qatar Grand Prix,Sebastian Vettel,VET,Aston Martin,10.0,10.0,DNF,1.0
2021,20,Qatar Grand Prix,Pierre Gasly,GAS,AlphaTauri,2.0,11.0,DNF,0.0
2021,20,Qatar Grand Prix,Daniel Ricciardo,RIC,McLaren,14.0,12.0,DNF,0.0
2021,20,Qatar Grand Prix,Yuki Tsunoda,TSU,AlphaTauri,8.0,13.0,DNF,0.0
2021,20,Qatar Grand Prix,Kimi Räikkönen,RAI,Alfa Romeo Racing,16.0,14.0,DNF,0.0
2021,20,Qatar Grand Prix,Antonio Giovinazzi,GIO,Alfa Romeo Racing,18.0,15.0,DNF,0.0
2021,20,Qatar Grand Prix,Mick Schumacher,MSC,Haas F1 Team,19.0,16.0,DNF,0.0
2021,20,Qatar Grand Prix,George Russell,RUS,Williams,15.0,17.0,DNF,0.0
2021,20,Qatar Grand Prix,Nikita Mazepin,MAZ,Haas F1 Team,20.0,18.0,DNF,0.0
2021,20,Qatar Grand Prix,Nicholas Latifi,LAT,Williams,17.0,19.0,DNF,0.0
2021,20,Qatar Grand Prix,Valtteri Bottas,BOT,Mercedes,6.0,20.0,DNF,0.0
2021,21,Saudi Arabian Grand Prix,Lewis Hamilton,HAM,Mercedes,1.0,1.0,Finished,26.0
2021,21,Saudi Arabian Grand Prix,Max Verstappen,VER,Red Bull Racing,3.0,2.0,Finished,18.0
2021,21,Saudi Arabian Grand Prix,Valtteri Bottas,BOT,Mercedes,2.0,3.0,Finished,15.0
2021,21,Saudi Arabian Grand Prix,Esteban Ocon,OCO,Alpine,9.0,4.0,Finished,12.0
2021,21,Saudi Arabian Grand Prix,Daniel Ricciardo,RIC,McLaren,11.0,5.0,Finished,10.0
2021,21,Saudi Arabian Grand Prix,Pierre Gasly,GAS,AlphaTauri,6.0,6.0,Finished,8.0
2021,21,Saudi Arabian Grand Prix,Charles Leclerc,LEC,Ferrari,4.0,7.0,Finished,6.0
2021,21,Saudi Arabian Grand Prix,Carlos Sainz,SAI,Ferrari,15.0,8.0,Finished,4.0
2021,21,Saudi Arabian Grand Prix,Antonio Giovinazzi,GIO,Alfa Romeo Racing,10.0,9.0,Finished,2.0
2021,21,Saudi Arabian Grand Prix,Lando Norris,NOR,McLaren,7.0,10.0,Finished,1.0
2021,21,Saudi Arabian Grand Prix,Lance Stroll,STR,Aston Martin,18.0,11.0,Finished,0.0
2021,21,Saudi Arabian Grand Prix,Nicholas Latifi,LAT,Williams,16.0,12.0,Finished,0.0
2021,21,Saudi Arabian Grand Prix,Fernando Alonso,ALO,Alpine,13.0,13.0,DNF,0.0
2021,21,Saudi Arabian Grand Prix,Yuki Tsunoda,TSU,AlphaTauri,8.0,14.0,DNF,0.0
2021,21,Saudi Arabian Grand Prix,Kimi Räikkönen,RAI,Alfa Romeo Racing,12.0,15.0,DNF,0.0
2021,21,Saudi Arabian Grand Prix,Sebastian Vettel,VET,Aston Martin,17.0,16.0,DNF,0.0
2021,21,Saudi Arabian Grand Prix,Sergio Perez,PER,Red Bull Racing,5.0,17.0,DNF,0.0
2021,21,Saudi Arabian Grand Prix,Nikita Mazepin,MAZ,Haas F1 Team,20.0,18.0,DNF,0.0
2021,21,Saudi Arabian Grand Prix,George Russell,RUS,Williams,14.0,19.0,DNF,0.0
2021,21,Saudi Arabian Grand Prix,Mick Schumacher,MSC,Haas F1 Team,19.0,20.0,DNF,0.0
2021,22,Abu Dhabi Grand Prix,Max Verstappen,VER,Red Bull Racing,1.0,1.0,Finished,26.0
2021,22,Abu Dhabi Grand Prix,Lewis Hamilton,HAM,Mercedes,2.0,2.0,Finished,18.0
2021,22,Abu Dhabi Grand Prix,Carlos Sainz,SAI,Ferrari,5.0,3.0,Finished,15.0
2021,22,Abu Dhabi Grand Prix,Yuki Tsunoda,TSU,AlphaTauri,8.0,4.0,Finished,12.0
2021,22,Abu Dhabi Grand Prix,Pierre Gasly,GAS,AlphaTauri,12.0,5.0,Finished,10.0
2021,22,Abu Dhabi Grand Prix,Valtteri Bottas,BOT,Mercedes,6.0,6.0,Finished,8.0
2021,22,Abu Dhabi Grand Prix,Lando Norris,NOR,McLaren,3.0,7.0,Finished,6.0
2021,22,Abu Dhabi Grand Prix,Fernando Alonso,ALO,Alpine,11.0,8.0,Finished,4.0
2021,22,Abu Dhabi Grand Prix,Esteban Ocon,OCO,Alpine,9.0,9.0,Finished,2.0
2021,22,Abu Dhabi Grand Prix,Charles Leclerc,LEC,Ferrari,7.0,10.0,Finished,1.0
2021,22,Abu Dhabi Grand Prix,Sebastian Vettel,VET,Aston Martin,15.0,11.0,Finished,0.0
2021,22,Abu Dhabi Grand Prix,Daniel Ricciardo,RIC,McLaren,10.0,12.0,DNF,0.0
2021,22,Abu Dhabi Grand Prix,Lance Stroll,STR,Aston Martin,13.0,13.0,DNF,0.0
2021,22,Abu Dhabi Grand Prix,Mick Schumacher,MSC,Haas F1 Team,19.0,14.0,DNF,0.0
2021,22,Abu Dhabi Grand Prix,Sergio Perez,PER,Red Bull Racing,4.0,15.0,DNF,0.0
2021,22,Abu Dhabi Grand Prix,Nicholas Latifi,LAT,Williams,16.0,16.0,DNF,0.0
2021,22,Abu Dhabi Grand Prix,Antonio Giovinazzi,GIO,Alfa Romeo Racing,14.0,17.0,DNF,0.0
2021,22,Abu Dhabi Grand Prix,George Russell,RUS,Williams,17.0,18.0,DNF,0.0
2021,22,Abu Dhabi Grand Prix,Kimi Räikkönen,RAI,Alfa Romeo Racing,18.0,19.0,DNF,0.0
2021,22,Abu Dhabi Grand Prix,Nikita Mazepin,MAZ,Haas F1 Team,,,DNF,0.0
2022,1,Bahrain Grand Prix,Charles Leclerc,LEC,Ferrari,1.0,1.0,Finished,26.0
2022,1,Bahrain Grand Prix,Carlos Sainz,SAI,Ferrari,3.0,2.0,Finished,18.0
2022,1,Bahrain Grand Prix,Lewis Hamilton,HAM,Mercedes,5.0,3.0,Finished,15.0
2022,1,Bahrain Grand Prix,George Russell,RUS,Mercedes,9.0,4.0,Finished,12.0
2022,1,Bahrain Grand Prix,Kevin Magnussen,MAG,Haas F1 Team,7.0,5.0,Finished,10.0
2022,1,Bahrain Grand Prix,Valtteri Bottas,BOT,Alfa Romeo,6.0,6.0,Finished,8.0
2022,1,Bahrain Grand Prix,Esteban Ocon,OCO,Alpine F1 Team,11.0,7.0,Finished,6.0
2022,1,Bahrain Grand Prix,Yuki Tsunoda,TSU,AlphaTauri,16.0,8.0,Finished,4.0
2022,1,Bahrain Grand Prix,Fernando Alonso,ALO,Alpine F1 Team,8.0,9.0,Finished,2.0
2022,1,Bahrain Grand Prix,Guanyu Zhou,ZHO,Alfa Romeo,15.0,10.0,Finished,1.0
2022,1,Bahrain Grand Prix,Mick Schumacher,MSC,Haas F1 Team,12.0,11.0,Finished,0.0
2022,1,Bahrain Grand Prix,Lance Stroll,STR,Aston Martin,19.0,12.0,Finished,0.0
2022,1,Bahrain Grand Prix,Alexander Albon,ALB,Williams,14.0,13.0,Finished,0.0
2022,1,Bahrain Grand Prix,Daniel Ricciardo,RIC,McLaren,18.0,14.0,Finished,0.0
2022,1,Bahrain Grand Prix,Lando Norris,NOR,McLaren,13.0,15.0,Finished,0.0
2022,1,Bahrain Grand Prix,Nicholas Latifi,LAT,Williams,20.0,16.0,Finished,0.0
2022,1,Bahrain Grand Prix,Nico Hülkenberg,HUL,Aston Martin,17.0,17.0,Finished,0.0
2022,1,Bahrain Grand Prix,Sergio Pérez,PER,Red Bull,4.0,18.0,DNF,0.0
2022,1,Bahrain Grand Prix,Max Verstappen,VER,Red Bull,2.0,19.0,DNF,0.0
2022,1,Bahrain Grand Prix,Pierre Gasly,GAS,AlphaTauri,10.0,20.0,DNF,0.0
2022,2,Saudi Arabian Grand Prix,Max Verstappen,VER,Red Bull,4.0,1.0,Finished,25.0
2022,2,Saudi Arabian Grand Prix,Charles Leclerc,LEC,Ferrari,2.0,2.0,Finished,19.0
2022,2,Saudi Arabian Grand Prix,Carlos Sainz,SAI,Ferrari,3.0,3.0,Finished,15.0
2022,2,Saudi Arabian Grand Prix,Sergio Pérez,PER,Red Bull,1.0,4.0,Finished,12.0
2022,2,Saudi Arabian Grand Prix,George Russell,RUS,Mercedes,6.0,5.0,Finished,10.0
2022,2,Saudi Arabian Grand Prix,Esteban Ocon,OCO,Alpine F1 Team,5.0,6.0,Finished,8.0
2022,2,Saudi Arabian Grand Prix,Lando Norris,NOR,McLaren,11.0,7.0,Finished,6.0
2022,2,Saudi Arabian Grand Prix,Pierre Gasly,GAS,AlphaTauri,9.0,8.0,Finished,4.0
2022,2,Saudi Arabian Grand Prix,Kevin Magnussen,MAG,Haas F1 Team,10.0,9.0,Finished,2.0
2022,2,Saudi Arabian Grand Prix,Lewis Hamilton,HAM,Mercedes,15.0,10.0,Finished,1.0
2022,2,Saudi Arabian Grand Prix,Guanyu Zhou,ZHO,Alfa Romeo,12.0,11.0,Finished,0.0
2022,2,Saudi Arabian Grand Prix,Nico Hülkenberg,HUL,Aston Martin,17.0,12.0,Finished,0.0
2022,2,Saudi Arabian Grand Prix,Lance Stroll,STR,Aston Martin,13.0,13.0,DNF,0.0
2022,2,Saudi Arabian Grand Prix,Alexander Albon,ALB,Williams,16.0,14.0,DNF,0.0
2022,2,Saudi Arabian Grand Prix,Valtteri Bottas,BOT,Alfa Romeo,8.0,15.0,DNF,0.0
2022,2,Saudi Arabian Grand Prix,Fernando Alonso,ALO,Alpine F1 Team,7.0,16.0,DNF,0.0
2022,2,Saudi Arabian Grand Prix,Daniel Ricciardo,RIC,McLaren,14.0,17.0,DNF,0.0
2022,2,Saudi Arabian Grand Prix,Nicholas Latifi,LAT,Williams,18.0,18.0,DNF,0.0
2022,2,Saudi Arabian Grand Prix,Yuki Tsunoda,TSU,AlphaTauri,19.0,19.0,DNF,0.0
2022,2,Saudi Arabian Grand Prix,Mick Schumacher,MSC,Haas F1 Team,0.0,20.0,DNF,0.0
2022,3,Australian Grand Prix,Charles Leclerc,LEC,Ferrari,1.0,1.0,Finished,26.0
2022,3,Australian Grand Prix,Sergio Pérez,PER,Red Bull,3.0,2.0,Finished,18.0
2022,3,Australian Grand Prix,George Russell,RUS,Mercedes,6.0,3.0,Finished,15.0
2022,3,Australian Grand Prix,Lewis Hamilton,HAM,Mercedes,5.0,4.0,Finished,12.0
2022,3,Australian Grand Prix,Lando Norris,NOR,McLaren,4.0,5.0,Finished,10.0
2022,3,Australian Grand Prix,Daniel Ricciardo,RIC,McLaren,7.0,6.0,Finished,8.0
2022,3,Australian Grand Prix,Esteban Ocon,OCO,Alpine F1 Team,8.0,7.0,Finished,6.0
2022,3,Australian Grand Prix,Valtteri Bottas,BOT,Alfa Romeo,12.0,8.0,Finished,4.0
2022,3,Australian Grand Prix,Pierre Gasly,GAS,AlphaTauri,11.0,9.0,Finished,2.0
2022,3,Australian Grand Prix,Alexander Albon,ALB,Williams,20.0,10.0,Finished,1.0
2022,3,Australian Grand Prix,Guanyu Zhou,ZHO,Alfa Romeo,14.0,11.0,Finished,0.0
2022,3,Australian Grand Prix,Lance Stroll,STR,Aston Martin,19.0,12.0,Finished,0.0
2022,3,Australian Grand Prix,Mick Schumacher,MSC,Haas F1 Team,15.0,13.0,DNF,0.0
2022,3,Australian Grand Prix,Kevin Magnussen,MAG,Haas F1 Team,16.0,14.0,DNF,0.0
2022,3,Australian Grand Prix,Yuki Tsunoda,TSU,AlphaTauri,13.0,15.0,DNF,0.0
2022,3,Australian Grand Prix,Nicholas Latifi,LAT,Williams,18.0,16.0,DNF,0.0
2022,3,Australian Grand Prix,Fernando Alonso,ALO,Alpine F1 Team,10.0,17.0,DNF,0.0
2022,3,Australian Grand Prix,Max Verstappen,VER,Red Bull,2.0,18.0,DNF,0.0
2022,3,Australian Grand Prix,Sebastian Vettel,VET,Aston Martin,17.0,19.0,DNF,0.0
2022,3,Australian Grand Prix,Carlos Sainz,SAI,Ferrari,9.0,20.0,DNF,0.0
2022,4,Emilia Romagna Grand Prix,Max Verstappen,VER,Red Bull,1.0,1.0,Finished,26.0
2022,4,Emilia Romagna Grand Prix,Sergio Pérez,PER,Red Bull,3.0,2.0,Finished,18.0
2022,4,Emilia Romagna Grand Prix,Lando Norris,NOR,McLaren,5.0,3.0,Finished,15.0
2022,4,Emilia Romagna Grand Prix,George Russell,RUS,Mercedes,11.0,4.0,Finished,12.0
2022,4,Emilia Romagna Grand Prix,Valtteri Bottas,BOT,Alfa Romeo,7.0,5.0,Finished,10.0
2022,4,Emilia Romagna Grand Prix,Charles Leclerc,LEC,Ferrari,2.0,6.0,Finished,8.0
2022,4,Emilia Romagna Grand Prix,Yuki Tsunoda,TSU,AlphaTauri,12.0,7.0,Finished,6.0
2022,4,Emilia Romagna Grand Prix,Sebastian Vettel,VET,Aston Martin,13.0,8.0,Finished,4.0
2022,4,Emilia Romagna Grand Prix,Kevin Magnussen,MAG,Haas F1 Team,8.0,9.0,Finished,2.0
2022,4,Emilia Romagna Grand Prix,Lance Stroll,STR,Aston Martin,15.0,10.0,DNF,1.0
2022,4,Emilia Romagna Grand Prix,Alexander Albon,ALB,Williams,18.0,11.0,DNF,0.0
2022,4,Emilia Romagna Grand Prix,Pierre Gasly,GAS,AlphaTauri,17.0,12.0,DNF,0.0
2022,4,Emilia Romagna Grand Prix,Lewis Hamilton,HAM,Mercedes,14.0,13.0,DNF,0.0
2022,4,Emilia Romagna Grand Prix,Esteban Ocon,OCO,Alpine F1 Team,16.0,14.0,DNF,0.0
2022,4,Emilia Romagna Grand Prix,Guanyu Zhou,ZHO,Alfa Romeo,0.0,15.0,DNF,0.0
2022,4,Emilia Romagna Grand Prix,Nicholas Latifi,LAT,Williams,19.0,16.0,DNF,0.0
2022,4,Emilia Romagna Grand Prix,Mick Schumacher,MSC,Haas F1 Team,10.0,17.0,DNF,0.0
2022,4,Emilia Romagna Grand Prix,Daniel Ricciardo,RIC,McLaren,6.0,18.0,DNF,0.0
2022,4,Emilia Romagna Grand Prix,Fernando Alonso,ALO,Alpine F1 Team,9.0,19.0,DNF,0.0
2022,4,Emilia Romagna Grand Prix,Carlos Sainz,SAI,Ferrari,4.0,20.0,DNF,0.0
2022,5,Miami Grand Prix,Max Verstappen,VER,Red Bull,3.0,1.0,Finished,26.0
2022,5,Miami Grand Prix,Charles Leclerc,LEC,Ferrari,1.0,2.0,Finished,18.0
2022,5,Miami Grand Prix,Carlos Sainz,SAI,Ferrari,2.0,3.0,Finished,15.0
2022,5,Miami Grand Prix,Sergio Pérez,PER,Red Bull,4.0,4.0,Finished,12.0
2022,5,Miami Grand Prix,George Russell,RUS,Mercedes,12.0,5.0,Finished,10.0
2022,5,Miami Grand Prix,Lewis Hamilton,HAM,Mercedes,6.0,6.0,Finished,8.0
2022,5,Miami Grand Prix,Valtteri Bottas,BOT,Alfa Romeo,5.0,7.0,Finished,6.0
2022,5,Miami Grand Prix,Esteban Ocon,OCO,Alpine F1 Team,20.0,8.0,Finished,4.0
2022,5,Miami Grand Prix,Alexander Albon,ALB,Williams,18.0,9.0,Finished,2.0
2022,5,Miami Grand Prix,Lance Stroll,STR,Aston Martin,0.0,10.0,Finished,1.0
2022,5,Miami Grand Prix,Fernando Alonso,ALO,Alpine F1 Team,11.0,11.0,Finished,0.0
2022,5,Miami Grand Prix,Yuki Tsunoda,TSU,AlphaTauri,9.0,12.0,Finished,0.0
2022,5,Miami Grand Prix,Daniel Ricciardo,RIC,McLaren,14.0,13.0,Finished,0.0
2022,5,Miami Grand Prix,Nicholas Latifi,LAT,Williams,19.0,14.0,Finished,0.0
2022,5,Miami Grand Prix,Mick Schumacher,MSC,Haas F1 Team,15.0,15.0,Finished,0.0
2022,5,Miami Grand Prix,Kevin Magnussen,MAG,Haas F1 Team,16.0,16.0,DNF,0.0
2022,5,Miami Grand Prix,Sebastian Vettel,VET,Aston Martin,0.0,17.0,DNF,0.0
2022,5,Miami Grand Prix,Pierre Gasly,GAS,AlphaTauri,7.0,18.0,DNF,0.0
2022,5,Miami Grand Prix,Lando Norris,NOR,McLaren,8.0,19.0,DNF,0.0
2022,5,Miami Grand Prix,Guanyu Zhou,ZHO,Alfa Romeo,17.0,20.0,DNF,0.0
2022,6,Spanish Grand Prix,Max Verstappen,VER,Red Bull,2.0,1.0,Finished,25.0
2022,6,Spanish Grand Prix,Sergio Pérez,PER,Red Bull,5.0,2.0,Finished,19.0
2022,6,Spanish Grand Prix,George Russell,RUS,Mercedes,4.0,3.0,Finished,15.0
2022,6,Spanish Grand Prix,Carlos Sainz,SAI,Ferrari,3.0,4.0,Finished,12.0
2022,6,Spanish Grand Prix,Lewis Hamilton,HAM,Mercedes,6.0,5.0,Finished,10.0
2022,6,Spanish Grand Prix,Valtteri Bottas,BOT,Alfa Romeo,7.0,6.0,Finished,8.0
2022,6,Spanish Grand Prix,Esteban Ocon,OCO,Alpine F1 Team,12.0,7.0,Finished,6.0
2022,6,Spanish Grand Prix,Lando Norris,NOR,McLaren,11.0,8.0,Finished,4.0
2022,6,Spanish Grand Prix,Fernando Alonso,ALO,Alpine F1 Team,20.0,9.0,DNF,2.0
2022,6,Spanish Grand Prix,Yuki Tsunoda,TSU,AlphaTauri,13.0,10.0,DNF,1.0
2022,6,Spanish Grand Prix,Sebastian Vettel,VET,Aston Martin,16.0,11.0,DNF,0.0
2022,6,Spanish Grand Prix,Daniel Ricciardo,RIC,McLaren,9.0,12.0,DNF,0.0
2022,6,Spanish Grand Prix,Pierre Gasly,GAS,AlphaTauri,14.0,13.0,DNF,0.0
2022,6,Spanish Grand Prix,Mick Schumacher,MSC,Haas F1 Team,10.0,14.0,DNF,0.0
2022,6,Spanish Grand Prix,Lance Stroll,STR,Aston Martin,17.0,15.0,DNF,0.0
2022,6,Spanish Grand Prix,Nicholas Latifi,LAT,Williams,19.0,16.0,DNF,0.0
2022,6,Spanish Grand Prix,Kevin Magnussen,MAG,Haas F1 Team,8.0,17.0,DNF,0.0
2022,6,Spanish Grand Prix,Alexander Albon,ALB,Williams,18.0,18.0,DNF,0.0
2022,6,Spanish Grand Prix,Guanyu Zhou,ZHO,Alfa Romeo,15.0,19.0,DNF,0.0
2022,6,Spanish Grand Prix,Charles Leclerc,LEC,Ferrari,1.0,20.0,DNF,0.0
2022,7,Monaco Grand Prix,Sergio Pérez,PER,Red Bull,3.0,1.0,Finished,25.0
2022,7,Monaco Grand Prix,Carlos Sainz,SAI,Ferrari,2.0,2.0,Finished,18.0
2022,7,Monaco Grand Prix,Max Verstappen,VER,Red Bull,4.0,3.0,Finished,15.0
2022,7,Monaco Grand Prix,Charles Leclerc,LEC,Ferrari,1.0,4.0,Finished,12.0
2022,7,Monaco Grand Prix,George Russell,RUS,Mercedes,6.0,5.0,Finished,10.0
2022,7,Monaco Grand Prix,Lando Norris,NOR,McLaren,5.0,6.0,Finished,9.0
2022,7,Monaco Grand Prix,Fernando Alonso,ALO,Alpine F1 Team,7.0,7.0,Finished,6.0
2022,7,Monaco Grand Prix,Lewis Hamilton,HAM,Mercedes,8.0,8.0,Finished,4.0
2022,7,Monaco Grand Prix,Valtteri Bottas,BOT,Alfa Romeo,12.0,9.0,Finished,2.0
2022,7,Monaco Grand Prix,Sebastian Vettel,VET,Aston Martin,9.0,10.0,Finished,1.0
2022,7,Monaco Grand Prix,Pierre Gasly,GAS,AlphaTauri,17.0,11.0,Finished,0.0
2022,7,Monaco Grand Prix,Esteban Ocon,OCO,Alpine F1 Team,10.0,12.0,Finished,0.0
2022,7,Monaco Grand Prix,Daniel Ricciardo,RIC,McLaren,14.0,13.0,Finished,0.0
2022,7,Monaco Grand Prix,Lance Stroll,STR,Aston Martin,18.0,14.0,Finished,0.0
2022,7,Monaco Grand Prix,Nicholas Latifi,LAT,Williams,19.0,15.0,DNF,0.0
2022,7,Monaco Grand Prix,Guanyu Zhou,ZHO,Alfa Romeo,20.0,16.0,DNF,0.0
2022,7,Monaco Grand Prix,Yuki Tsunoda,TSU,AlphaTauri,11.0,17.0,DNF,0.0
2022,7,Monaco Grand Prix,Alexander Albon,ALB,Williams,16.0,18.0,DNF,0.0
2022,7,Monaco Grand Prix,Mick Schumacher,MSC,Haas F1 Team,15.0,19.0,DNF,0.0
2022,7,Monaco Grand Prix,Kevin Magnussen,MAG,Haas F1 Team,13.0,20.0,DNF,0.0
2022,8,Azerbaijan Grand Prix,Max Verstappen,VER,Red Bull,3.0,1.0,Finished,25.0
2022,8,Azerbaijan Grand Prix,Sergio Pérez,PER,Red Bull,2.0,2.0,Finished,19.0
2022,8,Azerbaijan Grand Prix,George Russell,RUS,Mercedes,5.0,3.0,Finished,15.0
2022,8,Azerbaijan Grand Prix,Lewis Hamilton,HAM,Mercedes,7.0,4.0,Finished,12.0
2022,8,Azerbaijan Grand Prix,Pierre Gasly,GAS,AlphaTauri,6.0,5.0,Finished,10.0
2022,8,Azerbaijan Grand Prix,Sebastian Vettel,VET,Aston Martin,9.0,6.0,Finished,8.0
2022,8,Azerbaijan Grand Prix,Fernando Alonso,ALO,Alpine F1 Team,10.0,7.0,Finished,6.0
2022,8,Azerbaijan Grand Prix,Daniel Ricciardo,RIC,McLaren,12.0,8.0,Finished,4.0
2022,8,Azerbaijan Grand Prix,Lando Norris,NOR,McLaren,11.0,9.0,Finished,2.0
2022,8,Azerbaijan Grand Prix,Esteban Ocon,OCO,Alpine F1 Team,13.0,10.0,Finished,1.0
2022,8,Azerbaijan Grand Prix,Valtteri Bottas,BOT,Alfa Romeo,15.0,11.0,DNF,0.0
2022,8,Azerbaijan Grand Prix,Alexander Albon,ALB,Williams,17.0,12.0,DNF,0.0
2022,8,Azerbaijan Grand Prix,Yuki Tsunoda,TSU,AlphaTauri,8.0,13.0,DNF,0.0
2022,8,Azerbaijan Grand Prix,Mick Schumacher,MSC,Haas F1 Team,20.0,14.0,DNF,0.0
2022,8,Azerbaijan Grand Prix,Nicholas Latifi,LAT,Williams,18.0,15.0,DNF,0.0
2022,8,Azerbaijan Grand Prix,Lance Stroll,STR,Aston Martin,19.0,16.0,DNF,0.0
2022,8,Azerbaijan Grand Prix,Kevin Magnussen,MAG,Haas F1 Team,16.0,17.0,DNF,0.0
2022,8,Azerbaijan Grand Prix,Guanyu Zhou,ZHO,Alfa Romeo,14.0,18.0,DNF,0.0
2022,8,Azerbaijan Grand Prix,Charles Leclerc,LEC,Ferrari,1.0,19.0,DNF,0.0
2022,8,Azerbaijan Grand Prix,Carlos Sainz,SAI,Ferrari,4.0,20.0,DNF,0.0
2022,9,Canadian Grand Prix,Max Verstappen,VER,Red Bull,1.0,1.0,Finished,25.0
2022,9,Canadian Grand Prix,Carlos Sainz,SAI,Ferrari,3.0,2.0,Finished,19.0
2022,9,Canadian Grand Prix,Lewis Hamilton,HAM,Mercedes,4.0,3.0,Finished,15.0
2022,9,Canadian Grand Prix,George Russell,RUS,Mercedes,8.0,4.0,Finished,12.0
2022,9,Canadian Grand Prix,Charles Leclerc,LEC,Ferrari,19.0,5.0,Finished,10.0
2022,9,Canadian Grand Prix,Esteban Ocon,OCO,Alpine F1 Team,7.0,6.0,Finished,8.0
2022,9,Canadian Grand Prix,Valtteri Bottas,BOT,Alfa Romeo,11.0,7.0,Finished,6.0
2022,9,Canadian Grand Prix,Guanyu Zhou,ZHO,Alfa Romeo,10.0,8.0,Finished,4.0
2022,9,Canadian Grand Prix,Fernando Alonso,ALO,Alpine F1 Team,2.0,9.0,Finished,2.0
2022,9,Canadian Grand Prix,Lance Stroll,STR,Aston Martin,17.0,10.0,Finished,1.0
2022,9,Canadian Grand Prix,Daniel Ricciardo,RIC,McLaren,9.0,11.0,Finished,0.0
2022,9,Canadian Grand Prix,Sebastian Vettel,VET,Aston Martin,16.0,12.0,Finished,0.0
2022,9,Canadian Grand Prix,Alexander Albon,ALB,Williams,12.0,13.0,Finished,0.0
2022,9,Canadian Grand Prix,Pierre Gasly,GAS,AlphaTauri,15.0,14.0,Finished,0.0
2022,9,Canadian Grand Prix,Lando Norris,NOR,McLaren,14.0,15.0,Finished,0.0
2022,9,Canadian Grand Prix,Nicholas Latifi,LAT,Williams,18.0,16.0,Finished,0.0
2022,9,Canadian Grand Prix,Kevin Magnussen,MAG,Haas F1 Team,5.0,17.0,Finished,0.0
2022,9,Canadian Grand Prix,Yuki Tsunoda,TSU,AlphaTauri,20.0,18.0,DNF,0.0
2022,9,Canadian Grand Prix,Mick Schumacher,MSC,Haas F1 Team,6.0,19.0,DNF,0.0
2022,9,Canadian Grand Prix,Sergio Pérez,PER,Red Bull,13.0,20.0,DNF,0.0
2022,10,British Grand Prix,Carlos Sainz,SAI,Ferrari,1.0,1.0,Finished,25.0
2022,10,British Grand Prix,Sergio Pérez,PER,Red Bull,4.0,2.0,Finished,18.0
2022,10,British Grand Prix,Lewis Hamilton,HAM,Mercedes,5.0,3.0,Finished,16.0
2022,10,British Grand Prix,Charles Leclerc,LEC,Ferrari,3.0,4.0,Finished,12.0
2022,10,British Grand Prix,Fernando Alonso,ALO,Alpine F1 Team,7.0,5.0,Finished,10.0
2022,10,British Grand Prix,Lando Norris,NOR,McLaren,6.0,6.0,Finished,8.0
2022,10,British Grand Prix,Max Verstappen,VER,Red Bull,2.0,7.0,Finished,6.0
2022,10,British Grand Prix,Mick Schumacher,MSC,Haas F1 Team,19.0,8.0,Finished,4.0
2022,10,British Grand Prix,Sebastian Vettel,VET,Aston Martin,18.0,9.0,Finished,2.0
2022,10,British Grand Prix,Kevin Magnussen,MAG,Haas F1 Team,17.0,10.0,Finished,1.0
2022,10,British Grand Prix,Lance Stroll,STR,Aston Martin,20.0,11.0,Finished,0.0
2022,10,British Grand Prix,Nicholas Latifi,LAT,Williams,10.0,12.0,Finished,0.0
2022,10,British Grand Prix,Daniel Ricciardo,RIC,McLaren,14.0,13.0,Finished,0.0
2022,10,British Grand Prix,Yuki Tsunoda,TSU,AlphaTauri,13.0,14.0,Finished,0.0
2022,10,British Grand Prix,Esteban Ocon,OCO,Alpine F1 Team,15.0,15.0,DNF,0.0
2022,10,British Grand Prix,Pierre Gasly,GAS,AlphaTauri,11.0,16.0,DNF,0.0
2022,10,British Grand Prix,Valtteri Bottas,BOT,Alfa Romeo,12.0,17.0,DNF,0.0
2022,10,British Grand Prix,George Russell,RUS,Mercedes,8.0,18.0,DNF,0.0
2022,10,British Grand Prix,Guanyu Zhou,ZHO,Alfa Romeo,9.0,19.0,DNF,0.0
2022,10,British Grand Prix,Alexander Albon,ALB,Williams,16.0,20.0,DNF,0.0
2022,11,Austrian Grand Prix,Charles Leclerc,LEC,Ferrari,2.0,1.0,Finished,25.0
2022,11,Austrian Grand Prix,Max Verstappen,VER,Red Bull,1.0,2.0,Finished,19.0
2022,11,Austrian Grand Prix,Lewis Hamilton,HAM,Mercedes,8.0,3.0,Finished,15.0
2022,11,Austrian Grand Prix,George Russell,RUS,Mercedes,4.0,4.0,Finished,12.0
2022,11,Austrian Grand Prix,Esteban Ocon,OCO,Alpine F1 Team,6.0,5.0,Finished,10.0
2022,11,Austrian Grand Prix,Mick Schumacher,MSC,Haas F1 Team,9.0,6.0,DNF,8.0
2022,11,Austrian Grand Prix,Lando Norris,NOR,McLaren,10.0,7.0,DNF,6.0
2022,11,Austrian Grand Prix,Kevin Magnussen,MAG,Haas F1 Team,7.0,8.0,DNF,4.0
2022,11,Austrian Grand Prix,Daniel Ricciardo,RIC,McLaren,11.0,9.0,DNF,2.0
2022,11,Austrian Grand Prix,Fernando Alonso,ALO,Alpine F1 Team,19.0,10.0,DNF,1.0
2022,11,Austrian Grand Prix,Valtteri Bottas,BOT,Alfa Romeo,0.0,11.0,DNF,0.0
2022,11,Austrian Grand Prix,Alexander Albon,ALB,Williams,15.0,12.0,DNF,0.0
2022,11,Austrian Grand Prix,Lance Stroll,STR,Aston Martin,12.0,13.0,DNF,0.0
2022,11,Austrian Grand Prix,Guanyu Zhou,ZHO,Alfa Romeo,13.0,14.0,DNF,0.0
2022,11,Austrian Grand Prix,Pierre Gasly,GAS,AlphaTauri,14.0,15.0,DNF,0.0
2022,11,Austrian Grand Prix,Yuki Tsunoda,TSU,AlphaTauri,16.0,16.0,DNF,0.0
2022,11,Austrian Grand Prix,Sebastian Vettel,VET,Aston Martin,18.0,17.0,DNF,0.0
2022,11,Austrian Grand Prix,Carlos Sainz,SAI,Ferrari,3.0,18.0,DNF,0.0
2022,11,Austrian Grand Prix,Nicholas Latifi,LAT,Williams,17.0,19.0,DNF,0.0
2022,11,Austrian Grand Prix,Sergio Pérez,PER,Red Bull,5.0,20.0,DNF,0.0
2022,12,French Grand Prix,Max Verstappen,VER,Red Bull,2.0,1.0,Finished,25.0
2022,12,French Grand Prix,Lewis Hamilton,HAM,Mercedes,4.0,2.0,Finished,18.0
2022,12,French Grand Prix,George Russell,RUS,Mercedes,6.0,3.0,Finished,15.0
2022,12,French Grand Prix,Sergio Pérez,PER,Red Bull,3.0,4.0,Finished,12.0
2022,12,French Grand Prix,Carlos Sainz,SAI,Ferrari,19.0,5.0,Finished,11.0
2022,12,French Grand Prix,Fernando Alonso,ALO,Alpine F1 Team,7.0,6.0,Finished,8.0
2022,12,French Grand Prix,Lando Norris,NOR,McLaren,5.0,7.0,Finished,6.0
2022,12,French Grand Prix,Esteban Ocon,OCO,Alpine F1 Team,10.0,8.0,Finished,4.0
2022,12,French Grand Prix,Daniel Ricciardo,RIC,McLaren,9.0,9.0,Finished,2.0
2022,12,French Grand Prix,Lance Stroll,STR,Aston Martin,15.0,10.0,Finished,1.0
2022,12,French Grand Prix,Sebastian Vettel,VET,Aston Martin,12.0,11.0,Finished,0.0
2022,12,French Grand Prix,Pierre Gasly,GAS,AlphaTauri,14.0,12.0,Finished,0.0
2022,12,French Grand Prix,Alexander Albon,ALB,Williams,13.0,13.0,Finished,0.0
2022,12,French Grand Prix,Valtteri Bottas,BOT,Alfa Romeo,11.0,14.0,Finished,0.0
2022,12,French Grand Prix,Mick Schumacher,MSC,Haas F1 Team,17.0,15.0,Finished,0.0
2022,12,French Grand Prix,Guanyu Zhou,ZHO,Alfa Romeo,16.0,16.0,DNF,0.0
2022,12,French Grand Prix,Nicholas Latifi,LAT,Williams,18.0,17.0,DNF,0.0
2022,12,French Grand Prix,Kevin Magnussen,MAG,Haas F1 Team,20.0,18.0,DNF,0.0
2022,12,French Grand Prix,Charles Leclerc,LEC,Ferrari,1.0,19.0,DNF,0.0
2022,12,French Grand Prix,Yuki Tsunoda,TSU,AlphaTauri,8.0,20.0,DNF,0.0
2022,13,Hungarian Grand Prix,Max Verstappen,VER,Red Bull,10.0,1.0,Finished,25.0
2022,13,Hungarian Grand Prix,Lewis Hamilton,HAM,Mercedes,7.0,2.0,Finished,19.0
2022,13,Hungarian Grand Prix,George Russell,RUS,Mercedes,1.0,3.0,Finished,15.0
2022,13,Hungarian Grand Prix,Carlos Sainz,SAI,Ferrari,2.0,4.0,Finished,12.0
2022,13,Hungarian Grand Prix,Sergio Pérez,PER,Red Bull,11.0,5.0,Finished,10.0
2022,13,Hungarian Grand Prix,Charles Leclerc,LEC,Ferrari,3.0,6.0,Finished,8.0
2022,13,Hungarian Grand Prix,Lando Norris,NOR,McLaren,4.0,7.0,Finished,6.0
2022,13,Hungarian Grand Prix,Fernando Alonso,ALO,Alpine F1 Team,6.0,8.0,DNF,4.0
2022,13,Hungarian Grand Prix,Esteban Ocon,OCO,Alpine F1 Team,5.0,9.0,DNF,2.0
2022,13,Hungarian Grand Prix,Sebastian Vettel,VET,Aston Martin,18.0,10.0,DNF,1.0
2022,13,Hungarian Grand Prix,Lance Stroll,STR,Aston Martin,14.0,11.0,DNF,0.0
2022,13,Hungarian Grand Prix,Pierre Gasly,GAS,AlphaTauri,0.0,12.0,DNF,0.0
2022,13,Hungarian Grand Prix,Guanyu Zhou,ZHO,Alfa Romeo,12.0,13.0,DNF,0.0
2022,13,Hungarian Grand Prix,Mick Schumacher,MSC,Haas F1 Team,15.0,14.0,DNF,0.0
2022,13,Hungarian Grand Prix,Daniel Ricciardo,RIC,McLaren,9.0,15.0,DNF,0.0
2022,13,Hungarian Grand Prix,Kevin Magnussen,MAG,Haas F1 Team,13.0,16.0,DNF,0.0
2022,13,Hungarian Grand Prix,Alexander Albon,ALB,Williams,17.0,17.0,DNF,0.0
2022,13,Hungarian Grand Prix,Nicholas Latifi,LAT,Williams,19.0,18.0,DNF,0.0
2022,13,Hungarian Grand Prix,Yuki Tsunoda,TSU,AlphaTauri,16.0,19.0,DNF,0.0
2022,13,Hungarian Grand Prix,Valtteri Bottas,BOT,Alfa Romeo,8.0,20.0,DNF,0.0
2022,14,Belgian Grand Prix,Max Verstappen,VER,Red Bull,14.0,1.0,Finished,26.0
2022,14,Belgian Grand Prix,Sergio Pérez,PER,Red Bull,2.0,2.0,Finished,18.0
2022,14,Belgian Grand Prix,Carlos Sainz,SAI,Ferrari,1.0,3.0,Finished,15.0
2022,14,Belgian Grand Prix,George Russell,RUS,Mercedes,5.0,4.0,Finished,12.0
2022,14,Belgian Grand Prix,Fernando Alonso,ALO,Alpine F1 Team,3.0,5.0,Finished,10.0
2022,14,Belgian Grand Prix,Charles Leclerc,LEC,Ferrari,15.0,6.0,Finished,8.0
2022,14,Belgian Grand Prix,Esteban Ocon,OCO,Alpine F1 Team,16.0,7.0,Finished,6.0
2022,14,Belgian Grand Prix,Sebastian Vettel,VET,Aston Martin,10.0,8.0,Finished,4.0
2022,14,Belgian Grand Prix,Pierre Gasly,GAS,AlphaTauri,0.0,9.0,Finished,2.0
2022,14,Belgian Grand Prix,Alexander Albon,ALB,Williams,6.0,10.0,Finished,1.0
2022,14,Belgian Grand Prix,Lance Stroll,STR,Aston Martin,9.0,11.0,Finished,0.0
2022,14,Belgian Grand Prix,Lando Norris,NOR,McLaren,17.0,12.0,Finished,0.0
2022,14,Belgian Grand Prix,Yuki Tsunoda,TSU,AlphaTauri,0.0,13.0,Finished,0.0
2022,14,Belgian Grand Prix,Guanyu Zhou,ZHO,Alfa Romeo,18.0,14.0,Finished,0.0
2022,14,Belgian Grand Prix,Daniel Ricciardo,RIC,McLaren,7.0,15.0,Finished,0.0
2022,14,Belgian Grand Prix,Kevin Magnussen,MAG,Haas F1 Team,12.0,16.0,DNF,0.0
2022,14,Belgian Grand Prix,Mick Schumacher,MSC,Haas F1 Team,19.0,17.0,DNF,0.0
2022,14,Belgian Grand Prix,Nicholas Latifi,LAT,Williams,11.0,18.0,DNF,0.0
2022,14,Belgian Grand Prix,Valtteri Bottas,BOT,Alfa Romeo,13.0,19.0,DNF,0.0
2022,14,Belgian Grand Prix,Lewis Hamilton,HAM,Mercedes,4.0,20.0,DNF,0.0
2022,15,Dutch Grand Prix,Max Verstappen,VER,Red Bull,1.0,1.0,Finished,26.0
2022,15,Dutch Grand Prix,George Russell,RUS,Mercedes,6.0,2.0,Finished,18.0
2022,15,Dutch Grand Prix,Charles Leclerc,LEC,Ferrari,2.0,3.0,Finished,15.0
2022,15,Dutch Grand Prix,Lewis Hamilton,HAM,Mercedes,4.0,4.0,Finished,12.0
2022,15,Dutch Grand Prix,Sergio Pérez,PER,Red Bull,5.0,5.0,Finished,10.0
2022,15,Dutch Grand Prix,Fernando Alonso,ALO,Alpine F1 Team,13.0,6.0,Finished,8.0
2022,15,Dutch Grand Prix,Lando Norris,NOR,McLaren,7.0,7.0,Finished,6.0
2022,15,Dutch Grand Prix,Carlos Sainz,SAI,Ferrari,3.0,8.0,Finished,4.0
2022,15,Dutch Grand Prix,Esteban Ocon,OCO,Alpine F1 Team,12.0,9.0,Finished,2.0
2022,15,Dutch Grand Prix,Lance Stroll,STR,Aston Martin,10.0,10.0,Finished,1.0
2022,15,Dutch Grand Prix,Pierre Gasly,GAS,AlphaTauri,11.0,11.0,Finished,0.0
2022,15,Dutch Grand Prix,Alexander Albon,ALB,Williams,15.0,12.0,Finished,0.0
2022,15,Dutch Grand Prix,Mick Schumacher,MSC,Haas F1 Team,8.0,13.0,Finished,0.0
2022,15,Dutch Grand Prix,Sebastian Vettel,VET,Aston Martin,19.0,14.0,Finished,0.0
2022,15,Dutch Grand Prix,Kevin Magnussen,MAG,Haas F1 Team,18.0,15.0,Finished,0.0
2022,15,Dutch Grand Prix,Guanyu Zhou,ZHO,Alfa Romeo,14.0,16.0,Finished,0.0
2022,15,Dutch Grand Prix,Daniel Ricciardo,RIC,McLaren,17.0,17.0,Finished,0.0
2022,15,Dutch Grand Prix,Nicholas Latifi,LAT,Williams,20.0,18.0,DNF,0.0
2022,15,Dutch Grand Prix,Valtteri Bottas,BOT,Alfa Romeo,16.0,19.0,DNF,0.0
2022,15,Dutch Grand Prix,Yuki Tsunoda,TSU,AlphaTauri,9.0,20.0,DNF,0.0
2022,16,Italian Grand Prix,Max Verstappen,VER,Red Bull,7.0,1.0,Finished,25.0
2022,16,Italian Grand Prix,Charles Leclerc,LEC,Ferrari,1.0,2.0,Finished,18.0
2022,16,Italian Grand Prix,George Russell,RUS,Mercedes,2.0,3.0,Finished,15.0
2022,16,Italian Grand Prix,Carlos Sainz,SAI,Ferrari,18.0,4.0,Finished,12.0
2022,16,Italian Grand Prix,Lewis Hamilton,HAM,Mercedes,19.0,5.0,Finished,10.0
2022,16,Italian Grand Prix,Sergio Pérez,PER,Red Bull,13.0,6.0,Finished,9.0
2022,16,Italian Grand Prix,Lando Norris,NOR,McLaren,3.0,7.0,Finished,6.0
2022,16,Italian Grand Prix,Pierre Gasly,GAS,AlphaTauri,5.0,8.0,Finished,4.0
2022,16,Italian Grand Prix,Nyck de Vries,DEV,Williams,8.0,9.0,Finished,2.0
2022,16,Italian Grand Prix,Guanyu Zhou,ZHO,Alfa Romeo,9.0,10.0,Finished,1.0
2022,16,Italian Grand Prix,Esteban Ocon,OCO,Alpine F1 Team,14.0,11.0,Finished,0.0
2022,16,Italian Grand Prix,Mick Schumacher,MSC,Haas F1 Team,17.0,12.0,Finished,0.0
2022,16,Italian Grand Prix,Valtteri Bottas,BOT,Alfa Romeo,15.0,13.0,DNF,0.0
2022,16,Italian Grand Prix,Yuki Tsunoda,TSU,AlphaTauri,20.0,14.0,DNF,0.0
2022,16,Italian Grand Prix,Nicholas Latifi,LAT,Williams,10.0,15.0,DNF,0.0
2022,16,Italian Grand Prix,Kevin Magnussen,MAG,Haas F1 Team,16.0,16.0,DNF,0.0
2022,16,Italian Grand Prix,Daniel Ricciardo,RIC,McLaren,4.0,17.0,DNF,0.0
2022,16,Italian Grand Prix,Lance Stroll,STR,Aston Martin,12.0,18.0,DNF,0.0
2022,16,Italian Grand Prix,Fernando Alonso,ALO,Alpine F1 Team,6.0,19.0,DNF,0.0
2022,16,Italian Grand Prix,Sebastian Vettel,VET,Aston Martin,11.0,20.0,DNF,0.0
2022,17,Singapore Grand Prix,Sergio Pérez,PER,Red Bull,2.0,1.0,Finished,25.0
2022,17,Singapore Grand Prix,Charles Leclerc,LEC,Ferrari,1.0,2.0,Finished,18.0
2022,17,Singapore Grand Prix,Carlos Sainz,SAI,Ferrari,4.0,3.0,Finished,15.0
2022,17,Singapore Grand Prix,Lando Norris,NOR,McLaren,6.0,4.0,Finished,12.0
2022,17,Singapore Grand Prix,Daniel Ricciardo,RIC,McLaren,16.0,5.0,Finished,10.0
2022,17,Singapore Grand Prix,Lance Stroll,STR,Aston Martin,11.0,6.0,Finished,8.0
2022,17,Singapore Grand Prix,Max Verstappen,VER,Red Bull,8.0,7.0,Finished,6.0
2022,17,Singapore Grand Prix,Sebastian Vettel,VET,Aston Martin,13.0,8.0,Finished,4.0
2022,17,Singapore Grand Prix,Lewis Hamilton,HAM,Mercedes,3.0,9.0,Finished,2.0
2022,17,Singapore Grand Prix,Pierre Gasly,GAS,AlphaTauri,7.0,10.0,Finished,1.0
2022,17,Singapore Grand Prix,Valtteri Bottas,BOT,Alfa Romeo,15.0,11.0,Finished,0.0
2022,17,Singapore Grand Prix,Kevin Magnussen,MAG,Haas F1 Team,9.0,12.0,Finished,0.0
2022,17,Singapore Grand Prix,Mick Schumacher,MSC,Haas F1 Team,12.0,13.0,DNF,0.0
2022,17,Singapore Grand Prix,George Russell,RUS,Mercedes,0.0,14.0,DNF,0.0
2022,17,Singapore Grand Prix,Yuki Tsunoda,TSU,AlphaTauri,10.0,15.0,DNF,0.0
2022,17,Singapore Grand Prix,Esteban Ocon,OCO,Alpine F1 Team,17.0,16.0,DNF,0.0
2022,17,Singapore Grand Prix,Alexander Albon,ALB,Williams,18.0,17.0,DNF,0.0
2022,17,Singapore Grand Prix,Fernando Alonso,ALO,Alpine F1 Team,5.0,18.0,DNF,0.0
2022,17,Singapore Grand Prix,Nicholas Latifi,LAT,Williams,19.0,19.0,DNF,0.0
2022,17,Singapore Grand Prix,Guanyu Zhou,ZHO,Alfa Romeo,14.0,20.0,DNF,0.0
2022,18,Japanese Grand Prix,Max Verstappen,VER,Red Bull,1.0,1.0,Finished,25.0
2022,18,Japanese Grand Prix,Sergio Pérez,PER,Red Bull,4.0,2.0,Finished,18.0
2022,18,Japanese Grand Prix,Charles Leclerc,LEC,Ferrari,2.0,3.0,Finished,15.0
2022,18,Japanese Grand Prix,Esteban Ocon,OCO,Alpine F1 Team,5.0,4.0,Finished,12.0
2022,18,Japanese Grand Prix,Lewis Hamilton,HAM,Mercedes,6.0,5.0,Finished,10.0
2022,18,Japanese Grand Prix,Sebastian Vettel,VET,Aston Martin,9.0,6.0,Finished,8.0
2022,18,Japanese Grand Prix,Fernando Alonso,ALO,Alpine F1 Team,7.0,7.0,Finished,6.0
2022,18,Japanese Grand Prix,George Russell,RUS,Mercedes,8.0,8.0,Finished,4.0
2022,18,Japanese Grand Prix,Nicholas Latifi,LAT,Williams,20.0,9.0,Finished,2.0
2022,18,Japanese Grand Prix,Lando Norris,NOR,McLaren,10.0,10.0,Finished,1.0
2022,18,Japanese Grand Prix,Daniel Ricciardo,RIC,McLaren,11.0,11.0,Finished,0.0
2022,18,Japanese Grand Prix,Lance Stroll,STR,Aston Martin,19.0,12.0,Finished,0.0
2022,18,Japanese Grand Prix,Yuki Tsunoda,TSU,AlphaTauri,13.0,13.0,Finished,0.0
2022,18,Japanese Grand Prix,Kevin Magnussen,MAG,Haas F1 Team,18.0,14.0,Finished,0.0
2022,18,Japanese Grand Prix,Valtteri Bottas,BOT,Alfa Romeo,12.0,15.0,Finished,0.0
2022,18,Japanese Grand Prix,Guanyu Zhou,ZHO,Alfa Romeo,14.0,16.0,Finished,0.0
2022,18,Japanese Grand Prix,Mick Schumacher,MSC,Haas F1 Team,15.0,17.0,Finished,0.0
2022,18,Japanese Grand Prix,Pierre Gasly,GAS,AlphaTauri,17.0,18.0,Finished,0.0
2022,18,Japanese Grand Prix,Carlos Sainz,SAI,Ferrari,3.0,19.0,DNF,0.0
2022,18,Japanese Grand Prix,Alexander Albon,ALB,Williams,16.0,20.0,DNF,0.0
2022,19,United States Grand Prix,Max Verstappen,VER,Red Bull,2.0,1.0,Finished,25.0
2022,19,United States Grand Prix,Lewis Hamilton,HAM,Mercedes,3.0,2.0,Finished,18.0
2022,19,United States Grand Prix,Charles Leclerc,LEC,Ferrari,12.0,3.0,Finished,15.0
2022,19,United States Grand Prix,Sergio Pérez,PER,Red Bull,9.0,4.0,Finished,12.0
2022,19,United States Grand Prix,George Russell,RUS,Mercedes,4.0,5.0,Finished,11.0
2022,19,United States Grand Prix,Lando Norris,NOR,McLaren,6.0,6.0,Finished,8.0
2022,19,United States Grand Prix,Fernando Alonso,ALO,Alpine F1 Team,14.0,7.0,Finished,6.0
2022,19,United States Grand Prix,Sebastian Vettel,VET,Aston Martin,10.0,8.0,Finished,4.0
2022,19,United States Grand Prix,Kevin Magnussen,MAG,Haas F1 Team,13.0,9.0,Finished,2.0
2022,19,United States Grand Prix,Yuki Tsunoda,TSU,AlphaTauri,19.0,10.0,Finished,1.0
2022,19,United States Grand Prix,Esteban Ocon,OCO,Alpine F1 Team,0.0,11.0,Finished,0.0
2022,19,United States Grand Prix,Guanyu Zhou,ZHO,Alfa Romeo,18.0,12.0,Finished,0.0
2022,19,United States Grand Prix,Alexander Albon,ALB,Williams,8.0,13.0,Finished,0.0
2022,19,United States Grand Prix,Pierre Gasly,GAS,AlphaTauri,11.0,14.0,Finished,0.0
2022,19,United States Grand Prix,Mick Schumacher,MSC,Haas F1 Team,16.0,15.0,Finished,0.0
2022,19,United States Grand Prix,Daniel Ricciardo,RIC,McLaren,15.0,16.0,Finished,0.0
2022,19,United States Grand Prix,Nicholas Latifi,LAT,Williams,17.0,17.0,Finished,0.0
2022,19,United States Grand Prix,Lance Stroll,STR,Aston Martin,5.0,18.0,DNF,0.0
2022,19,United States Grand Prix,Valtteri Bottas,BOT,Alfa Romeo,7.0,19.0,DNF,0.0
2022,19,United States Grand Prix,Carlos Sainz,SAI,Ferrari,1.0,20.0,DNF,0.0
2022,20,Mexico City Grand Prix,Max Verstappen,VER,Red Bull,1.0,1.0,Finished,25.0
2022,20,Mexico City Grand Prix,Lewis Hamilton,HAM,Mercedes,3.0,2.0,Finished,18.0
2022,20,Mexico City Grand Prix,Sergio Pérez,PER,Red Bull,4.0,3.0,Finished,15.0
2022,20,Mexico City Grand Prix,George Russell,RUS,Mercedes,2.0,4.0,Finished,13.0
2022,20,Mexico City Grand Prix,Carlos Sainz,SAI,Ferrari,5.0,5.0,Finished,10.0
2022,20,Mexico City Grand Prix,Charles Leclerc,LEC,Ferrari,7.0,6.0,Finished,8.0
2022,20,Mexico City Grand Prix,Daniel Ricciardo,RIC,McLaren,11.0,7.0,DNF,6.0
2022,20,Mexico City Grand Prix,Esteban Ocon,OCO,Alpine F1 Team,10.0,8.0,DNF,4.0
2022,20,Mexico City Grand Prix,Lando Norris,NOR,McLaren,8.0,9.0,DNF,2.0
2022,20,Mexico City Grand Prix,Valtteri Bottas,BOT,Alfa Romeo,6.0,10.0,DNF,1.0
2022,20,Mexico City Grand Prix,Pierre Gasly,GAS,AlphaTauri,14.0,11.0,DNF,0.0
2022,20,Mexico City Grand Prix,Alexander Albon,ALB,Williams,17.0,12.0,DNF,0.0
2022,20,Mexico City Grand Prix,Guanyu Zhou,ZHO,Alfa Romeo,12.0,13.0,DNF,0.0
2022,20,Mexico City Grand Prix,Sebastian Vettel,VET,Aston Martin,16.0,14.0,DNF,0.0
2022,20,Mexico City Grand Prix,Lance Stroll,STR,Aston Martin,20.0,15.0,DNF,0.0
2022,20,Mexico City Grand Prix,Mick Schumacher,MSC,Haas F1 Team,15.0,16.0,DNF,0.0
2022,20,Mexico City Grand Prix,Kevin Magnussen,MAG,Haas F1 Team,19.0,17.0,DNF,0.0
2022,20,Mexico City Grand Prix,Nicholas Latifi,LAT,Williams,18.0,18.0,DNF,0.0
2022,20,Mexico City Grand Prix,Fernando Alonso,ALO,Alpine F1 Team,9.0,19.0,DNF,0.0
2022,20,Mexico City Grand Prix,Yuki Tsunoda,TSU,AlphaTauri,13.0,20.0,DNF,0.0
2022,21,São Paulo Grand Prix,George Russell,RUS,Mercedes,1.0,1.0,Finished,26.0
2022,21,São Paulo Grand Prix,Lewis Hamilton,HAM,Mercedes,2.0,2.0,Finished,18.0
2022,21,São Paulo Grand Prix,Carlos Sainz,SAI,Ferrari,7.0,3.0,Finished,15.0
2022,21,São Paulo Grand Prix,Charles Leclerc,LEC,Ferrari,5.0,4.0,Finished,12.0
2022,21,São Paulo Grand Prix,Fernando Alonso,ALO,Alpine F1 Team,17.0,5.0,Finished,10.0
2022,21,São Paulo Grand Prix,Max Verstappen,VER,Red Bull,3.0,6.0,Finished,8.0
2022,21,São Paulo Grand Prix,Sergio Pérez,PER,Red Bull,4.0,7.0,Finished,6.0
2022,21,São Paulo Grand Prix,Esteban Ocon,OCO,Alpine F1 Team,16.0,8.0,Finished,4.0
2022,21,São Paulo Grand Prix,Valtteri Bottas,BOT,Alfa Romeo,14.0,9.0,Finished,2.0
2022,21,São Paulo Grand Prix,Lance Stroll,STR,Aston Martin,15.0,10.0,Finished,1.0
2022,21,São Paulo Grand Prix,Sebastian Vettel,VET,Aston Martin,9.0,11.0,Finished,0.0
2022,21,São Paulo Grand Prix,Guanyu Zhou,ZHO,Alfa Romeo,13.0,12.0,Finished,0.0
2022,21,São Paulo Grand Prix,Mick Schumacher,MSC,Haas F1 Team,12.0,13.0,Finished,0.0
2022,21,São Paulo Grand Prix,Pierre Gasly,GAS,AlphaTauri,10.0,14.0,Finished,0.0
2022,21,São Paulo Grand Prix,Alexander Albon,ALB,Williams,19.0,15.0,Finished,0.0
2022,21,São Paulo Grand Prix,Nicholas Latifi,LAT,Williams,18.0,16.0,Finished,0.0
2022,21,São Paulo Grand Prix,Yuki Tsunoda,TSU,AlphaTauri,0.0,17.0,DNF,0.0
2022,21,São Paulo Grand Prix,Lando Norris,NOR,McLaren,6.0,18.0,DNF,0.0
2022,21,São Paulo Grand Prix,Kevin Magnussen,MAG,Haas F1 Team,8.0,19.0,DNF,0.0
2022,21,São Paulo Grand Prix,Daniel Ricciardo,RIC,McLaren,11.0,20.0,DNF,0.0
2022,22,Abu Dhabi Grand Prix,Max Verstappen,VER,Red Bull,1.0,1.0,Finished,25.0
2022,22,Abu Dhabi Grand Prix,Charles Leclerc,LEC,Ferrari,3.0,2.0,Finished,18.0
2022,22,Abu Dhabi Grand Prix,Sergio Pérez,PER,Red Bull,2.0,3.0,Finished,15.0
2022,22,Abu Dhabi Grand Prix,Carlos Sainz,SAI,Ferrari,4.0,4.0,Finished,12.0
2022,22,Abu Dhabi Grand Prix,George Russell,RUS,Mercedes,6.0,5.0,Finished,10.0
2022,22,Abu Dhabi Grand Prix,Lando Norris,NOR,McLaren,7.0,6.0,Finished,9.0
2022,22,Abu Dhabi Grand Prix,Esteban Ocon,OCO,Alpine F1 Team,8.0,7.0,Finished,6.0
2022,22,Abu Dhabi Grand Prix,Lance Stroll,STR,Aston Martin,14.0,8.0,Finished,4.0
2022,22,Abu Dhabi Grand Prix,Daniel Ricciardo,RIC,McLaren,13.0,9.0,Finished,2.0
2022,22,Abu Dhabi Grand Prix,Sebastian Vettel,VET,Aston Martin,9.0,10.0,Finished,1.0
2022,22,Abu Dhabi Grand Prix,Yuki Tsunoda,TSU,AlphaTauri,11.0,11.0,Finished,0.0
2022,22,Abu Dhabi Grand Prix,Guanyu Zhou,ZHO,Alfa Romeo,15.0,12.0,DNF,0.0
2022,22,Abu Dhabi Grand Prix,Alexander Albon,ALB,Williams,19.0,13.0,DNF,0.0
2022,22,Abu Dhabi Grand Prix,Pierre Gasly,GAS,AlphaTauri,17.0,14.0,DNF,0.0
2022,22,Abu Dhabi Grand Prix,Valtteri Bottas,BOT,Alfa Romeo,18.0,15.0,DNF,0.0
2022,22,Abu Dhabi Grand Prix,Mick Schumacher,MSC,Haas F1 Team,12.0,16.0,DNF,0.0
2022,22,Abu Dhabi Grand Prix,Kevin Magnussen,MAG,Haas F1 Team,16.0,17.0,DNF,0.0
2022,22,Abu Dhabi Grand Prix,Lewis Hamilton,HAM,Mercedes,5.0,18.0,DNF,0.0
2022,22,Abu Dhabi Grand Prix,Nicholas Latifi,LAT,Williams,20.0,19.0,DNF,0.0
2022,22,Abu Dhabi Grand Prix,Fernando Alonso,ALO,Alpine F1 Team,10.0,20.0,DNF,0.0
2023,1,Bahrain Grand Prix,Max Verstappen,VER,Red Bull Racing,1.0,1.0,Finished,25.0
2023,1,Bahrain Grand Prix,Sergio Perez,PER,Red Bull Racing,2.0,2.0,Finished,18.0
2023,1,Bahrain Grand Prix,Fernando Alonso,ALO,Aston Martin,5.0,3.0,Finished,15.0
2023,1,Bahrain Grand Prix,Carlos Sainz,SAI,Ferrari,4.0,4.0,Finished,12.0
2023,1,Bahrain Grand Prix,Lewis Hamilton,HAM,Mercedes,7.0,5.0,Finished,10.0
2023,1,Bahrain Grand Prix,Lance Stroll,STR,Aston Martin,8.0,6.0,Finished,8.0
2023,1,Bahrain Grand Prix,George Russell,RUS,Mercedes,6.0,7.0,Finished,6.0
2023,1,Bahrain Grand Prix,Valtteri Bottas,BOT,Alfa Romeo,12.0,8.0,Finished,4.0
2023,1,Bahrain Grand Prix,Pierre Gasly,GAS,Alpine,20.0,9.0,Finished,2.0
2023,1,Bahrain Grand Prix,Alexander Albon,ALB,Williams,15.0,10.0,Finished,1.0
2023,1,Bahrain Grand Prix,Yuki Tsunoda,TSU,AlphaTauri,14.0,11.0,Finished,0.0
2023,1,Bahrain Grand Prix,Logan Sargeant,SAR,Williams,16.0,12.0,DNF,0.0
2023,1,Bahrain Grand Prix,Kevin Magnussen,MAG,Haas F1 Team,17.0,13.0,DNF,0.0
2023,1,Bahrain Grand Prix,Nyck De Vries,DEV,AlphaTauri,19.0,14.0,DNF,0.0
2023,1,Bahrain Grand Prix,Nico Hulkenberg,HUL,Haas F1 Team,10.0,15.0,DNF,0.0
2023,1,Bahrain Grand Prix,Guanyu Zhou,ZHO,Alfa Romeo,13.0,16.0,DNF,0.0
2023,1,Bahrain Grand Prix,Lando Norris,NOR,McLaren,11.0,17.0,DNF,0.0
2023,1,Bahrain Grand Prix,Esteban Ocon,OCO,Alpine,9.0,18.0,DNF,0.0
2023,1,Bahrain Grand Prix,Charles Leclerc,LEC,Ferrari,3.0,19.0,DNF,0.0
2023,1,Bahrain Grand Prix,Oscar Piastri,PIA,McLaren,18.0,20.0,DNF,0.0
2023,2,Saudi Arabian Grand Prix,Sergio Perez,PER,Red Bull Racing,1.0,1.0,Finished,25.0
2023,2,Saudi Arabian Grand Prix,Max Verstappen,VER,Red Bull Racing,15.0,2.0,Finished,19.0
2023,2,Saudi Arabian Grand Prix,Fernando Alonso,ALO,Aston Martin,2.0,3.0,Finished,15.0
2023,2,Saudi Arabian Grand Prix,George Russell,RUS,Mercedes,3.0,4.0,Finished,12.0
2023,2,Saudi Arabian Grand Prix,Lewis Hamilton,HAM,Mercedes,7.0,5.0,Finished,10.0
2023,2,Saudi Arabian Grand Prix,Carlos Sainz,SAI,Ferrari,4.0,6.0,Finished,8.0
2023,2,Saudi Arabian Grand Prix,Charles Leclerc,LEC,Ferrari,12.0,7.0,Finished,6.0
2023,2,Saudi Arabian Grand Prix,Esteban Ocon,OCO,Alpine,6.0,8.0,Finished,4.0
2023,2,Saudi Arabian Grand Prix,Pierre Gasly,GAS,Alpine,9.0,9.0,Finished,2.0
2023,2,Saudi Arabian Grand Prix,Kevin Magnussen,MAG,Haas F1 Team,13.0,10.0,Finished,1.0
2023,2,Saudi Arabian Grand Prix,Yuki Tsunoda,TSU,AlphaTauri,16.0,11.0,Finished,0.0
2023,2,Saudi Arabian Grand Prix,Nico Hulkenberg,HUL,Haas F1 Team,10.0,12.0,Finished,0.0
2023,2,Saudi Arabian Grand Prix,Guanyu Zhou,ZHO,Alfa Romeo,11.0,13.0,Finished,0.0
2023,2,Saudi Arabian Grand Prix,Nyck De Vries,DEV,AlphaTauri,18.0,14.0,Finished,0.0
2023,2,Saudi Arabian Grand Prix,Oscar Piastri,PIA,McLaren,8.0,15.0,Finished,0.0
2023,2,Saudi Arabian Grand Prix,Logan Sargeant,SAR,Williams,20.0,16.0,Finished,0.0
2023,2,Saudi Arabian Grand Prix,Lando Norris,NOR,McLaren,19.0,17.0,Finished,0.0
2023,2,Saudi Arabian Grand Prix,Valtteri Bottas,BOT,Alfa Romeo,14.0,18.0,DNF,0.0
2023,2,Saudi Arabian Grand Prix,Alexander Albon,ALB,Williams,17.0,19.0,DNF,0.0
2023,2,Saudi Arabian Grand Prix,Lance Stroll,STR,Aston Martin,5.0,20.0,DNF,0.0
2023,3,Australian Grand Prix,Max Verstappen,VER,Red Bull Racing,1.0,1.0,Finished,25.0
2023,3,Australian Grand Prix,Lewis Hamilton,HAM,Mercedes,3.0,2.0,Finished,18.0
2023,3,Australian Grand Prix,Fernando Alonso,ALO,Aston Martin,4.0,3.0,Finished,15.0
2023,3,Australian Grand Prix,Lance Stroll,STR,Aston Martin,6.0,4.0,Finished,12.0
2023,3,Australian Grand Prix,Sergio Perez,PER,Red Bull Racing,20.0,5.0,Finished,11.0
2023,3,Australian Grand Prix,Lando Norris,NOR,McLaren,13.0,6.0,Finished,8.0
2023,3,Australian Grand Prix,Nico Hulkenberg,HUL,Haas F1 Team,10.0,7.0,Finished,6.0
2023,3,Australian Grand Prix,Oscar Piastri,PIA,McLaren,16.0,8.0,Finished,4.0
2023,3,Australian Grand Prix,Guanyu Zhou,ZHO,Alfa Romeo,17.0,9.0,Finished,2.0
2023,3,Australian Grand Prix,Yuki Tsunoda,TSU,AlphaTauri,12.0,10.0,Finished,1.0
2023,3,Australian Grand Prix,Valtteri Bottas,BOT,Alfa Romeo,19.0,11.0,Finished,0.0
2023,3,Australian Grand Prix,Carlos Sainz,SAI,Ferrari,5.0,12.0,Finished,0.0
2023,3,Australian Grand Prix,Pierre Gasly,GAS,Alpine,9.0,13.0,DNF,0.0
2023,3,Australian Grand Prix,Esteban Ocon,OCO,Alpine,11.0,14.0,DNF,0.0
2023,3,Australian Grand Prix,Nyck De Vries,DEV,AlphaTauri,15.0,15.0,DNF,0.0
2023,3,Australian Grand Prix,Logan Sargeant,SAR,Williams,18.0,16.0,DNF,0.0
2023,3,Australian Grand Prix,Kevin Magnussen,MAG,Haas F1 Team,14.0,17.0,DNF,0.0
2023,3,Australian Grand Prix,George Russell,RUS,Mercedes,2.0,18.0,DNF,0.0
2023,3,Australian Grand Prix,Alexander Albon,ALB,Williams,8.0,19.0,DNF,0.0
2023,3,Australian Grand Prix,Charles Leclerc,LEC,Ferrari,7.0,20.0,DNF,0.0
2023,4,Azerbaijan Grand Prix,Sergio Perez,PER,Red Bull Racing,3.0,1.0,Finished,25.0
2023,4,Azerbaijan Grand Prix,Max Verstappen,VER,Red Bull Racing,2.0,2.0,Finished,18.0
2023,4,Azerbaijan Grand Prix,Charles Leclerc,LEC,Ferrari,1.0,3.0,Finished,15.0
2023,4,Azerbaijan Grand Prix,Fernando Alonso,ALO,Aston Martin,6.0,4.0,Finished,12.0
2023,4,Azerbaijan Grand Prix,Carlos Sainz,SAI,Ferrari,4.0,5.0,Finished,10.0
2023,4,Azerbaijan Grand Prix,Lewis Hamilton,HAM,Mercedes,5.0,6.0,Finished,8.0
2023,4,Azerbaijan Grand Prix,Lance Stroll,STR,Aston Martin,9.0,7.0,Finished,6.0
2023,4,Azerbaijan Grand Prix,George Russell,RUS,Mercedes,11.0,8.0,Finished,5.0
2023,4,Azerbaijan Grand Prix,Lando Norris,NOR,McLaren,7.0,9.0,Finished,2.0
2023,4,Azerbaijan Grand Prix,Yuki Tsunoda,TSU,AlphaTauri,8.0,10.0,Finished,1.0
2023,4,Azerbaijan Grand Prix,Oscar Piastri,PIA,McLaren,10.0,11.0,Finished,0.0
2023,4,Azerbaijan Grand Prix,Alexander Albon,ALB,Williams,12.0,12.0,Finished,0.0
2023,4,Azerbaijan Grand Prix,Kevin Magnussen,MAG,Haas F1 Team,16.0,13.0,Finished,0.0
2023,4,Azerbaijan Grand Prix,Pierre Gasly,GAS,Alpine,17.0,14.0,Finished,0.0
2023,4,Azerbaijan Grand Prix,Esteban Ocon,OCO,Alpine,19.0,15.0,Finished,0.0
2023,4,Azerbaijan Grand Prix,Logan Sargeant,SAR,Williams,14.0,16.0,Finished,0.0
2023,4,Azerbaijan Grand Prix,Nico Hulkenberg,HUL,Haas F1 Team,20.0,17.0,DNF,0.0
2023,4,Azerbaijan Grand Prix,Valtteri Bottas,BOT,Alfa Romeo,13.0,18.0,DNF,0.0
2023,4,Azerbaijan Grand Prix,Guanyu Zhou,ZHO,Alfa Romeo,15.0,19.0,DNF,0.0
2023,4,Azerbaijan Grand Prix,Nyck De Vries,DEV,AlphaTauri,18.0,20.0,DNF,0.0
2023,5,Miami Grand Prix,Max Verstappen,VER,Red Bull Racing,9.0,1.0,Finished,26.0
2023,5,Miami Grand Prix,Sergio Perez,PER,Red Bull Racing,1.0,2.0,Finished,18.0
2023,5,Miami Grand Prix,Fernando Alonso,ALO,Aston Martin,2.0,3.0,Finished,15.0
2023,5,Miami Grand Prix,George Russell,RUS,Mercedes,6.0,4.0,Finished,12.0
2023,5,Miami Grand Prix,Carlos Sainz,SAI,Ferrari,3.0,5.0,Finished,10.0
2023,5,Miami Grand Prix,Lewis Hamilton,HAM,Mercedes,13.0,6.0,Finished,8.0
2023,5,Miami Grand Prix,Charles Leclerc,LEC,Ferrari,7.0,7.0,Finished,6.0
2023,5,Miami Grand Prix,Pierre Gasly,GAS,Alpine,5.0,8.0,Finished,4.0
2023,5,Miami Grand Prix,Esteban Ocon,OCO,Alpine,8.0,9.0,Finished,2.0
2023,5,Miami Grand Prix,Kevin Magnussen,MAG,Haas F1 Team,4.0,10.0,Finished,1.0
2023,5,Miami Grand Prix,Yuki Tsunoda,TSU,AlphaTauri,17.0,11.0,Finished,0.0
2023,5,Miami Grand Prix,Lance Stroll,STR,Aston Martin,18.0,12.0,Finished,0.0
2023,5,Miami Grand Prix,Valtteri Bottas,BOT,Alfa Romeo,10.0,13.0,Finished,0.0
2023,5,Miami Grand Prix,Alexander Albon,ALB,Williams,11.0,14.0,Finished,0.0
2023,5,Miami Grand Prix,Nico Hulkenberg,HUL,Haas F1 Team,12.0,15.0,Finished,0.0
2023,5,Miami Grand Prix,Guanyu Zhou,ZHO,Alfa Romeo,14.0,16.0,Finished,0.0
2023,5,Miami Grand Prix,Lando Norris,NOR,McLaren,16.0,17.0,Finished,0.0
2023,5,Miami Grand Prix,Nyck De Vries,DEV,AlphaTauri,15.0,18.0,Finished,0.0
2023,5,Miami Grand Prix,Oscar Piastri,PIA,McLaren,19.0,19.0,DNF,0.0
2023,5,Miami Grand Prix,Logan Sargeant,SAR,Williams,20.0,20.0,DNF,0.0
2023,6,Monaco Grand Prix,Max Verstappen,VER,Red Bull Racing,1.0,1.0,Finished,25.0
2023,6,Monaco Grand Prix,Fernando Alonso,ALO,Aston Martin,2.0,2.0,Finished,18.0
2023,6,Monaco Grand Prix,Esteban Ocon,OCO,Alpine,3.0,3.0,Finished,15.0
2023,6,Monaco Grand Prix,Lewis Hamilton,HAM,Mercedes,5.0,4.0,Finished,13.0
2023,6,Monaco Grand Prix,George Russell,RUS,Mercedes,8.0,5.0,Finished,10.0
2023,6,Monaco Grand Prix,Charles Leclerc,LEC,Ferrari,6.0,6.0,Finished,8.0
2023,6,Monaco Grand Prix,Pierre Gasly,GAS,Alpine,7.0,7.0,Finished,6.0
2023,6,Monaco Grand Prix,Carlos Sainz,SAI,Ferrari,4.0,8.0,Finished,4.0
2023,6,Monaco Grand Prix,Lando Norris,NOR,McLaren,10.0,9.0,DNF,2.0
2023,6,Monaco Grand Prix,Oscar Piastri,PIA,McLaren,11.0,10.0,DNF,1.0
2023,6,Monaco Grand Prix,Valtteri Bottas,BOT,Alfa Romeo,15.0,11.0,DNF,0.0
2023,6,Monaco Grand Prix,Nyck De Vries,DEV,AlphaTauri,12.0,12.0,DNF,0.0
2023,6,Monaco Grand Prix,Guanyu Zhou,ZHO,Alfa Romeo,19.0,13.0,DNF,0.0
2023,6,Monaco Grand Prix,Alexander Albon,ALB,Williams,13.0,14.0,DNF,0.0
2023,6,Monaco Grand Prix,Yuki Tsunoda,TSU,AlphaTauri,9.0,15.0,DNF,0.0
2023,6,Monaco Grand Prix,Sergio Perez,PER,Red Bull Racing,20.0,16.0,DNF,0.0
2023,6,Monaco Grand Prix,Nico Hulkenberg,HUL,Haas F1 Team,18.0,17.0,DNF,0.0
2023,6,Monaco Grand Prix,Logan Sargeant,SAR,Williams,16.0,18.0,DNF,0.0
2023,6,Monaco Grand Prix,Kevin Magnussen,MAG,Haas F1 Team,17.0,19.0,DNF,0.0
2023,6,Monaco Grand Prix,Lance Stroll,STR,Aston Martin,14.0,20.0,DNF,0.0
2023,7,Spanish Grand Prix,Max Verstappen,VER,Red Bull Racing,1.0,1.0,Finished,26.0
2023,7,Spanish Grand Prix,Lewis Hamilton,HAM,Mercedes,4.0,2.0,Finished,18.0
2023,7,Spanish Grand Prix,George Russell,RUS,Mercedes,12.0,3.0,Finished,15.0
2023,7,Spanish Grand Prix,Sergio Perez,PER,Red Bull Racing,11.0,4.0,Finished,12.0
2023,7,Spanish Grand Prix,Carlos Sainz,SAI,Ferrari,2.0,5.0,Finished,10.0
2023,7,Spanish Grand Prix,Lance Stroll,STR,Aston Martin,5.0,6.0,Finished,8.0
2023,7,Spanish Grand Prix,Fernando Alonso,ALO,Aston Martin,8.0,7.0,Finished,6.0
2023,7,Spanish Grand Prix,Esteban Ocon,OCO,Alpine,6.0,8.0,Finished,4.0
2023,7,Spanish Grand Prix,Guanyu Zhou,ZHO,Alfa Romeo,13.0,9.0,Finished,2.0
2023,7,Spanish Grand Prix,Pierre Gasly,GAS,Alpine,10.0,10.0,Finished,1.0
2023,7,Spanish Grand Prix,Charles Leclerc,LEC,Ferrari,19.0,11.0,Finished,0.0
2023,7,Spanish Grand Prix,Yuki Tsunoda,TSU,AlphaTauri,15.0,12.0,Finished,0.0
2023,7,Spanish Grand Prix,Oscar Piastri,PIA,McLaren,9.0,13.0,DNF,0.0
2023,7,Spanish Grand Prix,Nyck De Vries,DEV,AlphaTauri,14.0,14.0,DNF,0.0
2023,7,Spanish Grand Prix,Nico Hulkenberg,HUL,Haas F1 Team,7.0,15.0,DNF,0.0
2023,7,Spanish Grand Prix,Alexander Albon,ALB,Williams,18.0,16.0,DNF,0.0
2023,7,Spanish Grand Prix,Lando Norris,NOR,McLaren,3.0,17.0,DNF,0.0
2023,7,Spanish Grand Prix,Kevin Magnussen,MAG,Haas F1 Team,17.0,18.0,DNF,0.0
2023,7,Spanish Grand Prix,Valtteri Bottas,BOT,Alfa Romeo,16.0,19.0,DNF,0.0
2023,7,Spanish Grand Prix,Logan Sargeant,SAR,Williams,20.0,20.0,DNF,0.0
2023,8,Canadian Grand Prix,Max Verstappen,VER,Red Bull Racing,1.0,1.0,Finished,25.0
2023,8,Canadian Grand Prix,Fernando Alonso,ALO,Aston Martin,2.0,2.0,Finished,18.0
2023,8,Canadian Grand Prix,Lewis Hamilton,HAM,Mercedes,3.0,3.0,Finished,15.0
2023,8,Canadian Grand Prix,Charles Leclerc,LEC,Ferrari,10.0,4.0,Finished,12.0
2023,8,Canadian Grand Prix,Carlos Sainz,SAI,Ferrari,11.0,5.0,Finished,10.0
2023,8,Canadian Grand Prix,Sergio Perez,PER,Red Bull Racing,12.0,6.0,Finished,9.0
2023,8,Canadian Grand Prix,Alexander Albon,ALB,Williams,9.0,7.0,Finished,6.0
2023,8,Canadian Grand Prix,Esteban Ocon,OCO,Alpine,6.0,8.0,Finished,4.0
2023,8,Canadian Grand Prix,Lance Stroll,STR,Aston Martin,16.0,9.0,Finished,2.0
2023,8,Canadian Grand Prix,Valtteri Bottas,BOT,Alfa Romeo,14.0,10.0,Finished,1.0
2023,8,Canadian Grand Prix,Oscar Piastri,PIA,McLaren,8.0,11.0,Finished,0.0
2023,8,Canadian Grand Prix,Pierre Gasly,GAS,Alpine,15.0,12.0,Finished,0.0
2023,8,Canadian Grand Prix,Lando Norris,NOR,McLaren,7.0,13.0,Finished,0.0
2023,8,Canadian Grand Prix,Yuki Tsunoda,TSU,AlphaTauri,19.0,14.0,Finished,0.0
2023,8,Canadian Grand Prix,Nico Hulkenberg,HUL,Haas F1 Team,5.0,15.0,DNF,0.0
2023,8,Canadian Grand Prix,Guanyu Zhou,ZHO,Alfa Romeo,20.0,16.0,DNF,0.0
2023,8,Canadian Grand Prix,Kevin Magnussen,MAG,Haas F1 Team,13.0,17.0,DNF,0.0
2023,8,Canadian Grand Prix,Nyck De Vries,DEV,AlphaTauri,17.0,18.0,DNF,0.0
2023,8,Canadian Grand Prix,George Russell,RUS,Mercedes,4.0,19.0,DNF,0.0
2023,8,Canadian Grand Prix,Logan Sargeant,SAR,Williams,18.0,20.0,DNF,0.0
2023,9,Austrian Grand Prix,Max Verstappen,VER,Red Bull Racing,1.0,1.0,Finished,26.0
2023,9,Austrian Grand Prix,Charles Leclerc,LEC,Ferrari,2.0,2.0,Finished,18.0
2023,9,Austrian Grand Prix,Sergio Perez,PER,Red Bull Racing,15.0,3.0,Finished,15.0
2023,9,Austrian Grand Prix,Lando Norris,NOR,McLaren,4.0,4.0,Finished,12.0
2023,9,Austrian Grand Prix,Fernando Alonso,ALO,Aston Martin,7.0,5.0,Finished,10.0
2023,9,Austrian Grand Prix,Carlos Sainz,SAI,Ferrari,3.0,6.0,Finished,8.0
2023,9,Austrian Grand Prix,George Russell,RUS,Mercedes,11.0,7.0,Finished,6.0
2023,9,Austrian Grand Prix,Lewis Hamilton,HAM,Mercedes,5.0,8.0,Finished,4.0
2023,9,Austrian Grand Prix,Lance Stroll,STR,Aston Martin,6.0,9.0,Finished,2.0
2023,9,Austrian Grand Prix,Pierre Gasly,GAS,Alpine,9.0,10.0,Finished,1.0
2023,9,Austrian Grand Prix,Alexander Albon,ALB,Williams,10.0,11.0,Finished,0.0
2023,9,Austrian Grand Prix,Guanyu Zhou,ZHO,Alfa Romeo,17.0,12.0,DNF,0.0
2023,9,Austrian Grand Prix,Logan Sargeant,SAR,Williams,18.0,13.0,DNF,0.0
2023,9,Austrian Grand Prix,Esteban Ocon,OCO,Alpine,12.0,14.0,DNF,0.0
2023,9,Austrian Grand Prix,Valtteri Bottas,BOT,Alfa Romeo,14.0,15.0,DNF,0.0
2023,9,Austrian Grand Prix,Oscar Piastri,PIA,McLaren,13.0,16.0,DNF,0.0
2023,9,Austrian Grand Prix,Nyck De Vries,DEV,AlphaTauri,20.0,17.0,DNF,0.0
2023,9,Austrian Grand Prix,Kevin Magnussen,MAG,Haas F1 Team,19.0,18.0,DNF,0.0
2023,9,Austrian Grand Prix,Yuki Tsunoda,TSU,AlphaTauri,16.0,19.0,DNF,0.0
2023,9,Austrian Grand Prix,Nico Hulkenberg,HUL,Haas F1 Team,8.0,20.0,DNF,0.0
2023,10,British Grand Prix,Max Verstappen,VER,Red Bull Racing,1.0,1.0,Finished,26.0
2023,10,British Grand Prix,Lando Norris,NOR,McLaren,2.0,2.0,Finished,18.0
2023,10,British Grand Prix,Lewis Hamilton,HAM,Mercedes,7.0,3.0,Finished,15.0
2023,10,British Grand Prix,Oscar Piastri,PIA,McLaren,3.0,4.0,Finished,12.0
2023,10,British Grand Prix,George Russell,RUS,Mercedes,6.0,5.0,Finished,10.0
2023,10,British Grand Prix,Sergio Perez,PER,Red Bull Racing,15.0,6.0,Finished,8.0
2023,10,British Grand Prix,Fernando Alonso,ALO,Aston Martin,9.0,7.0,Finished,6.0
2023,10,British Grand Prix,Alexander Albon,ALB,Williams,8.0,8.0,Finished,4.0
2023,10,British Grand Prix,Charles Leclerc,LEC,Ferrari,4.0,9.0,Finished,2.0
2023,10,British Grand Prix,Carlos Sainz,SAI,Ferrari,5.0,10.0,Finished,1.0
2023,10,British Grand Prix,Logan Sargeant,SAR,Williams,14.0,11.0,Finished,0.0
2023,10,British Grand Prix,Valtteri Bottas,BOT,Alfa Romeo,20.0,12.0,Finished,0.0
2023,10,British Grand Prix,Nico Hulkenberg,HUL,Haas F1 Team,11.0,13.0,Finished,0.0
2023,10,British Grand Prix,Lance Stroll,STR,Aston Martin,12.0,14.0,Finished,0.0
2023,10,British Grand Prix,Guanyu Zhou,ZHO,Alfa Romeo,17.0,15.0,Finished,0.0
2023,10,British Grand Prix,Yuki Tsunoda,TSU,AlphaTauri,16.0,16.0,Finished,0.0
2023,10,British Grand Prix,Nyck De Vries,DEV,AlphaTauri,18.0,17.0,Finished,0.0
2023,10,British Grand Prix,Pierre Gasly,GAS,Alpine,10.0,18.0,DNF,0.0
2023,10,British Grand Prix,Kevin Magnussen,MAG,Haas F1 Team,19.0,19.0,DNF,0.0
2023,10,British Grand Prix,Esteban Ocon,OCO,Alpine,13.0,20.0,DNF,0.0
2023,11,Hungarian Grand Prix,Max Verstappen,VER,Red Bull Racing,2.0,1.0,Finished,26.0
2023,11,Hungarian Grand Prix,Lando Norris,NOR,McLaren,3.0,2.0,Finished,18.0
2023,11,Hungarian Grand Prix,Sergio Perez,PER,Red Bull Racing,9.0,3.0,Finished,15.0
2023,11,Hungarian Grand Prix,Lewis Hamilton,HAM,Mercedes,1.0,4.0,Finished,12.0
2023,11,Hungarian Grand Prix,Oscar Piastri,PIA,McLaren,4.0,5.0,Finished,10.0
2023,11,Hungarian Grand Prix,George Russell,RUS,Mercedes,18.0,6.0,Finished,8.0
2023,11,Hungarian Grand Prix,Charles Leclerc,LEC,Ferrari,6.0,7.0,Finished,6.0
2023,11,Hungarian Grand Prix,Carlos Sainz,SAI,Ferrari,11.0,8.0,Finished,4.0
2023,11,Hungarian Grand Prix,Fernando Alonso,ALO,Aston Martin,8.0,9.0,Finished,2.0
2023,11,Hungarian Grand Prix,Lance Stroll,STR,Aston Martin,14.0,10.0,DNF,1.0
2023,11,Hungarian Grand Prix,Alexander Albon,ALB,Williams,16.0,11.0,DNF,0.0
2023,11,Hungarian Grand Prix,Valtteri Bottas,BOT,Alfa Romeo,7.0,12.0,DNF,0.0
2023,11,Hungarian Grand Prix,Daniel Ricciardo,RIC,AlphaTauri,13.0,13.0,DNF,0.0
2023,11,Hungarian Grand Prix,Nico Hulkenberg,HUL,Haas F1 Team,10.0,14.0,DNF,0.0
2023,11,Hungarian Grand Prix,Yuki Tsunoda,TSU,AlphaTauri,17.0,15.0,DNF,0.0
2023,11,Hungarian Grand Prix,Guanyu Zhou,ZHO,Alfa Romeo,5.0,16.0,DNF,0.0
2023,11,Hungarian Grand Prix,Kevin Magnussen,MAG,Haas F1 Team,19.0,17.0,DNF,0.0
2023,11,Hungarian Grand Prix,Logan Sargeant,SAR,Williams,20.0,18.0,DNF,0.0
2023,11,Hungarian Grand Prix,Esteban Ocon,OCO,Alpine,12.0,19.0,DNF,0.0
2023,11,Hungarian Grand Prix,Pierre Gasly,GAS,Alpine,15.0,20.0,DNF,0.0
2023,12,Belgian Grand Prix,Max Verstappen,VER,Red Bull Racing,6.0,1.0,Finished,25.0
2023,12,Belgian Grand Prix,Sergio Perez,PER,Red Bull Racing,2.0,2.0,Finished,18.0
2023,12,Belgian Grand Prix,Charles Leclerc,LEC,Ferrari,1.0,3.0,Finished,15.0
2023,12,Belgian Grand Prix,Lewis Hamilton,HAM,Mercedes,3.0,4.0,Finished,13.0
2023,12,Belgian Grand Prix,Fernando Alonso,ALO,Aston Martin,9.0,5.0,Finished,10.0
2023,12,Belgian Grand Prix,George Russell,RUS,Mercedes,8.0,6.0,Finished,8.0
2023,12,Belgian Grand Prix,Lando Norris,NOR,McLaren,7.0,7.0,Finished,6.0
2023,12,Belgian Grand Prix,Esteban Ocon,OCO,Alpine,14.0,8.0,Finished,4.0
2023,12,Belgian Grand Prix,Lance Stroll,STR,Aston Martin,10.0,9.0,Finished,2.0
2023,12,Belgian Grand Prix,Yuki Tsunoda,TSU,AlphaTauri,11.0,10.0,Finished,1.0
2023,12,Belgian Grand Prix,Pierre Gasly,GAS,Alpine,12.0,11.0,Finished,0.0
2023,12,Belgian Grand Prix,Valtteri Bottas,BOT,Alfa Romeo,13.0,12.0,Finished,0.0
2023,12,Belgian Grand Prix,Guanyu Zhou,ZHO,Alfa Romeo,17.0,13.0,Finished,0.0
2023,12,Belgian Grand Prix,Alexander Albon,ALB,Williams,15.0,14.0,Finished,0.0
2023,12,Belgian Grand Prix,Kevin Magnussen,MAG,Haas F1 Team,16.0,15.0,Finished,0.0
2023,12,Belgian Grand Prix,Daniel Ricciardo,RIC,AlphaTauri,19.0,16.0,Finished,0.0
2023,12,Belgian Grand Prix,Logan Sargeant,SAR,Williams,18.0,17.0,Finished,0.0
2023,12,Belgian Grand Prix,Nico Hulkenberg,HUL,Haas F1 Team,20.0,18.0,Finished,0.0
2023,12,Belgian Grand Prix,Carlos Sainz,SAI,Ferrari,4.0,19.0,DNF,0.0
2023,12,Belgian Grand Prix,Oscar Piastri,PIA,McLaren,5.0,20.0,DNF,0.0
2023,13,Dutch Grand Prix,Max Verstappen,VER,Red Bull Racing,1.0,1.0,Finished,25.0
2023,13,Dutch Grand Prix,Fernando Alonso,ALO,Aston Martin,5.0,2.0,Finished,19.0
2023,13,Dutch Grand Prix,Pierre Gasly,GAS,Alpine,12.0,3.0,Finished,15.0
2023,13,Dutch Grand Prix,Sergio Perez,PER,Red Bull Racing,7.0,4.0,Finished,12.0
2023,13,Dutch Grand Prix,Carlos Sainz,SAI,Ferrari,6.0,5.0,Finished,10.0
2023,13,Dutch Grand Prix,Lewis Hamilton,HAM,Mercedes,13.0,6.0,Finished,8.0
2023,13,Dutch Grand Prix,Lando Norris,NOR,McLaren,2.0,7.0,Finished,6.0
2023,13,Dutch Grand Prix,Alexander Albon,ALB,Williams,4.0,8.0,Finished,4.0
2023,13,Dutch Grand Prix,Oscar Piastri,PIA,McLaren,8.0,9.0,Finished,2.0
2023,13,Dutch Grand Prix,Esteban Ocon,OCO,Alpine,16.0,10.0,Finished,1.0
2023,13,Dutch Grand Prix,Lance Stroll,STR,Aston Martin,11.0,11.0,Finished,0.0
2023,13,Dutch Grand Prix,Nico Hulkenberg,HUL,Haas F1 Team,14.0,12.0,Finished,0.0
2023,13,Dutch Grand Prix,Liam Lawson,LAW,AlphaTauri,19.0,13.0,Finished,0.0
2023,13,Dutch Grand Prix,Valtteri Bottas,BOT,Alfa Romeo,18.0,14.0,Finished,0.0
2023,13,Dutch Grand Prix,Yuki Tsunoda,TSU,AlphaTauri,17.0,15.0,Finished,0.0
2023,13,Dutch Grand Prix,Kevin Magnussen,MAG,Haas F1 Team,0.0,16.0,Finished,0.0
2023,13,Dutch Grand Prix,George Russell,RUS,Mercedes,3.0,17.0,Finished,0.0
2023,13,Dutch Grand Prix,Guanyu Zhou,ZHO,Alfa Romeo,15.0,18.0,DNF,0.0
2023,13,Dutch Grand Prix,Charles Leclerc,LEC,Ferrari,9.0,19.0,DNF,0.0
2023,13,Dutch Grand Prix,Logan Sargeant,SAR,Williams,10.0,20.0,DNF,0.0
2023,14,Italian Grand Prix,Max Verstappen,VER,Red Bull Racing,2.0,1.0,Finished,25.0
2023,14,Italian Grand Prix,Sergio Perez,PER,Red Bull Racing,5.0,2.0,Finished,18.0
2023,14,Italian Grand Prix,Carlos Sainz,SAI,Ferrari,1.0,3.0,Finished,15.0
2023,14,Italian Grand Prix,Charles Leclerc,LEC,Ferrari,3.0,4.0,Finished,12.0
2023,14,Italian Grand Prix,George Russell,RUS,Mercedes,4.0,5.0,Finished,10.0
2023,14,Italian Grand Prix,Lewis Hamilton,HAM,Mercedes,8.0,6.0,Finished,8.0
2023,14,Italian Grand Prix,Alexander Albon,ALB,Williams,6.0,7.0,Finished,6.0
2023,14,Italian Grand Prix,Lando Norris,NOR,McLaren,9.0,8.0,Finished,4.0
2023,14,Italian Grand Prix,Fernando Alonso,ALO,Aston Martin,10.0,9.0,Finished,2.0
2023,14,Italian Grand Prix,Valtteri Bottas,BOT,Alfa Romeo,14.0,10.0,Finished,1.0
2023,14,Italian Grand Prix,Liam Lawson,LAW,AlphaTauri,12.0,11.0,Finished,0.0
2023,14,Italian Grand Prix,Oscar Piastri,PIA,McLaren,7.0,12.0,Finished,0.0
2023,14,Italian Grand Prix,Logan Sargeant,SAR,Williams,15.0,13.0,Finished,0.0
2023,14,Italian Grand Prix,Guanyu Zhou,ZHO,Alfa Romeo,16.0,14.0,Finished,0.0
2023,14,Italian Grand Prix,Pierre Gasly,GAS,Alpine,17.0,15.0,Finished,0.0
2023,14,Italian Grand Prix,Lance Stroll,STR,Aston Martin,20.0,16.0,Finished,0.0
2023,14,Italian Grand Prix,Nico Hulkenberg,HUL,Haas F1 Team,13.0,17.0,DNF,0.0
2023,14,Italian Grand Prix,Kevin Magnussen,MAG,Haas F1 Team,19.0,18.0,DNF,0.0
2023,14,Italian Grand Prix,Esteban Ocon,OCO,Alpine,18.0,19.0,DNF,0.0
2023,14,Italian Grand Prix,Yuki Tsunoda,TSU,AlphaTauri,11.0,20.0,DNF,0.0
2023,15,Singapore Grand Prix,Carlos Sainz,SAI,Ferrari,1.0,1.0,Finished,25.0
2023,15,Singapore Grand Prix,Lando Norris,NOR,McLaren,4.0,2.0,Finished,18.0
2023,15,Singapore Grand Prix,Lewis Hamilton,HAM,Mercedes,5.0,3.0,Finished,16.0
2023,15,Singapore Grand Prix,Charles Leclerc,LEC,Ferrari,3.0,4.0,Finished,12.0
2023,15,Singapore Grand Prix,Max Verstappen,VER,Red Bull Racing,11.0,5.0,Finished,10.0
2023,15,Singapore Grand Prix,Pierre Gasly,GAS,Alpine,12.0,6.0,Finished,8.0
2023,15,Singapore Grand Prix,Oscar Piastri,PIA,McLaren,17.0,7.0,Finished,6.0
2023,15,Singapore Grand Prix,Sergio Perez,PER,Red Bull Racing,13.0,8.0,Finished,4.0
2023,15,Singapore Grand Prix,Liam Lawson,LAW,AlphaTauri,10.0,9.0,Finished,2.0
2023,15,Singapore Grand Prix,Kevin Magnussen,MAG,Haas F1 Team,6.0,10.0,Finished,1.0
2023,15,Singapore Grand Prix,Alexander Albon,ALB,Williams,14.0,11.0,Finished,0.0
2023,15,Singapore Grand Prix,Guanyu Zhou,ZHO,Alfa Romeo,19.0,12.0,Finished,0.0
2023,15,Singapore Grand Prix,Nico Hulkenberg,HUL,Haas F1 Team,9.0,13.0,Finished,0.0
2023,15,Singapore Grand Prix,Logan Sargeant,SAR,Williams,18.0,14.0,Finished,0.0
2023,15,Singapore Grand Prix,Fernando Alonso,ALO,Aston Martin,7.0,15.0,Finished,0.0
2023,15,Singapore Grand Prix,George Russell,RUS,Mercedes,2.0,16.0,DNF,0.0
2023,15,Singapore Grand Prix,Valtteri Bottas,BOT,Alfa Romeo,16.0,17.0,DNF,0.0
2023,15,Singapore Grand Prix,Esteban Ocon,OCO,Alpine,8.0,18.0,DNF,0.0
2023,15,Singapore Grand Prix,Yuki Tsunoda,TSU,AlphaTauri,15.0,19.0,DNF,0.0
2023,15,Singapore Grand Prix,Lance Stroll,STR,Aston Martin,,,DNF,0.0
2023,16,Japanese Grand Prix,Max Verstappen,VER,Red Bull Racing,1.0,1.0,Finished,26.0
2023,16,Japanese Grand Prix,Lando Norris,NOR,McLaren,3.0,2.0,Finished,18.0
2023,16,Japanese Grand Prix,Oscar Piastri,PIA,McLaren,2.0,3.0,Finished,15.0
2023,16,Japanese Grand Prix,Charles Leclerc,LEC,Ferrari,4.0,4.0,Finished,12.0
2023,16,Japanese Grand Prix,Lewis Hamilton,HAM,Mercedes,7.0,5.0,Finished,10.0
2023,16,Japanese Grand Prix,Carlos Sainz,SAI,Ferrari,6.0,6.0,Finished,8.0
2023,16,Japanese Grand Prix,George Russell,RUS,Mercedes,8.0,7.0,Finished,6.0
2023,16,Japanese Grand Prix,Fernando Alonso,ALO,Aston Martin,10.0,8.0,Finished,4.0
2023,16,Japanese Grand Prix,Esteban Ocon,OCO,Alpine,14.0,9.0,Finished,2.0
2023,16,Japanese Grand Prix,Pierre Gasly,GAS,Alpine,12.0,10.0,Finished,1.0
2023,16,Japanese Grand Prix,Liam Lawson,LAW,AlphaTauri,11.0,11.0,DNF,0.0
2023,16,Japanese Grand Prix,Yuki Tsunoda,TSU,AlphaTauri,9.0,12.0,DNF,0.0
2023,16,Japanese Grand Prix,Guanyu Zhou,ZHO,Alfa Romeo,19.0,13.0,DNF,0.0
2023,16,Japanese Grand Prix,Nico Hulkenberg,HUL,Haas F1 Team,18.0,14.0,DNF,0.0
2023,16,Japanese Grand Prix,Kevin Magnussen,MAG,Haas F1 Team,15.0,15.0,DNF,0.0
2023,16,Japanese Grand Prix,Alexander Albon,ALB,Williams,13.0,16.0,DNF,0.0
2023,16,Japanese Grand Prix,Logan Sargeant,SAR,Williams,20.0,17.0,DNF,0.0
2023,16,Japanese Grand Prix,Lance Stroll,STR,Aston Martin,17.0,18.0,DNF,0.0
2023,16,Japanese Grand Prix,Sergio Perez,PER,Red Bull Racing,5.0,19.0,DNF,0.0
2023,16,Japanese Grand Prix,Valtteri Bottas,BOT,Alfa Romeo,16.0,20.0,DNF,0.0
2023,17,Qatar Grand Prix,Max Verstappen,VER,Red Bull Racing,1.0,1.0,Finished,26.0
2023,17,Qatar Grand Prix,Oscar Piastri,PIA,McLaren,6.0,2.0,Finished,18.0
2023,17,Qatar Grand Prix,Lando Norris,NOR,McLaren,10.0,3.0,Finished,15.0
2023,17,Qatar Grand Prix,George Russell,RUS,Mercedes,2.0,4.0,Finished,12.0
2023,17,Qatar Grand Prix,Charles Leclerc,LEC,Ferrari,5.0,5.0,Finished,10.0
2023,17,Qatar Grand Prix,Fernando Alonso,ALO,Aston Martin,4.0,6.0,Finished,8.0
2023,17,Qatar Grand Prix,Esteban Ocon,OCO,Alpine,8.0,7.0,Finished,6.0
2023,17,Qatar Grand Prix,Valtteri Bottas,BOT,Alfa Romeo,9.0,8.0,Finished,4.0
2023,17,Qatar Grand Prix,Guanyu Zhou,ZHO,Alfa Romeo,19.0,9.0,Finished,2.0
2023,17,Qatar Grand Prix,Sergio Perez,PER,Red Bull Racing,20.0,10.0,Finished,1.0
2023,17,Qatar Grand Prix,Lance Stroll,STR,Aston Martin,16.0,11.0,Finished,0.0
2023,17,Qatar Grand Prix,Pierre Gasly,GAS,Alpine,7.0,12.0,Finished,0.0
2023,17,Qatar Grand Prix,Alexander Albon,ALB,Williams,13.0,13.0,Finished,0.0
2023,17,Qatar Grand Prix,Kevin Magnussen,MAG,Haas F1 Team,18.0,14.0,DNF,0.0
2023,17,Qatar Grand Prix,Yuki Tsunoda,TSU,AlphaTauri,11.0,15.0,DNF,0.0
2023,17,Qatar Grand Prix,Nico Hulkenberg,HUL,Haas F1 Team,14.0,16.0,DNF,0.0
2023,17,Qatar Grand Prix,Liam Lawson,LAW,AlphaTauri,17.0,17.0,DNF,0.0
2023,17,Qatar Grand Prix,Logan Sargeant,SAR,Williams,15.0,18.0,DNF,0.0
2023,17,Qatar Grand Prix,Lewis Hamilton,HAM,Mercedes,3.0,19.0,DNF,0.0
2023,17,Qatar Grand Prix,Carlos Sainz,SAI,Ferrari,12.0,20.0,DNF,0.0
2023,18,United States Grand Prix,Max Verstappen,VER,Red Bull Racing,6.0,1.0,Finished,25.0
2023,18,United States Grand Prix,Lando Norris,NOR,McLaren,2.0,2.0,Finished,18.0
2023,18,United States Grand Prix,Carlos Sainz,SAI,Ferrari,4.0,3.0,Finished,15.0
2023,18,United States Grand Prix,Sergio Perez,PER,Red Bull Racing,9.0,4.0,Finished,12.0
2023,18,United States Grand Prix,George Russell,RUS,Mercedes,5.0,5.0,Finished,10.0
2023,18,United States Grand Prix,Pierre Gasly,GAS,Alpine,7.0,6.0,Finished,8.0
2023,18,United States Grand Prix,Lance Stroll,STR,Aston Martin,20.0,7.0,Finished,6.0
2023,18,United States Grand Prix,Yuki Tsunoda,TSU,AlphaTauri,11.0,8.0,Finished,5.0
2023,18,United States Grand Prix,Alexander Albon,ALB,Williams,15.0,9.0,Finished,2.0
2023,18,United States Grand Prix,Logan Sargeant,SAR,Williams,16.0,10.0,Finished,1.0
2023,18,United States Grand Prix,Nico Hulkenberg,HUL,Haas F1 Team,18.0,11.0,Finished,0.0
2023,18,United States Grand Prix,Valtteri Bottas,BOT,Alfa Romeo,13.0,12.0,Finished,0.0
2023,18,United States Grand Prix,Guanyu Zhou,ZHO,Alfa Romeo,12.0,13.0,DNF,0.0
2023,18,United States Grand Prix,Kevin Magnussen,MAG,Haas F1 Team,17.0,14.0,DNF,0.0
2023,18,United States Grand Prix,Daniel Ricciardo,RIC,AlphaTauri,14.0,15.0,DNF,0.0
2023,18,United States Grand Prix,Fernando Alonso,ALO,Aston Martin,19.0,16.0,DNF,0.0
2023,18,United States Grand Prix,Oscar Piastri,PIA,McLaren,10.0,17.0,DNF,0.0
2023,18,United States Grand Prix,Esteban Ocon,OCO,Alpine,8.0,18.0,DNF,0.0
2023,18,United States Grand Prix,Lewis Hamilton,HAM,Mercedes,3.0,19.0,DNF,0.0
2023,18,United States Grand Prix,Charles Leclerc,LEC,Ferrari,1.0,20.0,DNF,0.0
2023,19,Mexico City Grand Prix,Max Verstappen,VER,Red Bull Racing,3.0,1.0,Finished,25.0
2023,19,Mexico City Grand Prix,Lewis Hamilton,HAM,Mercedes,6.0,2.0,Finished,19.0
2023,19,Mexico City Grand Prix,Charles Leclerc,LEC,Ferrari,1.0,3.0,Finished,15.0
2023,19,Mexico City Grand Prix,Carlos Sainz,SAI,Ferrari,2.0,4.0,Finished,12.0
2023,19,Mexico City Grand Prix,Lando Norris,NOR,McLaren,17.0,5.0,Finished,10.0
2023,19,Mexico City Grand Prix,George Russell,RUS,Mercedes,8.0,6.0,Finished,8.0
2023,19,Mexico City Grand Prix,Daniel Ricciardo,RIC,AlphaTauri,4.0,7.0,Finished,6.0
2023,19,Mexico City Grand Prix,Oscar Piastri,PIA,McLaren,7.0,8.0,Finished,4.0
2023,19,Mexico City Grand Prix,Alexander Albon,ALB,Williams,14.0,9.0,Finished,2.0
2023,19,Mexico City Grand Prix,Esteban Ocon,OCO,Alpine,15.0,10.0,Finished,1.0
2023,19,Mexico City Grand Prix,Pierre Gasly,GAS,Alpine,11.0,11.0,Finished,0.0
2023,19,Mexico City Grand Prix,Yuki Tsunoda,TSU,AlphaTauri,18.0,12.0,Finished,0.0
2023,19,Mexico City Grand Prix,Nico Hulkenberg,HUL,Haas F1 Team,12.0,13.0,Finished,0.0
2023,19,Mexico City Grand Prix,Guanyu Zhou,ZHO,Alfa Romeo,10.0,14.0,Finished,0.0
2023,19,Mexico City Grand Prix,Valtteri Bottas,BOT,Alfa Romeo,9.0,15.0,Finished,0.0
2023,19,Mexico City Grand Prix,Logan Sargeant,SAR,Williams,19.0,16.0,DNF,0.0
2023,19,Mexico City Grand Prix,Lance Stroll,STR,Aston Martin,0.0,17.0,DNF,0.0
2023,19,Mexico City Grand Prix,Fernando Alonso,ALO,Aston Martin,13.0,18.0,DNF,0.0
2023,19,Mexico City Grand Prix,Kevin Magnussen,MAG,Haas F1 Team,16.0,19.0,DNF,0.0
2023,19,Mexico City Grand Prix,Sergio Perez,PER,Red Bull Racing,5.0,20.0,DNF,0.0
2023,20,São Paulo Grand Prix,Max Verstappen,VER,Red Bull Racing,1.0,1.0,Finished,25.0
2023,20,São Paulo Grand Prix,Lando Norris,NOR,McLaren,6.0,2.0,Finished,19.0
2023,20,São Paulo Grand Prix,Fernando Alonso,ALO,Aston Martin,4.0,3.0,Finished,15.0
2023,20,São Paulo Grand Prix,Sergio Perez,PER,Red Bull Racing,9.0,4.0,Finished,12.0
2023,20,São Paulo Grand Prix,Lance Stroll,STR,Aston Martin,3.0,5.0,Finished,10.0
2023,20,São Paulo Grand Prix,Carlos Sainz,SAI,Ferrari,7.0,6.0,Finished,8.0
2023,20,São Paulo Grand Prix,Pierre Gasly,GAS,Alpine,15.0,7.0,Finished,6.0
2023,20,São Paulo Grand Prix,Lewis Hamilton,HAM,Mercedes,5.0,8.0,Finished,4.0
2023,20,São Paulo Grand Prix,Yuki Tsunoda,TSU,AlphaTauri,16.0,9.0,Finished,2.0
2023,20,São Paulo Grand Prix,Esteban Ocon,OCO,Alpine,14.0,10.0,DNF,1.0
2023,20,São Paulo Grand Prix,Logan Sargeant,SAR,Williams,19.0,11.0,DNF,0.0
2023,20,São Paulo Grand Prix,Nico Hulkenberg,HUL,Haas F1 Team,11.0,12.0,DNF,0.0
2023,20,São Paulo Grand Prix,Daniel Ricciardo,RIC,AlphaTauri,17.0,13.0,DNF,0.0
2023,20,São Paulo Grand Prix,Oscar Piastri,PIA,McLaren,10.0,14.0,DNF,0.0
2023,20,São Paulo Grand Prix,George Russell,RUS,Mercedes,8.0,15.0,DNF,0.0
2023,20,São Paulo Grand Prix,Valtteri Bottas,BOT,Alfa Romeo,18.0,16.0,DNF,0.0
2023,20,São Paulo Grand Prix,Guanyu Zhou,ZHO,Alfa Romeo,20.0,17.0,DNF,0.0
2023,20,São Paulo Grand Prix,Kevin Magnussen,MAG,Haas F1 Team,12.0,18.0,DNF,0.0
2023,20,São Paulo Grand Prix,Alexander Albon,ALB,Williams,13.0,19.0,DNF,0.0
2023,20,São Paulo Grand Prix,Charles Leclerc,LEC,Ferrari,2.0,20.0,DNF,0.0
2023,21,Las Vegas Grand Prix,Max Verstappen,VER,Red Bull Racing,2.0,1.0,Finished,25.0
2023,21,Las Vegas Grand Prix,Charles Leclerc,LEC,Ferrari,1.0,2.0,Finished,18.0
2023,21,Las Vegas Grand Prix,Sergio Perez,PER,Red Bull Racing,11.0,3.0,Finished,15.0
2023,21,Las Vegas Grand Prix,Esteban Ocon,OCO,Alpine,16.0,4.0,Finished,12.0
2023,21,Las Vegas Grand Prix,Lance Stroll,STR,Aston Martin,19.0,5.0,Finished,10.0
2023,21,Las Vegas Grand Prix,Carlos Sainz,SAI,Ferrari,12.0,6.0,Finished,8.0
2023,21,Las Vegas Grand Prix,Lewis Hamilton,HAM,Mercedes,10.0,7.0,Finished,6.0
2023,21,Las Vegas Grand Prix,George Russell,RUS,Mercedes,3.0,8.0,Finished,4.0
2023,21,Las Vegas Grand Prix,Fernando Alonso,ALO,Aston Martin,9.0,9.0,Finished,2.0
2023,21,Las Vegas Grand Prix,Oscar Piastri,PIA,McLaren,18.0,10.0,Finished,2.0
2023,21,Las Vegas Grand Prix,Pierre Gasly,GAS,Alpine,4.0,11.0,Finished,0.0
2023,21,Las Vegas Grand Prix,Alexander Albon,ALB,Williams,5.0,12.0,Finished,0.0
2023,21,Las Vegas Grand Prix,Kevin Magnussen,MAG,Haas F1 Team,8.0,13.0,Finished,0.0
2023,21,Las Vegas Grand Prix,Daniel Ricciardo,RIC,AlphaTauri,14.0,14.0,Finished,0.0
2023,21,Las Vegas Grand Prix,Guanyu Zhou,ZHO,Alfa Romeo,17.0,15.0,Finished,0.0
2023,21,Las Vegas Grand Prix,Logan Sargeant,SAR,Williams,6.0,16.0,Finished,0.0
2023,21,Las Vegas Grand Prix,Valtteri Bottas,BOT,Alfa Romeo,7.0,17.0,Finished,0.0
2023,21,Las Vegas Grand Prix,Yuki Tsunoda,TSU,AlphaTauri,20.0,18.0,DNF,0.0
2023,21,Las Vegas Grand Prix,Nico Hulkenberg,HUL,Haas F1 Team,13.0,19.0,DNF,0.0
2023,21,Las Vegas Grand Prix,Lando Norris,NOR,McLaren,15.0,20.0,DNF,0.0
2023,22,Abu Dhabi Grand Prix,Max Verstappen,VER,Red Bull Racing,1.0,1.0,Finished,26.0
2023,22,Abu Dhabi Grand Prix,Charles Leclerc,LEC,Ferrari,2.0,2.0,Finished,18.0
2023,22,Abu Dhabi Grand Prix,George Russell,RUS,Mercedes,4.0,3.0,Finished,15.0
2023,22,Abu Dhabi Grand Prix,Sergio Perez,PER,Red Bull Racing,9.0,4.0,Finished,12.0
2023,22,Abu Dhabi Grand Prix,Lando Norris,NOR,McLaren,5.0,5.0,Finished,10.0
2023,22,Abu Dhabi Grand Prix,Oscar Piastri,PIA,McLaren,3.0,6.0,Finished,8.0
2023,22,Abu Dhabi Grand Prix,Fernando Alonso,ALO,Aston Martin,7.0,7.0,Finished,6.0
2023,22,Abu Dhabi Grand Prix,Yuki Tsunoda,TSU,AlphaTauri,6.0,8.0,Finished,4.0
2023,22,Abu Dhabi Grand Prix,Lewis Hamilton,HAM,Mercedes,11.0,9.0,Finished,2.0
2023,22,Abu Dhabi Grand Prix,Lance Stroll,STR,Aston Martin,13.0,10.0,Finished,1.0
2023,22,Abu Dhabi Grand Prix,Daniel Ricciardo,RIC,AlphaTauri,15.0,11.0,Finished,0.0
2023,22,Abu Dhabi Grand Prix,Esteban Ocon,OCO,Alpine,12.0,12.0,Finished,0.0
2023,22,Abu Dhabi Grand Prix,Pierre Gasly,GAS,Alpine,10.0,13.0,Finished,0.0
2023,22,Abu Dhabi Grand Prix,Alexander Albon,ALB,Williams,14.0,14.0,Finished,0.0
2023,22,Abu Dhabi Grand Prix,Nico Hulkenberg,HUL,Haas F1 Team,8.0,15.0,Finished,0.0
2023,22,Abu Dhabi Grand Prix,Logan Sargeant,SAR,Williams,20.0,16.0,Finished,0.0
2023,22,Abu Dhabi Grand Prix,Guanyu Zhou,ZHO,Alfa Romeo,19.0,17.0,Finished,0.0
2023,22,Abu Dhabi Grand Prix,Carlos Sainz,SAI,Ferrari,16.0,18.0,DNF,0.0
2023,22,Abu Dhabi Grand Prix,Valtteri Bottas,BOT,Alfa Romeo,18.0,19.0,DNF,0.0
2023,22,Abu Dhabi Grand Prix,Kevin Magnussen,MAG,Haas F1 Team,17.0,20.0,DNF,0.0
2024,1,Bahrain Grand Prix,Max Verstappen,VER,Red Bull Racing,1.0,1.0,Finished,26.0
2024,1,Bahrain Grand Prix,Sergio Perez,PER,Red Bull Racing,5.0,2.0,Finished,18.0
2024,1,Bahrain Grand Prix,Carlos Sainz,SAI,Ferrari,4.0,3.0,Finished,15.0
2024,1,Bahrain Grand Prix,Charles Leclerc,LEC,Ferrari,2.0,4.0,Finished,12.0
2024,1,Bahrain Grand Prix,George Russell,RUS,Mercedes,3.0,5.0,Finished,10.0
2024,1,Bahrain Grand Prix,Lando Norris,NOR,McLaren,7.0,6.0,Finished,8.0
2024,1,Bahrain Grand Prix,Lewis Hamilton,HAM,Mercedes,9.0,7.0,Finished,6.0
2024,1,Bahrain Grand Prix,Oscar Piastri,PIA,McLaren,8.0,8.0,Finished,4.0
2024,1,Bahrain Grand Prix,Fernando Alonso,ALO,Aston Martin,6.0,9.0,Finished,2.0
2024,1,Bahrain Grand Prix,Lance Stroll,STR,Aston Martin,12.0,10.0,Finished,1.0
2024,1,Bahrain Grand Prix,Guanyu Zhou,ZHO,Kick Sauber,17.0,11.0,DNF,0.0
2024,1,Bahrain Grand Prix,Kevin Magnussen,MAG,Haas F1 Team,15.0,12.0,DNF,0.0
2024,1,Bahrain Grand Prix,Daniel Ricciardo,RIC,RB,14.0,13.0,DNF,0.0
2024,1,Bahrain Grand Prix,Yuki Tsunoda,TSU,RB,11.0,14.0,DNF,0.0
2024,1,Bahrain Grand Prix,Alexander Albon,ALB,Williams,13.0,15.0,DNF,0.0
2024,1,Bahrain Grand Prix,Nico Hulkenberg,HUL,Haas F1 Team,10.0,16.0,DNF,0.0
2024,1,Bahrain Grand Prix,Esteban Ocon,OCO,Alpine,19.0,17.0,DNF,0.0
2024,1,Bahrain Grand Prix,Pierre Gasly,GAS,Alpine,20.0,18.0,DNF,0.0
2024,1,Bahrain Grand Prix,Valtteri Bottas,BOT,Kick Sauber,16.0,19.0,DNF,0.0
2024,1,Bahrain Grand Prix,Logan Sargeant,SAR,Williams,18.0,20.0,DNF,0.0
2024,2,Saudi Arabian Grand Prix,Max Verstappen,VER,Red Bull Racing,1.0,1.0,Finished,25.0
2024,2,Saudi Arabian Grand Prix,Sergio Perez,PER,Red Bull Racing,3.0,2.0,Finished,18.0
2024,2,Saudi Arabian Grand Prix,Charles Leclerc,LEC,Ferrari,2.0,3.0,Finished,16.0
2024,2,Saudi Arabian Grand Prix,Oscar Piastri,PIA,McLaren,5.0,4.0,Finished,12.0
2024,2,Saudi Arabian Grand Prix,Fernando Alonso,ALO,Aston Martin,4.0,5.0,Finished,10.0
2024,2,Saudi Arabian Grand Prix,George Russell,RUS,Mercedes,7.0,6.0,Finished,8.0
2024,2,Saudi Arabian Grand Prix,Oliver Bearman,BEA,Ferrari,11.0,7.0,Finished,6.0
2024,2,Saudi Arabian Grand Prix,Lando Norris,NOR,McLaren,6.0,8.0,Finished,4.0
2024,2,Saudi Arabian Grand Prix,Lewis Hamilton,HAM,Mercedes,8.0,9.0,Finished,2.0
2024,2,Saudi Arabian Grand Prix,Nico Hulkenberg,HUL,Haas F1 Team,15.0,10.0,Finished,1.0
2024,2,Saudi Arabian Grand Prix,Alexander Albon,ALB,Williams,12.0,11.0,Finished,0.0
2024,2,Saudi Arabian Grand Prix,Kevin Magnussen,MAG,Haas F1 Team,13.0,12.0,Finished,0.0
2024,2,Saudi Arabian Grand Prix,Esteban Ocon,OCO,Alpine,17.0,13.0,DNF,0.0
2024,2,Saudi Arabian Grand Prix,Logan Sargeant,SAR,Williams,19.0,14.0,DNF,0.0
2024,2,Saudi Arabian Grand Prix,Yuki Tsunoda,TSU,RB,9.0,15.0,DNF,0.0
2024,2,Saudi Arabian Grand Prix,Daniel Ricciardo,RIC,RB,14.0,16.0,DNF,0.0
2024,2,Saudi Arabian Grand Prix,Valtteri Bottas,BOT,Kick Sauber,16.0,17.0,DNF,0.0
2024,2,Saudi Arabian Grand Prix,Guanyu Zhou,ZHO,Kick Sauber,20.0,18.0,DNF,0.0
2024,2,Saudi Arabian Grand Prix,Lance Stroll,STR,Aston Martin,10.0,19.0,DNF,0.0
2024,2,Saudi Arabian Grand Prix,Pierre Gasly,GAS,Alpine,18.0,20.0,DNF,0.0
2024,3,Australian Grand Prix,Carlos Sainz,SAI,Ferrari,2.0,1.0,Finished,25.0
2024,3,Australian Grand Prix,Charles Leclerc,LEC,Ferrari,4.0,2.0,Finished,19.0
2024,3,Australian Grand Prix,Lando Norris,NOR,McLaren,3.0,3.0,Finished,15.0
2024,3,Australian Grand Prix,Oscar Piastri,PIA,McLaren,5.0,4.0,Finished,12.0
2024,3,Australian Grand Prix,Sergio Perez,PER,Red Bull Racing,6.0,5.0,Finished,10.0
2024,3,Australian Grand Prix,Lance Stroll,STR,Aston Martin,9.0,6.0,Finished,8.0
2024,3,Australian Grand Prix,Yuki Tsunoda,TSU,RB,8.0,7.0,Finished,6.0
2024,3,Australian Grand Prix,Fernando Alonso,ALO,Aston Martin,10.0,8.0,Finished,4.0
2024,3,Australian Grand Prix,Nico Hulkenberg,HUL,Haas F1 Team,16.0,9.0,Finished,2.0
2024,3,Australian Grand Prix,Kevin Magnussen,MAG,Haas F1 Team,14.0,10.0,DNF,1.0
2024,3,Australian Grand Prix,Alexander Albon,ALB,Williams,12.0,11.0,DNF,0.0
2024,3,Australian Grand Prix,Daniel Ricciardo,RIC,RB,18.0,12.0,DNF,0.0
2024,3,Australian Grand Prix,Pierre Gasly,GAS,Alpine,17.0,13.0,DNF,0.0
2024,3,Australian Grand Prix,Valtteri Bottas,BOT,Kick Sauber,13.0,14.0,DNF,0.0
2024,3,Australian Grand Prix,Guanyu Zhou,ZHO,Kick Sauber,19.0,15.0,DNF,0.0
2024,3,Australian Grand Prix,Esteban Ocon,OCO,Alpine,15.0,16.0,DNF,0.0
2024,3,Australian Grand Prix,George Russell,RUS,Mercedes,7.0,17.0,DNF,0.0
2024,3,Australian Grand Prix,Lewis Hamilton,HAM,Mercedes,11.0,18.0,DNF,0.0
2024,3,Australian Grand Prix,Max Verstappen,VER,Red Bull Racing,1.0,19.0,DNF,0.0
2024,4,Japanese Grand Prix,Max Verstappen,VER,Red Bull Racing,1.0,1.0,Finished,26.0
2024,4,Japanese Grand Prix,Sergio Perez,PER,Red Bull Racing,2.0,2.0,Finished,18.0
2024,4,Japanese Grand Prix,Carlos Sainz,SAI,Ferrari,4.0,3.0,Finished,15.0
2024,4,Japanese Grand Prix,Charles Leclerc,LEC,Ferrari,8.0,4.0,Finished,12.0
2024,4,Japanese Grand Prix,Lando Norris,NOR,McLaren,3.0,5.0,Finished,10.0
2024,4,Japanese Grand Prix,Fernando Alonso,ALO,Aston Martin,5.0,6.0,Finished,8.0
2024,4,Japanese Grand Prix,George Russell,RUS,Mercedes,9.0,7.0,Finished,6.0
2024,4,Japanese Grand Prix,Oscar Piastri,PIA,McLaren,6.0,8.0,Finished,4.0
2024,4,Japanese Grand Prix,Lewis Hamilton,HAM,Mercedes,7.0,9.0,Finished,2.0
2024,4,Japanese Grand Prix,Yuki Tsunoda,TSU,RB,10.0,10.0,DNF,1.0
2024,4,Japanese Grand Prix,Nico Hulkenberg,HUL,Haas F1 Team,12.0,11.0,DNF,0.0
2024,4,Japanese Grand Prix,Lance Stroll,STR,Aston Martin,16.0,12.0,DNF,0.0
2024,4,Japanese Grand Prix,Kevin Magnussen,MAG,Haas F1 Team,18.0,13.0,DNF,0.0
2024,4,Japanese Grand Prix,Valtteri Bottas,BOT,Kick Sauber,13.0,14.0,DNF,0.0
2024,4,Japanese Grand Prix,Esteban Ocon,OCO,Alpine,15.0,15.0,DNF,0.0
2024,4,Japanese Grand Prix,Pierre Gasly,GAS,Alpine,17.0,16.0,DNF,0.0
2024,4,Japanese Grand Prix,Logan Sargeant,SAR,Williams,19.0,17.0,DNF,0.0
2024,4,Japanese Grand Prix,Guanyu Zhou,ZHO,Kick Sauber,20.0,18.0,DNF,0.0
2024,4,Japanese Grand Prix,Daniel Ricciardo,RIC,RB,11.0,19.0,DNF,0.0
2024,4,Japanese Grand Prix,Alexander Albon,ALB,Williams,14.0,20.0,DNF,0.0
2024,5,Chinese Grand Prix,Max Verstappen,VER,Red Bull Racing,1.0,1.0,Finished,25.0
2024,5,Chinese Grand Prix,Lando Norris,NOR,McLaren,4.0,2.0,Finished,18.0
2024,5,Chinese Grand Prix,Sergio Perez,PER,Red Bull Racing,2.0,3.0,Finished,15.0
2024,5,Chinese Grand Prix,Charles Leclerc,LEC,Ferrari,6.0,4.0,Finished,12.0
2024,5,Chinese Grand Prix,Carlos Sainz,SAI,Ferrari,7.0,5.0,Finished,10.0
2024,5,Chinese Grand Prix,George Russell,RUS,Mercedes,8.0,6.0,Finished,8.0
2024,5,Chinese Grand Prix,Fernando Alonso,ALO,Aston Martin,3.0,7.0,Finished,7.0
2024,5,Chinese Grand Prix,Oscar Piastri,PIA,McLaren,5.0,8.0,Finished,4.0
2024,5,Chinese Grand Prix,Lewis Hamilton,HAM,Mercedes,18.0,9.0,Finished,2.0
2024,5,Chinese Grand Prix,Nico Hulkenberg,HUL,Haas F1 Team,9.0,10.0,Finished,1.0
2024,5,Chinese Grand Prix,Esteban Ocon,OCO,Alpine,13.0,11.0,Finished,0.0
2024,5,Chinese Grand Prix,Alexander Albon,ALB,Williams,14.0,12.0,Finished,0.0
2024,5,Chinese Grand Prix,Pierre Gasly,GAS,Alpine,15.0,13.0,Finished,0.0
2024,5,Chinese Grand Prix,Guanyu Zhou,ZHO,Kick Sauber,16.0,14.0,Finished,0.0
2024,5,Chinese Grand Prix,Lance Stroll,STR,Aston Martin,11.0,15.0,Finished,0.0
2024,5,Chinese Grand Prix,Kevin Magnussen,MAG,Haas F1 Team,17.0,16.0,Finished,0.0
2024,5,Chinese Grand Prix,Logan Sargeant,SAR,Williams,20.0,17.0,Finished,0.0
2024,5,Chinese Grand Prix,Daniel Ricciardo,RIC,RB,12.0,18.0,DNF,0.0
2024,5,Chinese Grand Prix,Yuki Tsunoda,TSU,RB,19.0,19.0,DNF,0.0
2024,5,Chinese Grand Prix,Valtteri Bottas,BOT,Kick Sauber,10.0,20.0,DNF,0.0
2024,6,Miami Grand Prix,Lando Norris,NOR,McLaren,5.0,1.0,Finished,25.0
2024,6,Miami Grand Prix,Max Verstappen,VER,Red Bull Racing,1.0,2.0,Finished,18.0
2024,6,Miami Grand Prix,Charles Leclerc,LEC,Ferrari,2.0,3.0,Finished,15.0
2024,6,Miami Grand Prix,Sergio Perez,PER,Red Bull Racing,4.0,4.0,Finished,12.0
2024,6,Miami Grand Prix,Carlos Sainz,SAI,Ferrari,3.0,5.0,Finished,10.0
2024,6,Miami Grand Prix,Lewis Hamilton,HAM,Mercedes,8.0,6.0,Finished,8.0
2024,6,Miami Grand Prix,Yuki Tsunoda,TSU,RB,10.0,7.0,Finished,6.0
2024,6,Miami Grand Prix,George Russell,RUS,Mercedes,7.0,8.0,Finished,4.0
2024,6,Miami Grand Prix,Fernando Alonso,ALO,Aston Martin,15.0,9.0,Finished,2.0
2024,6,Miami Grand Prix,Esteban Ocon,OCO,Alpine,13.0,10.0,Finished,1.0
2024,6,Miami Grand Prix,Nico Hulkenberg,HUL,Haas F1 Team,9.0,11.0,Finished,0.0
2024,6,Miami Grand Prix,Pierre Gasly,GAS,Alpine,12.0,12.0,Finished,0.0
2024,6,Miami Grand Prix,Oscar Piastri,PIA,McLaren,6.0,13.0,Finished,0.0
2024,6,Miami Grand Prix,Guanyu Zhou,ZHO,Kick Sauber,19.0,14.0,Finished,0.0
2024,6,Miami Grand Prix,Daniel Ricciardo,RIC,RB,20.0,15.0,Finished,0.0
2024,6,Miami Grand Prix,Valtteri Bottas,BOT,Kick Sauber,16.0,16.0,Finished,0.0
2024,6,Miami Grand Prix,Lance Stroll,STR,Aston Martin,11.0,17.0,Finished,0.0
2024,6,Miami Grand Prix,Alexander Albon,ALB,Williams,14.0,18.0,Finished,0.0
2024,6,Miami Grand Prix,Kevin Magnussen,MAG,Haas F1 Team,18.0,19.0,Finished,0.0
2024,6,Miami Grand Prix,Logan Sargeant,SAR,Williams,17.0,20.0,DNF,0.0
2024,7,Emilia Romagna Grand Prix,Max Verstappen,VER,Red Bull Racing,1.0,1.0,Finished,25.0
2024,7,Emilia Romagna Grand Prix,Lando Norris,NOR,McLaren,2.0,2.0,Finished,18.0
2024,7,Emilia Romagna Grand Prix,Charles Leclerc,LEC,Ferrari,3.0,3.0,Finished,15.0
2024,7,Emilia Romagna Grand Prix,Oscar Piastri,PIA,McLaren,5.0,4.0,Finished,12.0
2024,7,Emilia Romagna Grand Prix,Carlos Sainz,SAI,Ferrari,4.0,5.0,Finished,10.0
2024,7,Emilia Romagna Grand Prix,Lewis Hamilton,HAM,Mercedes,8.0,6.0,Finished,8.0
2024,7,Emilia Romagna Grand Prix,George Russell,RUS,Mercedes,6.0,7.0,Finished,7.0
2024,7,Emilia Romagna Grand Prix,Sergio Perez,PER,Red Bull Racing,11.0,8.0,Finished,4.0
2024,7,Emilia Romagna Grand Prix,Lance Stroll,STR,Aston Martin,13.0,9.0,Finished,2.0
2024,7,Emilia Romagna Grand Prix,Yuki Tsunoda,TSU,RB,7.0,10.0,DNF,1.0
2024,7,Emilia Romagna Grand Prix,Nico Hulkenberg,HUL,Haas F1 Team,10.0,11.0,DNF,0.0
2024,7,Emilia Romagna Grand Prix,Kevin Magnussen,MAG,Haas F1 Team,18.0,12.0,DNF,0.0
2024,7,Emilia Romagna Grand Prix,Daniel Ricciardo,RIC,RB,9.0,13.0,DNF,0.0
2024,7,Emilia Romagna Grand Prix,Esteban Ocon,OCO,Alpine,12.0,14.0,DNF,0.0
2024,7,Emilia Romagna Grand Prix,Guanyu Zhou,ZHO,Kick Sauber,17.0,15.0,DNF,0.0
2024,7,Emilia Romagna Grand Prix,Pierre Gasly,GAS,Alpine,15.0,16.0,DNF,0.0
2024,7,Emilia Romagna Grand Prix,Logan Sargeant,SAR,Williams,19.0,17.0,DNF,0.0
2024,7,Emilia Romagna Grand Prix,Valtteri Bottas,BOT,Kick Sauber,16.0,18.0,DNF,0.0
2024,7,Emilia Romagna Grand Prix,Fernando Alonso,ALO,Aston Martin,20.0,19.0,DNF,0.0
2024,7,Emilia Romagna Grand Prix,Alexander Albon,ALB,Williams,14.0,20.0,DNF,0.0
2024,8,Monaco Grand Prix,Charles Leclerc,LEC,Ferrari,1.0,1.0,Finished,25.0
2024,8,Monaco Grand Prix,Oscar Piastri,PIA,McLaren,2.0,2.0,Finished,18.0
2024,8,Monaco Grand Prix,Carlos Sainz,SAI,Ferrari,3.0,3.0,Finished,15.0
2024,8,Monaco Grand Prix,Lando Norris,NOR,McLaren,4.0,4.0,Finished,12.0
2024,8,Monaco Grand Prix,George Russell,RUS,Mercedes,5.0,5.0,Finished,10.0
2024,8,Monaco Grand Prix,Max Verstappen,VER,Red Bull Racing,6.0,6.0,Finished,8.0
2024,8,Monaco Grand Prix,Lewis Hamilton,HAM,Mercedes,7.0,7.0,Finished,7.0
2024,8,Monaco Grand Prix,Yuki Tsunoda,TSU,RB,8.0,8.0,DNF,4.0
2024,8,Monaco Grand Prix,Alexander Albon,ALB,Williams,9.0,9.0,DNF,2.0
2024,8,Monaco Grand Prix,Pierre Gasly,GAS,Alpine,10.0,10.0,DNF,1.0
2024,8,Monaco Grand Prix,Fernando Alonso,ALO,Aston Martin,14.0,11.0,DNF,0.0
2024,8,Monaco Grand Prix,Daniel Ricciardo,RIC,RB,12.0,12.0,DNF,0.0
2024,8,Monaco Grand Prix,Valtteri Bottas,BOT,Kick Sauber,17.0,13.0,DNF,0.0
2024,8,Monaco Grand Prix,Lance Stroll,STR,Aston Martin,13.0,14.0,DNF,0.0
2024,8,Monaco Grand Prix,Logan Sargeant,SAR,Williams,15.0,15.0,DNF,0.0
2024,8,Monaco Grand Prix,Guanyu Zhou,ZHO,Kick Sauber,18.0,16.0,DNF,0.0
2024,8,Monaco Grand Prix,Esteban Ocon,OCO,Alpine,11.0,17.0,DNF,0.0
2024,8,Monaco Grand Prix,Sergio Perez,PER,Red Bull Racing,16.0,18.0,DNF,0.0
2024,8,Monaco Grand Prix,Nico Hulkenberg,HUL,Haas F1 Team,19.0,19.0,DNF,0.0
2024,8,Monaco Grand Prix,Kevin Magnussen,MAG,Haas F1 Team,20.0,20.0,DNF,0.0
2024,9,Canadian Grand Prix,Max Verstappen,VER,Red Bull Racing,2.0,1.0,Finished,25.0
2024,9,Canadian Grand Prix,Lando Norris,NOR,McLaren,3.0,2.0,Finished,18.0
2024,9,Canadian Grand Prix,George Russell,RUS,Mercedes,1.0,3.0,Finished,15.0
2024,9,Canadian Grand Prix,Lewis Hamilton,HAM,Mercedes,7.0,4.0,Finished,13.0
2024,9,Canadian Grand Prix,Oscar Piastri,PIA,McLaren,4.0,5.0,Finished,10.0
2024,9,Canadian Grand Prix,Fernando Alonso,ALO,Aston Martin,6.0,6.0,Finished,8.0
2024,9,Canadian Grand Prix,Lance Stroll,STR,Aston Martin,9.0,7.0,Finished,6.0
2024,9,Canadian Grand Prix,Daniel Ricciardo,RIC,RB,5.0,8.0,Finished,4.0
2024,9,Canadian Grand Prix,Pierre Gasly,GAS,Alpine,15.0,9.0,Finished,2.0
2024,9,Canadian Grand Prix,Esteban Ocon,OCO,Alpine,18.0,10.0,Finished,1.0
2024,9,Canadian Grand Prix,Nico Hulkenberg,HUL,Haas F1 Team,17.0,11.0,Finished,0.0
2024,9,Canadian Grand Prix,Kevin Magnussen,MAG,Haas F1 Team,14.0,12.0,Finished,0.0
2024,9,Canadian Grand Prix,Valtteri Bottas,BOT,Kick Sauber,19.0,13.0,Finished,0.0
2024,9,Canadian Grand Prix,Yuki Tsunoda,TSU,RB,8.0,14.0,Finished,0.0
2024,9,Canadian Grand Prix,Guanyu Zhou,ZHO,Kick Sauber,20.0,15.0,DNF,0.0
2024,9,Canadian Grand Prix,Carlos Sainz,SAI,Ferrari,12.0,16.0,DNF,0.0
2024,9,Canadian Grand Prix,Alexander Albon,ALB,Williams,10.0,17.0,DNF,0.0
2024,9,Canadian Grand Prix,Sergio Perez,PER,Red Bull Racing,16.0,18.0,DNF,0.0
2024,9,Canadian Grand Prix,Charles Leclerc,LEC,Ferrari,11.0,19.0,DNF,0.0
2024,9,Canadian Grand Prix,Logan Sargeant,SAR,Williams,13.0,20.0,DNF,0.0
2024,10,Spanish Grand Prix,Max Verstappen,VER,Red Bull Racing,2.0,1.0,Finished,25.0
2024,10,Spanish Grand Prix,Lando Norris,NOR,McLaren,1.0,2.0,Finished,19.0
2024,10,Spanish Grand Prix,Lewis Hamilton,HAM,Mercedes,3.0,3.0,Finished,15.0
2024,10,Spanish Grand Prix,George Russell,RUS,Mercedes,4.0,4.0,Finished,12.0
2024,10,Spanish Grand Prix,Charles Leclerc,LEC,Ferrari,5.0,5.0,Finished,10.0
2024,10,Spanish Grand Prix,Carlos Sainz,SAI,Ferrari,6.0,6.0,Finished,8.0
2024,10,Spanish Grand Prix,Oscar Piastri,PIA,McLaren,9.0,7.0,Finished,6.0
2024,10,Spanish Grand Prix,Sergio Perez,PER,Red Bull Racing,11.0,8.0,Finished,4.0
2024,10,Spanish Grand Prix,Pierre Gasly,GAS,Alpine,7.0,9.0,Finished,2.0
2024,10,Spanish Grand Prix,Esteban Ocon,OCO,Alpine,8.0,10.0,Finished,1.0
2024,10,Spanish Grand Prix,Nico Hulkenberg,HUL,Haas F1 Team,13.0,11.0,Finished,0.0
2024,10,Spanish Grand Prix,Fernando Alonso,ALO,Aston Martin,10.0,12.0,DNF,0.0
2024,10,Spanish Grand Prix,Guanyu Zhou,ZHO,Kick Sauber,15.0,13.0,DNF,0.0
2024,10,Spanish Grand Prix,Lance Stroll,STR,Aston Martin,14.0,14.0,DNF,0.0
2024,10,Spanish Grand Prix,Daniel Ricciardo,RIC,RB,18.0,15.0,DNF,0.0
2024,10,Spanish Grand Prix,Valtteri Bottas,BOT,Kick Sauber,12.0,16.0,DNF,0.0
2024,10,Spanish Grand Prix,Kevin Magnussen,MAG,Haas F1 Team,16.0,17.0,DNF,0.0
2024,10,Spanish Grand Prix,Alexander Albon,ALB,Williams,20.0,18.0,DNF,0.0
2024,10,Spanish Grand Prix,Yuki Tsunoda,TSU,RB,17.0,19.0,DNF,0.0
2024,10,Spanish Grand Prix,Logan Sargeant,SAR,Williams,19.0,20.0,DNF,0.0
2024,11,Austrian Grand Prix,George Russell,RUS,Mercedes,3.0,1.0,Finished,25.0
2024,11,Austrian Grand Prix,Oscar Piastri,PIA,McLaren,7.0,2.0,Finished,18.0
2024,11,Austrian Grand Prix,Carlos Sainz,SAI,Ferrari,4.0,3.0,Finished,15.0
2024,11,Austrian Grand Prix,Lewis Hamilton,HAM,Mercedes,5.0,4.0,Finished,12.0
2024,11,Austrian Grand Prix,Max Verstappen,VER,Red Bull Racing,1.0,5.0,Finished,10.0
2024,11,Austrian Grand Prix,Nico Hulkenberg,HUL,Haas F1 Team,9.0,6.0,Finished,8.0
2024,11,Austrian Grand Prix,Sergio Perez,PER,Red Bull Racing,8.0,7.0,Finished,6.0
2024,11,Austrian Grand Prix,Kevin Magnussen,MAG,Haas F1 Team,12.0,8.0,Finished,4.0
2024,11,Austrian Grand Prix,Daniel Ricciardo,RIC,RB,11.0,9.0,Finished,2.0
2024,11,Austrian Grand Prix,Pierre Gasly,GAS,Alpine,13.0,10.0,Finished,1.0
2024,11,Austrian Grand Prix,Charles Leclerc,LEC,Ferrari,6.0,11.0,Finished,0.0
2024,11,Austrian Grand Prix,Esteban Ocon,OCO,Alpine,10.0,12.0,Finished,0.0
2024,11,Austrian Grand Prix,Lance Stroll,STR,Aston Martin,17.0,13.0,DNF,0.0
2024,11,Austrian Grand Prix,Yuki Tsunoda,TSU,RB,14.0,14.0,DNF,0.0
2024,11,Austrian Grand Prix,Alexander Albon,ALB,Williams,16.0,15.0,DNF,0.0
2024,11,Austrian Grand Prix,Valtteri Bottas,BOT,Kick Sauber,18.0,16.0,DNF,0.0
2024,11,Austrian Grand Prix,Guanyu Zhou,ZHO,Kick Sauber,20.0,17.0,DNF,0.0
2024,11,Austrian Grand Prix,Fernando Alonso,ALO,Aston Martin,15.0,18.0,DNF,0.0
2024,11,Austrian Grand Prix,Logan Sargeant,SAR,Williams,19.0,19.0,DNF,0.0
2024,11,Austrian Grand Prix,Lando Norris,NOR,McLaren,2.0,20.0,DNF,0.0
2024,12,British Grand Prix,Lewis Hamilton,HAM,Mercedes,2.0,1.0,Finished,25.0
2024,12,British Grand Prix,Max Verstappen,VER,Red Bull Racing,4.0,2.0,Finished,18.0
2024,12,British Grand Prix,Lando Norris,NOR,McLaren,3.0,3.0,Finished,15.0
2024,12,British Grand Prix,Oscar Piastri,PIA,McLaren,5.0,4.0,Finished,12.0
2024,12,British Grand Prix,Carlos Sainz,SAI,Ferrari,7.0,5.0,Finished,11.0
2024,12,British Grand Prix,Nico Hulkenberg,HUL,Haas F1 Team,6.0,6.0,Finished,8.0
2024,12,British Grand Prix,Lance Stroll,STR,Aston Martin,8.0,7.0,Finished,6.0
2024,12,British Grand Prix,Fernando Alonso,ALO,Aston Martin,10.0,8.0,Finished,4.0
2024,12,British Grand Prix,Alexander Albon,ALB,Williams,9.0,9.0,Finished,2.0
2024,12,British Grand Prix,Yuki Tsunoda,TSU,RB,13.0,10.0,Finished,1.0
2024,12,British Grand Prix,Logan Sargeant,SAR,Williams,12.0,11.0,Finished,0.0
2024,12,British Grand Prix,Kevin Magnussen,MAG,Haas F1 Team,17.0,12.0,Finished,0.0
2024,12,British Grand Prix,Daniel Ricciardo,RIC,RB,15.0,13.0,DNF,0.0
2024,12,British Grand Prix,Charles Leclerc,LEC,Ferrari,11.0,14.0,DNF,0.0
2024,12,British Grand Prix,Valtteri Bottas,BOT,Kick Sauber,16.0,15.0,DNF,0.0
2024,12,British Grand Prix,Esteban Ocon,OCO,Alpine,18.0,16.0,DNF,0.0
2024,12,British Grand Prix,Sergio Perez,PER,Red Bull Racing,20.0,17.0,DNF,0.0
2024,12,British Grand Prix,Guanyu Zhou,ZHO,Kick Sauber,14.0,18.0,DNF,0.0
2024,12,British Grand Prix,George Russell,RUS,Mercedes,1.0,19.0,DNF,0.0
2024,12,British Grand Prix,Pierre Gasly,GAS,Alpine,19.0,20.0,DNF,0.0
2024,13,Hungarian Grand Prix,Oscar Piastri,PIA,McLaren,2.0,1.0,Finished,25.0
2024,13,Hungarian Grand Prix,Lando Norris,NOR,McLaren,1.0,2.0,Finished,18.0
2024,13,Hungarian Grand Prix,Lewis Hamilton,HAM,Mercedes,5.0,3.0,Finished,15.0
2024,13,Hungarian Grand Prix,Charles Leclerc,LEC,Ferrari,6.0,4.0,Finished,12.0
2024,13,Hungarian Grand Prix,Max Verstappen,VER,Red Bull Racing,3.0,5.0,Finished,10.0
2024,13,Hungarian Grand Prix,Carlos Sainz,SAI,Ferrari,4.0,6.0,Finished,8.0
2024,13,Hungarian Grand Prix,Sergio Perez,PER,Red Bull Racing,16.0,7.0,Finished,6.0
2024,13,Hungarian Grand Prix,George Russell,RUS,Mercedes,17.0,8.0,Finished,5.0
2024,13,Hungarian Grand Prix,Yuki Tsunoda,TSU,RB,10.0,9.0,Finished,2.0
2024,13,Hungarian Grand Prix,Lance Stroll,STR,Aston Martin,8.0,10.0,Finished,1.0
2024,13,Hungarian Grand Prix,Fernando Alonso,ALO,Aston Martin,7.0,11.0,Finished,0.0
2024,13,Hungarian Grand Prix,Daniel Ricciardo,RIC,RB,9.0,12.0,DNF,0.0
2024,13,Hungarian Grand Prix,Nico Hulkenberg,HUL,Haas F1 Team,11.0,13.0,DNF,0.0
2024,13,Hungarian Grand Prix,Alexander Albon,ALB,Williams,13.0,14.0,DNF,0.0
2024,13,Hungarian Grand Prix,Kevin Magnussen,MAG,Haas F1 Team,15.0,15.0,DNF,0.0
2024,13,Hungarian Grand Prix,Valtteri Bottas,BOT,Kick Sauber,12.0,16.0,DNF,0.0
2024,13,Hungarian Grand Prix,Logan Sargeant,SAR,Williams,14.0,17.0,DNF,0.0
2024,13,Hungarian Grand Prix,Esteban Ocon,OCO,Alpine,19.0,18.0,DNF,0.0
2024,13,Hungarian Grand Prix,Guanyu Zhou,ZHO,Kick Sauber,18.0,19.0,DNF,0.0
2024,13,Hungarian Grand Prix,Pierre Gasly,GAS,Alpine,20.0,20.0,DNF,0.0
2024,14,Belgian Grand Prix,Lewis Hamilton,HAM,Mercedes,3.0,1.0,Finished,25.0
2024,14,Belgian Grand Prix,Oscar Piastri,PIA,McLaren,5.0,2.0,Finished,18.0
2024,14,Belgian Grand Prix,Charles Leclerc,LEC,Ferrari,1.0,3.0,Finished,15.0
2024,14,Belgian Grand Prix,Max Verstappen,VER,Red Bull Racing,11.0,4.0,Finished,12.0
2024,14,Belgian Grand Prix,Lando Norris,NOR,McLaren,4.0,5.0,Finished,10.0
2024,14,Belgian Grand Prix,Carlos Sainz,SAI,Ferrari,7.0,6.0,Finished,8.0
2024,14,Belgian Grand Prix,Sergio Perez,PER,Red Bull Racing,2.0,7.0,Finished,7.0
2024,14,Belgian Grand Prix,Fernando Alonso,ALO,Aston Martin,8.0,8.0,Finished,4.0
2024,14,Belgian Grand Prix,Esteban Ocon,OCO,Alpine,9.0,9.0,Finished,2.0
2024,14,Belgian Grand Prix,Daniel Ricciardo,RIC,RB,13.0,10.0,Finished,1.0
2024,14,Belgian Grand Prix,Lance Stroll,STR,Aston Martin,15.0,11.0,Finished,0.0
2024,14,Belgian Grand Prix,Alexander Albon,ALB,Williams,10.0,12.0,Finished,0.0
2024,14,Belgian Grand Prix,Pierre Gasly,GAS,Alpine,12.0,13.0,Finished,0.0
2024,14,Belgian Grand Prix,Kevin Magnussen,MAG,Haas F1 Team,17.0,14.0,Finished,0.0
2024,14,Belgian Grand Prix,Valtteri Bottas,BOT,Kick Sauber,14.0,15.0,Finished,0.0
2024,14,Belgian Grand Prix,Yuki Tsunoda,TSU,RB,20.0,16.0,Finished,0.0
2024,14,Belgian Grand Prix,Logan Sargeant,SAR,Williams,18.0,17.0,Finished,0.0
2024,14,Belgian Grand Prix,Nico Hulkenberg,HUL,Haas F1 Team,16.0,18.0,Finished,0.0
2024,14,Belgian Grand Prix,Guanyu Zhou,ZHO,Kick Sauber,19.0,19.0,DNF,0.0
2024,14,Belgian Grand Prix,George Russell,RUS,Mercedes,6.0,20.0,DNF,0.0
2024,15,Dutch Grand Prix,Lando Norris,NOR,McLaren,1.0,1.0,Finished,26.0
2024,15,Dutch Grand Prix,Max Verstappen,VER,Red Bull Racing,2.0,2.0,Finished,18.0
2024,15,Dutch Grand Prix,Charles Leclerc,LEC,Ferrari,6.0,3.0,Finished,15.0
2024,15,Dutch Grand Prix,Oscar Piastri,PIA,McLaren,3.0,4.0,Finished,12.0
2024,15,Dutch Grand Prix,Carlos Sainz,SAI,Ferrari,10.0,5.0,Finished,10.0
2024,15,Dutch Grand Prix,Sergio Perez,PER,Red Bull Racing,5.0,6.0,Finished,8.0
2024,15,Dutch Grand Prix,George Russell,RUS,Mercedes,4.0,7.0,Finished,6.0
2024,15,Dutch Grand Prix,Lewis Hamilton,HAM,Mercedes,14.0,8.0,Finished,4.0
2024,15,Dutch Grand Prix,Pierre Gasly,GAS,Alpine,9.0,9.0,DNF,2.0
2024,15,Dutch Grand Prix,Fernando Alonso,ALO,Aston Martin,7.0,10.0,DNF,1.0
2024,15,Dutch Grand Prix,Nico Hulkenberg,HUL,Haas F1 Team,12.0,11.0,DNF,0.0
2024,15,Dutch Grand Prix,Daniel Ricciardo,RIC,RB,13.0,12.0,DNF,0.0
2024,15,Dutch Grand Prix,Lance Stroll,STR,Aston Martin,8.0,13.0,DNF,0.0
2024,15,Dutch Grand Prix,Alexander Albon,ALB,Williams,19.0,14.0,DNF,0.0
2024,15,Dutch Grand Prix,Esteban Ocon,OCO,Alpine,15.0,15.0,DNF,0.0
2024,15,Dutch Grand Prix,Logan Sargeant,SAR,Williams,18.0,16.0,DNF,0.0
2024,15,Dutch Grand Prix,Yuki Tsunoda,TSU,RB,11.0,17.0,DNF,0.0
2024,15,Dutch Grand Prix,Kevin Magnussen,MAG,Haas F1 Team,20.0,18.0,DNF,0.0
2024,15,Dutch Grand Prix,Valtteri Bottas,BOT,Kick Sauber,16.0,19.0,DNF,0.0
2024,15,Dutch Grand Prix,Guanyu Zhou,ZHO,Kick Sauber,17.0,20.0,DNF,0.0
2024,16,Italian Grand Prix,Charles Leclerc,LEC,Ferrari,4.0,1.0,Finished,25.0
2024,16,Italian Grand Prix,Oscar Piastri,PIA,McLaren,2.0,2.0,Finished,18.0
2024,16,Italian Grand Prix,Lando Norris,NOR,McLaren,1.0,3.0,Finished,16.0
2024,16,Italian Grand Prix,Carlos Sainz,SAI,Ferrari,5.0,4.0,Finished,12.0
2024,16,Italian Grand Prix,Lewis Hamilton,HAM,Mercedes,6.0,5.0,Finished,10.0
2024,16,Italian Grand Prix,Max Verstappen,VER,Red Bull Racing,7.0,6.0,Finished,8.0
2024,16,Italian Grand Prix,George Russell,RUS,Mercedes,3.0,7.0,Finished,6.0
2024,16,Italian Grand Prix,Sergio Perez,PER,Red Bull Racing,8.0,8.0,Finished,4.0
2024,16,Italian Grand Prix,Alexander Albon,ALB,Williams,9.0,9.0,Finished,2.0
2024,16,Italian Grand Prix,Kevin Magnussen,MAG,Haas F1 Team,13.0,10.0,Finished,1.0
2024,16,Italian Grand Prix,Fernando Alonso,ALO,Aston Martin,11.0,11.0,Finished,0.0
2024,16,Italian Grand Prix,Franco Colapinto,COL,Williams,18.0,12.0,Finished,0.0
2024,16,Italian Grand Prix,Daniel Ricciardo,RIC,RB,12.0,13.0,Finished,0.0
2024,16,Italian Grand Prix,Esteban Ocon,OCO,Alpine,15.0,14.0,DNF,0.0
2024,16,Italian Grand Prix,Pierre Gasly,GAS,Alpine,14.0,15.0,DNF,0.0
2024,16,Italian Grand Prix,Valtteri Bottas,BOT,Kick Sauber,19.0,16.0,DNF,0.0
2024,16,Italian Grand Prix,Nico Hulkenberg,HUL,Haas F1 Team,10.0,17.0,DNF,0.0
2024,16,Italian Grand Prix,Guanyu Zhou,ZHO,Kick Sauber,20.0,18.0,DNF,0.0
2024,16,Italian Grand Prix,Lance Stroll,STR,Aston Martin,17.0,19.0,DNF,0.0
2024,16,Italian Grand Prix,Yuki Tsunoda,TSU,RB,16.0,20.0,DNF,0.0
2024,17,Azerbaijan Grand Prix,Oscar Piastri,PIA,McLaren,2.0,1.0,Finished,25.0
2024,17,Azerbaijan Grand Prix,Charles Leclerc,LEC,Ferrari,1.0,2.0,Finished,18.0
2024,17,Azerbaijan Grand Prix,George Russell,RUS,Mercedes,5.0,3.0,Finished,15.0
2024,17,Azerbaijan Grand Prix,Lando Norris,NOR,McLaren,15.0,4.0,Finished,13.0
2024,17,Azerbaijan Grand Prix,Max Verstappen,VER,Red Bull Racing,6.0,5.0,Finished,10.0
2024,17,Azerbaijan Grand Prix,Fernando Alonso,ALO,Aston Martin,7.0,6.0,Finished,8.0
2024,17,Azerbaijan Grand Prix,Alexander Albon,ALB,Williams,9.0,7.0,Finished,6.0
2024,17,Azerbaijan Grand Prix,Franco Colapinto,COL,Williams,8.0,8.0,Finished,4.0
2024,17,Azerbaijan Grand Prix,Lewis Hamilton,HAM,Mercedes,19.0,9.0,Finished,2.0
2024,17,Azerbaijan Grand Prix,Oliver Bearman,BEA,Haas F1 Team,10.0,10.0,Finished,1.0
2024,17,Azerbaijan Grand Prix,Nico Hulkenberg,HUL,Haas F1 Team,12.0,11.0,Finished,0.0
2024,17,Azerbaijan Grand Prix,Pierre Gasly,GAS,Alpine,18.0,12.0,Finished,0.0
2024,17,Azerbaijan Grand Prix,Daniel Ricciardo,RIC,RB,14.0,13.0,Finished,0.0
2024,17,Azerbaijan Grand Prix,Guanyu Zhou,ZHO,Kick Sauber,17.0,14.0,Finished,0.0
2024,17,Azerbaijan Grand Prix,Esteban Ocon,OCO,Alpine,20.0,15.0,DNF,0.0
2024,17,Azerbaijan Grand Prix,Valtteri Bottas,BOT,Kick Sauber,16.0,16.0,DNF,0.0
2024,17,Azerbaijan Grand Prix,Sergio Perez,PER,Red Bull Racing,4.0,17.0,DNF,0.0
2024,17,Azerbaijan Grand Prix,Carlos Sainz,SAI,Ferrari,3.0,18.0,DNF,0.0
2024,17,Azerbaijan Grand Prix,Lance Stroll,STR,Aston Martin,13.0,19.0,DNF,0.0
2024,17,Azerbaijan Grand Prix,Yuki Tsunoda,TSU,RB,11.0,20.0,DNF,0.0
2024,18,Singapore Grand Prix,Lando Norris,NOR,McLaren,1.0,1.0,Finished,25.0
2024,18,Singapore Grand Prix,Max Verstappen,VER,Red Bull Racing,2.0,2.0,Finished,18.0
2024,18,Singapore Grand Prix,Oscar Piastri,PIA,McLaren,5.0,3.0,Finished,15.0
2024,18,Singapore Grand Prix,George Russell,RUS,Mercedes,4.0,4.0,Finished,12.0
2024,18,Singapore Grand Prix,Charles Leclerc,LEC,Ferrari,9.0,5.0,Finished,10.0
2024,18,Singapore Grand Prix,Lewis Hamilton,HAM,Mercedes,3.0,6.0,Finished,8.0
2024,18,Singapore Grand Prix,Carlos Sainz,SAI,Ferrari,10.0,7.0,Finished,6.0
2024,18,Singapore Grand Prix,Fernando Alonso,ALO,Aston Martin,7.0,8.0,DNF,4.0
2024,18,Singapore Grand Prix,Nico Hulkenberg,HUL,Haas F1 Team,6.0,9.0,DNF,2.0
2024,18,Singapore Grand Prix,Sergio Perez,PER,Red Bull Racing,13.0,10.0,DNF,1.0
2024,18,Singapore Grand Prix,Franco Colapinto,COL,Williams,12.0,11.0,DNF,0.0
2024,18,Singapore Grand Prix,Yuki Tsunoda,TSU,RB,8.0,12.0,DNF,0.0
2024,18,Singapore Grand Prix,Esteban Ocon,OCO,Alpine,15.0,13.0,DNF,0.0
2024,18,Singapore Grand Prix,Lance Stroll,STR,Aston Martin,17.0,14.0,DNF,0.0
2024,18,Singapore Grand Prix,Guanyu Zhou,ZHO,Kick Sauber,20.0,15.0,DNF,0.0
2024,18,Singapore Grand Prix,Valtteri Bottas,BOT,Kick Sauber,19.0,16.0,DNF,0.0
2024,18,Singapore Grand Prix,Pierre Gasly,GAS,Alpine,18.0,17.0,DNF,0.0
2024,18,Singapore Grand Prix,Daniel Ricciardo,RIC,RB,16.0,18.0,DNF,0.0
2024,18,Singapore Grand Prix,Kevin Magnussen,MAG,Haas F1 Team,14.0,19.0,DNF,0.0
2024,18,Singapore Grand Prix,Alexander Albon,ALB,Williams,11.0,20.0,DNF,0.0
2024,19,United States Grand Prix,Charles Leclerc,LEC,Ferrari,4.0,1.0,Finished,25.0
2024,19,United States Grand Prix,Carlos Sainz,SAI,Ferrari,3.0,2.0,Finished,18.0
2024,19,United States Grand Prix,Max Verstappen,VER,Red Bull Racing,2.0,3.0,Finished,15.0
2024,19,United States Grand Prix,Lando Norris,NOR,McLaren,1.0,4.0,Finished,12.0
2024,19,United States Grand Prix,Oscar Piastri,PIA,McLaren,5.0,5.0,Finished,10.0
2024,19,United States Grand Prix,George Russell,RUS,Mercedes,20.0,6.0,Finished,8.0
2024,19,United States Grand Prix,Sergio Perez,PER,Red Bull Racing,9.0,7.0,Finished,6.0
2024,19,United States Grand Prix,Nico Hulkenberg,HUL,Haas F1 Team,11.0,8.0,Finished,4.0
2024,19,United States Grand Prix,Liam Lawson,LAW,RB,19.0,9.0,Finished,2.0
2024,19,United States Grand Prix,Franco Colapinto,COL,Williams,15.0,10.0,Finished,1.0
2024,19,United States Grand Prix,Kevin Magnussen,MAG,Haas F1 Team,8.0,11.0,Finished,0.0
2024,19,United States Grand Prix,Pierre Gasly,GAS,Alpine,6.0,12.0,Finished,0.0
2024,19,United States Grand Prix,Fernando Alonso,ALO,Aston Martin,7.0,13.0,DNF,0.0
2024,19,United States Grand Prix,Yuki Tsunoda,TSU,RB,10.0,14.0,DNF,0.0
2024,19,United States Grand Prix,Lance Stroll,STR,Aston Martin,13.0,15.0,DNF,0.0
2024,19,United States Grand Prix,Alexander Albon,ALB,Williams,14.0,16.0,DNF,0.0
2024,19,United States Grand Prix,Valtteri Bottas,BOT,Kick Sauber,16.0,17.0,DNF,0.0
2024,19,United States Grand Prix,Esteban Ocon,OCO,Alpine,12.0,18.0,DNF,0.0
2024,19,United States Grand Prix,Guanyu Zhou,ZHO,Kick Sauber,18.0,19.0,DNF,0.0
2024,19,United States Grand Prix,Lewis Hamilton,HAM,Mercedes,17.0,20.0,DNF,0.0
2024,20,Mexico City Grand Prix,Carlos Sainz,SAI,Ferrari,1.0,1.0,Finished,25.0
2024,20,Mexico City Grand Prix,Lando Norris,NOR,McLaren,3.0,2.0,Finished,18.0
2024,20,Mexico City Grand Prix,Charles Leclerc,LEC,Ferrari,4.0,3.0,Finished,16.0
2024,20,Mexico City Grand Prix,Lewis Hamilton,HAM,Mercedes,6.0,4.0,Finished,12.0
2024,20,Mexico City Grand Prix,George Russell,RUS,Mercedes,5.0,5.0,Finished,10.0
2024,20,Mexico City Grand Prix,Max Verstappen,VER,Red Bull Racing,2.0,6.0,Finished,8.0
2024,20,Mexico City Grand Prix,Kevin Magnussen,MAG,Haas F1 Team,7.0,7.0,Finished,6.0
2024,20,Mexico City Grand Prix,Oscar Piastri,PIA,McLaren,17.0,8.0,Finished,4.0
2024,20,Mexico City Grand Prix,Nico Hulkenberg,HUL,Haas F1 Team,10.0,9.0,DNF,2.0
2024,20,Mexico City Grand Prix,Pierre Gasly,GAS,Alpine,8.0,10.0,DNF,1.0
2024,20,Mexico City Grand Prix,Lance Stroll,STR,Aston Martin,14.0,11.0,DNF,0.0
2024,20,Mexico City Grand Prix,Franco Colapinto,COL,Williams,16.0,12.0,DNF,0.0
2024,20,Mexico City Grand Prix,Esteban Ocon,OCO,Alpine,0.0,13.0,DNF,0.0
2024,20,Mexico City Grand Prix,Valtteri Bottas,BOT,Kick Sauber,15.0,14.0,DNF,0.0
2024,20,Mexico City Grand Prix,Guanyu Zhou,ZHO,Kick Sauber,19.0,15.0,DNF,0.0
2024,20,Mexico City Grand Prix,Liam Lawson,LAW,RB,12.0,16.0,DNF,0.0
2024,20,Mexico City Grand Prix,Sergio Perez,PER,Red Bull Racing,18.0,17.0,DNF,0.0
2024,20,Mexico City Grand Prix,Fernando Alonso,ALO,Aston Martin,13.0,18.0,DNF,0.0
2024,20,Mexico City Grand Prix,Alexander Albon,ALB,Williams,9.0,19.0,DNF,0.0
2024,20,Mexico City Grand Prix,Yuki Tsunoda,TSU,RB,11.0,20.0,DNF,0.0
2024,21,São Paulo Grand Prix,Max Verstappen,VER,Red Bull Racing,17.0,1.0,Finished,26.0
2024,21,São Paulo Grand Prix,Esteban Ocon,OCO,Alpine,4.0,2.0,Finished,18.0
2024,21,São Paulo Grand Prix,Pierre Gasly,GAS,Alpine,13.0,3.0,Finished,15.0
2024,21,São Paulo Grand Prix,George Russell,RUS,Mercedes,2.0,4.0,Finished,12.0
2024,21,São Paulo Grand Prix,Charles Leclerc,LEC,Ferrari,6.0,5.0,Finished,10.0
2024,21,São Paulo Grand Prix,Lando Norris,NOR,McLaren,1.0,6.0,Finished,8.0
2024,21,São Paulo Grand Prix,Yuki Tsunoda,TSU,RB,3.0,7.0,Finished,6.0
2024,21,São Paulo Grand Prix,Oscar Piastri,PIA,McLaren,8.0,8.0,Finished,4.0
2024,21,São Paulo Grand Prix,Liam Lawson,LAW,RB,5.0,9.0,Finished,2.0
2024,21,São Paulo Grand Prix,Lewis Hamilton,HAM,Mercedes,14.0,10.0,Finished,1.0
2024,21,São Paulo Grand Prix,Sergio Perez,PER,Red Bull Racing,12.0,11.0,Finished,0.0
2024,21,São Paulo Grand Prix,Oliver Bearman,BEA,Haas F1 Team,15.0,12.0,Finished,0.0
2024,21,São Paulo Grand Prix,Valtteri Bottas,BOT,Kick Sauber,11.0,13.0,Finished,0.0
2024,21,São Paulo Grand Prix,Fernando Alonso,ALO,Aston Martin,9.0,14.0,Finished,0.0
2024,21,São Paulo Grand Prix,Guanyu Zhou,ZHO,Kick Sauber,19.0,15.0,Finished,0.0
2024,21,São Paulo Grand Prix,Carlos Sainz,SAI,Ferrari,20.0,16.0,DNF,0.0
2024,21,São Paulo Grand Prix,Franco Colapinto,COL,Williams,16.0,17.0,DNF,0.0
2024,21,São Paulo Grand Prix,Alexander Albon,ALB,Williams,7.0,18.0,DNF,0.0
2024,21,São Paulo Grand Prix,Lance Stroll,STR,Aston Martin,10.0,19.0,DNF,0.0
2024,21,São Paulo Grand Prix,Nico Hulkenberg,HUL,Haas F1 Team,18.0,20.0,DNF,0.0
2024,22,Las Vegas Grand Prix,George Russell,RUS,Mercedes,1.0,1.0,Finished,25.0
2024,22,Las Vegas Grand Prix,Lewis Hamilton,HAM,Mercedes,10.0,2.0,Finished,18.0
2024,22,Las Vegas Grand Prix,Carlos Sainz,SAI,Ferrari,2.0,3.0,Finished,15.0
2024,22,Las Vegas Grand Prix,Charles Leclerc,LEC,Ferrari,4.0,4.0,Finished,12.0
2024,22,Las Vegas Grand Prix,Max Verstappen,VER,Red Bull Racing,5.0,5.0,Finished,10.0
2024,22,Las Vegas Grand Prix,Lando Norris,NOR,McLaren,6.0,6.0,Finished,9.0
2024,22,Las Vegas Grand Prix,Oscar Piastri,PIA,McLaren,8.0,7.0,Finished,6.0
2024,22,Las Vegas Grand Prix,Nico Hulkenberg,HUL,Haas F1 Team,9.0,8.0,Finished,4.0
2024,22,Las Vegas Grand Prix,Yuki Tsunoda,TSU,RB,7.0,9.0,Finished,2.0
2024,22,Las Vegas Grand Prix,Sergio Perez,PER,Red Bull Racing,15.0,10.0,Finished,1.0
2024,22,Las Vegas Grand Prix,Fernando Alonso,ALO,Aston Martin,16.0,11.0,Finished,0.0
2024,22,Las Vegas Grand Prix,Kevin Magnussen,MAG,Haas F1 Team,12.0,12.0,Finished,0.0
2024,22,Las Vegas Grand Prix,Guanyu Zhou,ZHO,Kick Sauber,13.0,13.0,Finished,0.0
2024,22,Las Vegas Grand Prix,Franco Colapinto,COL,Williams,20.0,14.0,Finished,0.0
2024,22,Las Vegas Grand Prix,Lance Stroll,STR,Aston Martin,18.0,15.0,Finished,0.0
2024,22,Las Vegas Grand Prix,Liam Lawson,LAW,RB,14.0,16.0,Finished,0.0
2024,22,Las Vegas Grand Prix,Esteban Ocon,OCO,Alpine,11.0,17.0,DNF,0.0
2024,22,Las Vegas Grand Prix,Valtteri Bottas,BOT,Kick Sauber,19.0,18.0,DNF,0.0
2024,22,Las Vegas Grand Prix,Alexander Albon,ALB,Williams,17.0,19.0,DNF,0.0
2024,22,Las Vegas Grand Prix,Pierre Gasly,GAS,Alpine,3.0,20.0,DNF,0.0
2024,23,Qatar Grand Prix,Max Verstappen,VER,Red Bull Racing,2.0,1.0,Finished,25.0
2024,23,Qatar Grand Prix,Charles Leclerc,LEC,Ferrari,5.0,2.0,Finished,18.0
2024,23,Qatar Grand Prix,Oscar Piastri,PIA,McLaren,4.0,3.0,Finished,15.0
2024,23,Qatar Grand Prix,George Russell,RUS,Mercedes,1.0,4.0,Finished,12.0
2024,23,Qatar Grand Prix,Pierre Gasly,GAS,Alpine,11.0,5.0,Finished,10.0
2024,23,Qatar Grand Prix,Carlos Sainz,SAI,Ferrari,7.0,6.0,Finished,8.0
2024,23,Qatar Grand Prix,Fernando Alonso,ALO,Aston Martin,8.0,7.0,Finished,6.0
2024,23,Qatar Grand Prix,Guanyu Zhou,ZHO,Kick Sauber,12.0,8.0,Finished,4.0
2024,23,Qatar Grand Prix,Kevin Magnussen,MAG,Haas F1 Team,10.0,9.0,Finished,2.0
2024,23,Qatar Grand Prix,Lando Norris,NOR,McLaren,3.0,10.0,Finished,2.0
2024,23,Qatar Grand Prix,Valtteri Bottas,BOT,Kick Sauber,13.0,11.0,Finished,0.0
2024,23,Qatar Grand Prix,Lewis Hamilton,HAM,Mercedes,6.0,12.0,Finished,0.0
2024,23,Qatar Grand Prix,Yuki Tsunoda,TSU,RB,14.0,13.0,Finished,0.0
2024,23,Qatar Grand Prix,Liam Lawson,LAW,RB,17.0,14.0,Finished,0.0
2024,23,Qatar Grand Prix,Alexander Albon,ALB,Williams,16.0,15.0,DNF,0.0
2024,23,Qatar Grand Prix,Nico Hulkenberg,HUL,Haas F1 Team,18.0,16.0,DNF,0.0
2024,23,Qatar Grand Prix,Sergio Perez,PER,Red Bull Racing,9.0,17.0,DNF,0.0
2024,23,Qatar Grand Prix,Lance Stroll,STR,Aston Martin,15.0,18.0,DNF,0.0
2024,23,Qatar Grand Prix,Franco Colapinto,COL,Williams,19.0,19.0,DNF,0.0
2024,23,Qatar Grand Prix,Esteban Ocon,OCO,Alpine,20.0,20.0,DNF,0.0
2024,24,Abu Dhabi Grand Prix,Lando Norris,NOR,McLaren,1.0,1.0,Finished,25.0
2024,24,Abu Dhabi Grand Prix,Carlos Sainz,SAI,Ferrari,3.0,2.0,Finished,18.0
2024,24,Abu Dhabi Grand Prix,Charles Leclerc,LEC,Ferrari,19.0,3.0,Finished,15.0
2024,24,Abu Dhabi Grand Prix,Lewis Hamilton,HAM,Mercedes,16.0,4.0,Finished,12.0
2024,24,Abu Dhabi Grand Prix,George Russell,RUS,Mercedes,6.0,5.0,Finished,10.0
2024,24,Abu Dhabi Grand Prix,Max Verstappen,VER,Red Bull Racing,4.0,6.0,Finished,8.0
2024,24,Abu Dhabi Grand Prix,Pierre Gasly,GAS,Alpine,5.0,7.0,Finished,6.0
2024,24,Abu Dhabi Grand Prix,Nico Hulkenberg,HUL,Haas F1 Team,7.0,8.0,Finished,4.0
2024,24,Abu Dhabi Grand Prix,Fernando Alonso,ALO,Aston Martin,8.0,9.0,Finished,2.0
2024,24,Abu Dhabi Grand Prix,Oscar Piastri,PIA,McLaren,2.0,10.0,Finished,1.0
2024,24,Abu Dhabi Grand Prix,Alexander Albon,ALB,Williams,18.0,11.0,DNF,0.0
2024,24,Abu Dhabi Grand Prix,Yuki Tsunoda,TSU,RB,11.0,12.0,DNF,0.0
2024,24,Abu Dhabi Grand Prix,Guanyu Zhou,ZHO,Kick Sauber,15.0,13.0,DNF,0.0
2024,24,Abu Dhabi Grand Prix,Lance Stroll,STR,Aston Martin,13.0,14.0,DNF,0.0
2024,24,Abu Dhabi Grand Prix,Jack Doohan,DOO,Alpine,17.0,15.0,DNF,0.0
2024,24,Abu Dhabi Grand Prix,Kevin Magnussen,MAG,Haas F1 Team,14.0,16.0,DNF,0.0
2024,24,Abu Dhabi Grand Prix,Liam Lawson,LAW,RB,12.0,17.0,DNF,0.0
2024,24,Abu Dhabi Grand Prix,Valtteri Bottas,BOT,Kick Sauber,9.0,18.0,DNF,0.0
2024,24,Abu Dhabi Grand Prix,Franco Colapinto,COL,Williams,20.0,19.0,DNF,0.0
2024,24,Abu Dhabi Grand Prix,Sergio Perez,PER,Red Bull Racing,10.0,20.0,DNF,0.0
2025,1,Australian Grand Prix,Lando Norris,NOR,McLaren,1.0,1.0,Finished,25.0
2025,1,Australian Grand Prix,Max Verstappen,VER,Red Bull Racing,3.0,2.0,Finished,18.0
2025,1,Australian Grand Prix,George Russell,RUS,Mercedes,4.0,3.0,Finished,15.0
2025,1,Australian Grand Prix,Andrea Kimi Antonelli,ANT,Mercedes,16.0,4.0,Finished,12.0
2025,1,Australian Grand Prix,Alexander Albon,ALB,Williams,6.0,5.0,Finished,10.0
2025,1,Australian Grand Prix,Lance Stroll,STR,Aston Martin,13.0,6.0,Finished,8.0
2025,1,Australian Grand Prix,Nico Hulkenberg,HUL,Kick Sauber,17.0,7.0,Finished,6.0
2025,1,Australian Grand Prix,Charles Leclerc,LEC,Ferrari,7.0,8.0,Finished,4.0
2025,1,Australian Grand Prix,Oscar Piastri,PIA,McLaren,2.0,9.0,Finished,2.0
2025,1,Australian Grand Prix,Lewis Hamilton,HAM,Ferrari,8.0,10.0,Finished,1.0
2025,1,Australian Grand Prix,Pierre Gasly,GAS,Alpine,9.0,11.0,Finished,0.0
2025,1,Australian Grand Prix,Yuki Tsunoda,TSU,Racing Bulls,5.0,12.0,Finished,0.0
2025,1,Australian Grand Prix,Esteban Ocon,OCO,Haas F1 Team,19.0,13.0,Finished,0.0
2025,1,Australian Grand Prix,Oliver Bearman,BEA,Haas F1 Team,20.0,14.0,Finished,0.0
2025,1,Australian Grand Prix,Liam Lawson,LAW,Red Bull Racing,18.0,15.0,DNF,0.0
2025,1,Australian Grand Prix,Gabriel Bortoleto,BOR,Kick Sauber,15.0,16.0,DNF,0.0
2025,1,Australian Grand Prix,Fernando Alonso,ALO,Aston Martin,12.0,17.0,DNF,0.0
2025,1,Australian Grand Prix,Carlos Sainz,SAI,Williams,10.0,18.0,DNF,0.0
2025,1,Australian Grand Prix,Jack Doohan,DOO,Alpine,14.0,19.0,DNF,0.0
2025,1,Australian Grand Prix,Isack Hadjar,HAD,Racing Bulls,11.0,20.0,DNF,0.0
2025,2,Chinese Grand Prix,Oscar Piastri,PIA,McLaren,1.0,1.0,Finished,25.0
2025,2,Chinese Grand Prix,Lando Norris,NOR,McLaren,3.0,2.0,Finished,18.0
2025,2,Chinese Grand Prix,George Russell,RUS,Mercedes,2.0,3.0,Finished,15.0
2025,2,Chinese Grand Prix,Max Verstappen,VER,Red Bull Racing,4.0,4.0,Finished,12.0
2025,2,Chinese Grand Prix,Esteban Ocon,OCO,Haas F1 Team,11.0,5.0,Finished,10.0
2025,2,Chinese Grand Prix,Kimi Antonelli,ANT,Mercedes,8.0,6.0,Finished,8.0
2025,2,Chinese Grand Prix,Alexander Albon,ALB,Williams,10.0,7.0,Finished,6.0
2025,2,Chinese Grand Prix,Oliver Bearman,BEA,Haas F1 Team,17.0,8.0,Finished,4.0
2025,2,Chinese Grand Prix,Lance Stroll,STR,Aston Martin,14.0,9.0,Finished,2.0
2025,2,Chinese Grand Prix,Carlos Sainz,SAI,Williams,15.0,10.0,Finished,1.0
2025,2,Chinese Grand Prix,Isack Hadjar,HAD,Racing Bulls,7.0,11.0,Finished,0.0
2025,2,Chinese Grand Prix,Liam Lawson,LAW,Red Bull Racing,20.0,12.0,Finished,0.0
2025,2,Chinese Grand Prix,Jack Doohan,DOO,Alpine,18.0,13.0,Finished,0.0
2025,2,Chinese Grand Prix,Gabriel Bortoleto,BOR,Kick Sauber,19.0,14.0,DNF,0.0
2025,2,Chinese Grand Prix,Nico Hulkenberg,HUL,Kick Sauber,12.0,15.0,DNF,0.0
2025,2,Chinese Grand Prix,Yuki Tsunoda,TSU,Racing Bulls,9.0,16.0,DNF,0.0
2025,2,Chinese Grand Prix,Fernando Alonso,ALO,Aston Martin,13.0,17.0,DNF,0.0
2025,2,Chinese Grand Prix,Charles Leclerc,LEC,Ferrari,6.0,18.0,DNF,0.0
2025,2,Chinese Grand Prix,Lewis Hamilton,HAM,Ferrari,5.0,19.0,DNF,0.0
2025,2,Chinese Grand Prix,Pierre Gasly,GAS,Alpine,16.0,20.0,DNF,0.0
2025,3,Japanese Grand Prix,Max Verstappen,VER,Red Bull Racing,1.0,1.0,Finished,25.0
2025,3,Japanese Grand Prix,Lando Norris,NOR,McLaren,2.0,2.0,Finished,18.0
2025,3,Japanese Grand Prix,Oscar Piastri,PIA,McLaren,3.0,3.0,Finished,15.0
2025,3,Japanese Grand Prix,Charles Leclerc,LEC,Ferrari,4.0,4.0,Finished,12.0
2025,3,Japanese Grand Prix,George Russell,RUS,Mercedes,5.0,5.0,Finished,10.0
2025,3,Japanese Grand Prix,Kimi Antonelli,ANT,Mercedes,6.0,6.0,Finished,8.0
2025,3,Japanese Grand Prix,Lewis Hamilton,HAM,Ferrari,8.0,7.0,Finished,6.0
2025,3,Japanese Grand Prix,Isack Hadjar,HAD,Racing Bulls,7.0,8.0,Finished,4.0
2025,3,Japanese Grand Prix,Alexander Albon,ALB,Williams,9.0,9.0,Finished,2.0
2025,3,Japanese Grand Prix,Oliver Bearman,BEA,Haas F1 Team,10.0,10.0,Finished,1.0
2025,3,Japanese Grand Prix,Fernando Alonso,ALO,Aston Martin,12.0,11.0,Finished,0.0
2025,3,Japanese Grand Prix,Yuki Tsunoda,TSU,Red Bull Racing,14.0,12.0,Finished,0.0
2025,3,Japanese Grand Prix,Pierre Gasly,GAS,Alpine,11.0,13.0,Finished,0.0
2025,3,Japanese Grand Prix,Carlos Sainz,SAI,Williams,15.0,14.0,Finished,0.0
2025,3,Japanese Grand Prix,Jack Doohan,DOO,Alpine,19.0,15.0,Finished,0.0
2025,3,Japanese Grand Prix,Nico Hulkenberg,HUL,Kick Sauber,16.0,16.0,Finished,0.0
2025,3,Japanese Grand Prix,Liam Lawson,LAW,Racing Bulls,13.0,17.0,Finished,0.0
2025,3,Japanese Grand Prix,Esteban Ocon,OCO,Haas F1 Team,18.0,18.0,Finished,0.0
2025,3,Japanese Grand Prix,Gabriel Bortoleto,BOR,Kick Sauber,17.0,19.0,Finished,0.0
2025,3,Japanese Grand Prix,Lance Stroll,STR,Aston Martin,20.0,20.0,DNF,0.0
2025,4,Bahrain Grand Prix,Oscar Piastri,PIA,McLaren,1.0,1.0,Finished,25.0
2025,4,Bahrain Grand Prix,George Russell,RUS,Mercedes,3.0,2.0,Finished,18.0
2025,4,Bahrain Grand Prix,Lando Norris,NOR,McLaren,6.0,3.0,Finished,15.0
2025,4,Bahrain Grand Prix,Charles Leclerc,LEC,Ferrari,2.0,4.0,Finished,12.0
2025,4,Bahrain Grand Prix,Lewis Hamilton,HAM,Ferrari,9.0,5.0,Finished,10.0
2025,4,Bahrain Grand Prix,Max Verstappen,VER,Red Bull Racing,7.0,6.0,Finished,8.0
2025,4,Bahrain Grand Prix,Pierre Gasly,GAS,Alpine,4.0,7.0,Finished,6.0
2025,4,Bahrain Grand Prix,Esteban Ocon,OCO,Haas F1 Team,14.0,8.0,Finished,4.0
2025,4,Bahrain Grand Prix,Yuki Tsunoda,TSU,Red Bull Racing,10.0,9.0,Finished,2.0
2025,4,Bahrain Grand Prix,Oliver Bearman,BEA,Haas F1 Team,20.0,10.0,Finished,1.0
2025,4,Bahrain Grand Prix,Kimi Antonelli,ANT,Mercedes,5.0,11.0,Finished,0.0
2025,4,Bahrain Grand Prix,Alexander Albon,ALB,Williams,15.0,12.0,Finished,0.0
2025,4,Bahrain Grand Prix,Isack Hadjar,HAD,Racing Bulls,12.0,13.0,Finished,0.0
2025,4,Bahrain Grand Prix,Jack Doohan,DOO,Alpine,11.0,14.0,Finished,0.0
2025,4,Bahrain Grand Prix,Fernando Alonso,ALO,Aston Martin,13.0,15.0,Finished,0.0
2025,4,Bahrain Grand Prix,Liam Lawson,LAW,Racing Bulls,17.0,16.0,Finished,0.0
2025,4,Bahrain Grand Prix,Lance Stroll,STR,Aston Martin,19.0,17.0,Finished,0.0
2025,4,Bahrain Grand Prix,Gabriel Bortoleto,BOR,Kick Sauber,18.0,18.0,Finished,0.0
2025,4,Bahrain Grand Prix,Carlos Sainz,SAI,Williams,8.0,19.0,DNF,0.0
2025,4,Bahrain Grand Prix,Nico Hulkenberg,HUL,Kick Sauber,16.0,20.0,DNF,0.0
2025,5,Saudi Arabian Grand Prix,Oscar Piastri,PIA,McLaren,2.0,1.0,Finished,25.0
2025,5,Saudi Arabian Grand Prix,Max Verstappen,VER,Red Bull Racing,1.0,2.0,Finished,18.0
2025,5,Saudi Arabian Grand Prix,Charles Leclerc,LEC,Ferrari,4.0,3.0,Finished,15.0
2025,5,Saudi Arabian Grand Prix,Lando Norris,NOR,McLaren,10.0,4.0,Finished,12.0
2025,5,Saudi Arabian Grand Prix,George Russell,RUS,Mercedes,3.0,5.0,Finished,10.0
2025,5,Saudi Arabian Grand Prix,Kimi Antonelli,ANT,Mercedes,5.0,6.0,Finished,8.0
2025,5,Saudi Arabian Grand Prix,Lewis Hamilton,HAM,Ferrari,7.0,7.0,Finished,6.0
2025,5,Saudi Arabian Grand Prix,Carlos Sainz,SAI,Williams,6.0,8.0,Finished,4.0
2025,5,Saudi Arabian Grand Prix,Alexander Albon,ALB,Williams,11.0,9.0,Finished,2.0
2025,5,Saudi Arabian Grand Prix,Isack Hadjar,HAD,Racing Bulls,14.0,10.0,Finished,1.0
2025,5,Saudi Arabian Grand Prix,Fernando Alonso,ALO,Aston Martin,13.0,11.0,Finished,0.0
2025,5,Saudi Arabian Grand Prix,Liam Lawson,LAW,Racing Bulls,12.0,12.0,Finished,0.0
2025,5,Saudi Arabian Grand Prix,Oliver Bearman,BEA,Haas F1 Team,15.0,13.0,Finished,0.0
2025,5,Saudi Arabian Grand Prix,Esteban Ocon,OCO,Haas F1 Team,19.0,14.0,Finished,0.0
2025,5,Saudi Arabian Grand Prix,Nico Hulkenberg,HUL,Kick Sauber,18.0,15.0,DNF,0.0
2025,5,Saudi Arabian Grand Prix,Lance Stroll,STR,Aston Martin,16.0,16.0,DNF,0.0
2025,5,Saudi Arabian Grand Prix,Jack Doohan,DOO,Alpine,17.0,17.0,DNF,0.0
2025,5,Saudi Arabian Grand Prix,Gabriel Bortoleto,BOR,Kick Sauber,20.0,18.0,DNF,0.0
2025,5,Saudi Arabian Grand Prix,Yuki Tsunoda,TSU,Red Bull Racing,8.0,19.0,DNF,0.0
2025,5,Saudi Arabian Grand Prix,Pierre Gasly,GAS,Alpine,9.0,20.0,DNF,0.0
2025,6,Miami Grand Prix,Oscar Piastri,PIA,McLaren,4.0,1.0,Finished,25.0
2025,6,Miami Grand Prix,Lando Norris,NOR,McLaren,2.0,2.0,Finished,18.0
2025,6,Miami Grand Prix,George Russell,RUS,Mercedes,5.0,3.0,Finished,15.0
2025,6,Miami Grand Prix,Max Verstappen,VER,Red Bull Racing,1.0,4.0,Finished,12.0
2025,6,Miami Grand Prix,Alexander Albon,ALB,Williams,7.0,5.0,Finished,10.0
2025,6,Miami Grand Prix,Kimi Antonelli,ANT,Mercedes,3.0,6.0,Finished,8.0
2025,6,Miami Grand Prix,Charles Leclerc,LEC,Ferrari,8.0,7.0,Finished,6.0
2025,6,Miami Grand Prix,Lewis Hamilton,HAM,Ferrari,12.0,8.0,Finished,4.0
2025,6,Miami Grand Prix,Carlos Sainz,SAI,Williams,6.0,9.0,Finished,2.0
2025,6,Miami Grand Prix,Yuki Tsunoda,TSU,Red Bull Racing,10.0,10.0,Finished,1.0
2025,6,Miami Grand Prix,Isack Hadjar,HAD,Racing Bulls,11.0,11.0,Finished,0.0
2025,6,Miami Grand Prix,Esteban Ocon,OCO,Haas F1 Team,9.0,12.0,Finished,0.0
2025,6,Miami Grand Prix,Pierre Gasly,GAS,Alpine,20.0,13.0,Finished,0.0
2025,6,Miami Grand Prix,Nico Hulkenberg,HUL,Kick Sauber,16.0,14.0,DNF,0.0
2025,6,Miami Grand Prix,Fernando Alonso,ALO,Aston Martin,17.0,15.0,DNF,0.0
2025,6,Miami Grand Prix,Lance Stroll,STR,Aston Martin,18.0,16.0,DNF,0.0
2025,6,Miami Grand Prix,Liam Lawson,LAW,Racing Bulls,15.0,17.0,DNF,0.0
2025,6,Miami Grand Prix,Gabriel Bortoleto,BOR,Kick Sauber,13.0,18.0,DNF,0.0
2025,6,Miami Grand Prix,Oliver Bearman,BEA,Haas F1 Team,19.0,19.0,DNF,0.0
2025,6,Miami Grand Prix,Jack Doohan,DOO,Alpine,14.0,20.0,DNF,0.0
2025,7,Emilia Romagna Grand Prix,Max Verstappen,VER,Red Bull Racing,2.0,1.0,Finished,25.0
2025,7,Emilia Romagna Grand Prix,Lando Norris,NOR,McLaren,4.0,2.0,Finished,18.0
2025,7,Emilia Romagna Grand Prix,Oscar Piastri,PIA,McLaren,1.0,3.0,Finished,15.0
2025,7,Emilia Romagna Grand Prix,Lewis Hamilton,HAM,Ferrari,12.0,4.0,Finished,12.0
2025,7,Emilia Romagna Grand Prix,Alexander Albon,ALB,Williams,7.0,5.0,Finished,10.0
2025,7,Emilia Romagna Grand Prix,Charles Leclerc,LEC,Ferrari,11.0,6.0,Finished,8.0
2025,7,Emilia Romagna Grand Prix,George Russell,RUS,Mercedes,3.0,7.0,Finished,6.0
2025,7,Emilia Romagna Grand Prix,Carlos Sainz,SAI,Williams,6.0,8.0,Finished,4.0
2025,7,Emilia Romagna Grand Prix,Isack Hadjar,HAD,Racing Bulls,9.0,9.0,Finished,2.0
2025,7,Emilia Romagna Grand Prix,Yuki Tsunoda,TSU,Red Bull Racing,20.0,10.0,Finished,1.0
2025,7,Emilia Romagna Grand Prix,Fernando Alonso,ALO,Aston Martin,5.0,11.0,Finished,0.0
2025,7,Emilia Romagna Grand Prix,Nico Hulkenberg,HUL,Kick Sauber,17.0,12.0,Finished,0.0
2025,7,Emilia Romagna Grand Prix,Pierre Gasly,GAS,Alpine,10.0,13.0,Finished,0.0
2025,7,Emilia Romagna Grand Prix,Liam Lawson,LAW,Racing Bulls,15.0,14.0,Finished,0.0
2025,7,Emilia Romagna Grand Prix,Lance Stroll,STR,Aston Martin,8.0,15.0,Finished,0.0
2025,7,Emilia Romagna Grand Prix,Franco Colapinto,COL,Alpine,16.0,16.0,Finished,0.0
2025,7,Emilia Romagna Grand Prix,Oliver Bearman,BEA,Haas F1 Team,19.0,17.0,Finished,0.0
2025,7,Emilia Romagna Grand Prix,Gabriel Bortoleto,BOR,Kick Sauber,14.0,18.0,Finished,0.0
2025,7,Emilia Romagna Grand Prix,Kimi Antonelli,ANT,Mercedes,13.0,19.0,DNF,0.0
2025,7,Emilia Romagna Grand Prix,Esteban Ocon,OCO,Haas F1 Team,18.0,20.0,DNF,0.0
2025,8,Monaco Grand Prix,Lando Norris,NOR,McLaren,1.0,1.0,Finished,25.0
2025,8,Monaco Grand Prix,Charles Leclerc,LEC,Ferrari,2.0,2.0,Finished,18.0
2025,8,Monaco Grand Prix,Oscar Piastri,PIA,McLaren,3.0,3.0,Finished,15.0
2025,8,Monaco Grand Prix,Max Verstappen,VER,Red Bull Racing,4.0,4.0,Finished,12.0
2025,8,Monaco Grand Prix,Lewis Hamilton,HAM,Ferrari,7.0,5.0,Finished,10.0
2025,8,Monaco Grand Prix,Isack Hadjar,HAD,Racing Bulls,5.0,6.0,DNF,8.0
2025,8,Monaco Grand Prix,Esteban Ocon,OCO,Haas F1 Team,8.0,7.0,DNF,6.0
2025,8,Monaco Grand Prix,Liam Lawson,LAW,Racing Bulls,9.0,8.0,DNF,4.0
2025,8,Monaco Grand Prix,Alexander Albon,ALB,Williams,10.0,9.0,DNF,2.0
2025,8,Monaco Grand Prix,Carlos Sainz,SAI,Williams,11.0,10.0,DNF,1.0
2025,8,Monaco Grand Prix,George Russell,RUS,Mercedes,14.0,11.0,DNF,0.0
2025,8,Monaco Grand Prix,Oliver Bearman,BEA,Haas F1 Team,20.0,12.0,DNF,0.0
2025,8,Monaco Grand Prix,Franco Colapinto,COL,Alpine,18.0,13.0,DNF,0.0
2025,8,Monaco Grand Prix,Gabriel Bortoleto,BOR,Kick Sauber,16.0,14.0,DNF,0.0
2025,8,Monaco Grand Prix,Lance Stroll,STR,Aston Martin,19.0,15.0,DNF,0.0
2025,8,Monaco Grand Prix,Nico Hulkenberg,HUL,Kick Sauber,13.0,16.0,DNF,0.0
2025,8,Monaco Grand Prix,Yuki Tsunoda,TSU,Red Bull Racing,12.0,17.0,DNF,0.0
2025,8,Monaco Grand Prix,Kimi Antonelli,ANT,Mercedes,15.0,18.0,DNF,0.0
2025,8,Monaco Grand Prix,Fernando Alonso,ALO,Aston Martin,6.0,19.0,DNF,0.0
2025,8,Monaco Grand Prix,Pierre Gasly,GAS,Alpine,17.0,20.0,DNF,0.0
2025,9,Spanish Grand Prix,Oscar Piastri,PIA,McLaren,1.0,1.0,Finished,25.0
2025,9,Spanish Grand Prix,Lando Norris,NOR,McLaren,2.0,2.0,Finished,18.0
2025,9,Spanish Grand Prix,Charles Leclerc,LEC,Ferrari,7.0,3.0,Finished,15.0
2025,9,Spanish Grand Prix,George Russell,RUS,Mercedes,4.0,4.0,Finished,12.0
2025,9,Spanish Grand Prix,Nico Hulkenberg,HUL,Kick Sauber,15.0,5.0,Finished,10.0
2025,9,Spanish Grand Prix,Lewis Hamilton,HAM,Ferrari,5.0,6.0,Finished,8.0
2025,9,Spanish Grand Prix,Isack Hadjar,HAD,Racing Bulls,9.0,7.0,Finished,6.0
2025,9,Spanish Grand Prix,Pierre Gasly,GAS,Alpine,8.0,8.0,Finished,4.0
2025,9,Spanish Grand Prix,Fernando Alonso,ALO,Aston Martin,10.0,9.0,Finished,2.0
2025,9,Spanish Grand Prix,Max Verstappen,VER,Red Bull Racing,3.0,10.0,Finished,1.0
2025,9,Spanish Grand Prix,Liam Lawson,LAW,Racing Bulls,13.0,11.0,Finished,0.0
2025,9,Spanish Grand Prix,Gabriel Bortoleto,BOR,Kick Sauber,12.0,12.0,Finished,0.0
2025,9,Spanish Grand Prix,Yuki Tsunoda,TSU,Red Bull Racing,19.0,13.0,Finished,0.0
2025,9,Spanish Grand Prix,Carlos Sainz,SAI,Williams,17.0,14.0,Finished,0.0
2025,9,Spanish Grand Prix,Franco Colapinto,COL,Alpine,18.0,15.0,Finished,0.0
2025,9,Spanish Grand Prix,Esteban Ocon,OCO,Haas F1 Team,16.0,16.0,Finished,0.0
2025,9,Spanish Grand Prix,Oliver Bearman,BEA,Haas F1 Team,14.0,17.0,Finished,0.0
2025,9,Spanish Grand Prix,Kimi Antonelli,ANT,Mercedes,6.0,18.0,DNF,0.0
2025,9,Spanish Grand Prix,Alexander Albon,ALB,Williams,11.0,19.0,DNF,0.0
2025,10,Canadian Grand Prix,George Russell,RUS,Mercedes,1.0,1.0,Finished,25.0
2025,10,Canadian Grand Prix,Max Verstappen,VER,Red Bull Racing,2.0,2.0,Finished,18.0
2025,10,Canadian Grand Prix,Kimi Antonelli,ANT,Mercedes,4.0,3.0,Finished,15.0
2025,10,Canadian Grand Prix,Oscar Piastri,PIA,McLaren,3.0,4.0,Finished,12.0
2025,10,Canadian Grand Prix,Charles Leclerc,LEC,Ferrari,8.0,5.0,Finished,10.0
2025,10,Canadian Grand Prix,Lewis Hamilton,HAM,Ferrari,5.0,6.0,Finished,8.0
2025,10,Canadian Grand Prix,Fernando Alonso,ALO,Aston Martin,6.0,7.0,Finished,6.0
2025,10,Canadian Grand Prix,Nico Hulkenberg,HUL,Kick Sauber,11.0,8.0,Finished,4.0
2025,10,Canadian Grand Prix,Esteban Ocon,OCO,Haas F1 Team,14.0,9.0,DNF,2.0
2025,10,Canadian Grand Prix,Carlos Sainz,SAI,Williams,16.0,10.0,DNF,1.0
2025,10,Canadian Grand Prix,Oliver Bearman,BEA,Haas F1 Team,13.0,11.0,DNF,0.0
2025,10,Canadian Grand Prix,Yuki Tsunoda,TSU,Red Bull Racing,18.0,12.0,DNF,0.0
2025,10,Canadian Grand Prix,Franco Colapinto,COL,Alpine,10.0,13.0,DNF,0.0
2025,10,Canadian Grand Prix,Gabriel Bortoleto,BOR,Kick Sauber,15.0,14.0,DNF,0.0
2025,10,Canadian Grand Prix,Pierre Gasly,GAS,Alpine,20.0,15.0,DNF,0.0
2025,10,Canadian Grand Prix,Isack Hadjar,HAD,Racing Bulls,12.0,16.0,DNF,0.0
2025,10,Canadian Grand Prix,Lance Stroll,STR,Aston Martin,17.0,17.0,DNF,0.0
2025,10,Canadian Grand Prix,Lando Norris,NOR,McLaren,7.0,18.0,DNF,0.0
2025,10,Canadian Grand Prix,Liam Lawson,LAW,Racing Bulls,19.0,19.0,DNF,0.0
2025,10,Canadian Grand Prix,Alexander Albon,ALB,Williams,9.0,20.0,DNF,0.0
2025,11,Austrian Grand Prix,Lando Norris,NOR,McLaren,1.0,1.0,Finished,25.0
2025,11,Austrian Grand Prix,Oscar Piastri,PIA,McLaren,3.0,2.0,Finished,18.0
2025,11,Austrian Grand Prix,Charles Leclerc,LEC,Ferrari,2.0,3.0,Finished,15.0
2025,11,Austrian Grand Prix,Lewis Hamilton,HAM,Ferrari,4.0,4.0,Finished,12.0
2025,11,Austrian Grand Prix,George Russell,RUS,Mercedes,5.0,5.0,Finished,10.0
2025,11,Austrian Grand Prix,Liam Lawson,LAW,Racing Bulls,6.0,6.0,Finished,8.0
2025,11,Austrian Grand Prix,Fernando Alonso,ALO,Aston Martin,11.0,7.0,DNF,6.0
2025,11,Austrian Grand Prix,Gabriel Bortoleto,BOR,Kick Sauber,8.0,8.0,DNF,4.0
2025,11,Austrian Grand Prix,Nico Hulkenberg,HUL,Kick Sauber,20.0,9.0,DNF,2.0
2025,11,Austrian Grand Prix,Esteban Ocon,OCO,Haas F1 Team,17.0,10.0,DNF,1.0
2025,11,Austrian Grand Prix,Oliver Bearman,BEA,Haas F1 Team,15.0,11.0,DNF,0.0
2025,11,Austrian Grand Prix,Isack Hadjar,HAD,Racing Bulls,13.0,12.0,DNF,0.0
2025,11,Austrian Grand Prix,Pierre Gasly,GAS,Alpine,10.0,13.0,DNF,0.0
2025,11,Austrian Grand Prix,Lance Stroll,STR,Aston Martin,16.0,14.0,DNF,0.0
2025,11,Austrian Grand Prix,Franco Colapinto,COL,Alpine,14.0,15.0,DNF,0.0
2025,11,Austrian Grand Prix,Yuki Tsunoda,TSU,Red Bull Racing,18.0,16.0,DNF,0.0
2025,11,Austrian Grand Prix,Alexander Albon,ALB,Williams,12.0,17.0,DNF,0.0
2025,11,Austrian Grand Prix,Max Verstappen,VER,Red Bull Racing,7.0,18.0,DNF,0.0
2025,11,Austrian Grand Prix,Kimi Antonelli,ANT,Mercedes,9.0,19.0,DNF,0.0
2025,11,Austrian Grand Prix,Carlos Sainz,SAI,Williams,19.0,20.0,DNF,0.0
2025,12,British Grand Prix,Lando Norris,NOR,McLaren,3.0,1.0,Finished,25.0
2025,12,British Grand Prix,Oscar Piastri,PIA,McLaren,2.0,2.0,Finished,18.0
2025,12,British Grand Prix,Nico Hulkenberg,HUL,Kick Sauber,19.0,3.0,Finished,15.0
2025,12,British Grand Prix,Lewis Hamilton,HAM,Ferrari,5.0,4.0,Finished,12.0
2025,12,British Grand Prix,Max Verstappen,VER,Red Bull Racing,1.0,5.0,Finished,10.0
2025,12,British Grand Prix,Pierre Gasly,GAS,Alpine,8.0,6.0,Finished,8.0
2025,12,British Grand Prix,Lance Stroll,STR,Aston Martin,17.0,7.0,Finished,6.0
2025,12,British Grand Prix,Alexander Albon,ALB,Williams,13.0,8.0,Finished,4.0
2025,12,British Grand Prix,Fernando Alonso,ALO,Aston Martin,7.0,9.0,Finished,2.0
2025,12,British Grand Prix,George Russell,RUS,Mercedes,4.0,10.0,Finished,1.0
2025,12,British Grand Prix,Oliver Bearman,BEA,Haas F1 Team,18.0,11.0,Finished,0.0
2025,12,British Grand Prix,Carlos Sainz,SAI,Williams,9.0,12.0,Finished,0.0
2025,12,British Grand Prix,Esteban Ocon,OCO,Haas F1 Team,14.0,13.0,Finished,0.0
2025,12,British Grand Prix,Charles Leclerc,LEC,Ferrari,6.0,14.0,Finished,0.0
2025,12,British Grand Prix,Yuki Tsunoda,TSU,Red Bull Racing,11.0,15.0,DNF,0.0
2025,12,British Grand Prix,Kimi Antonelli,ANT,Mercedes,10.0,16.0,DNF,0.0
2025,12,British Grand Prix,Isack Hadjar,HAD,Racing Bulls,12.0,17.0,DNF,0.0
2025,12,British Grand Prix,Gabriel Bortoleto,BOR,Kick Sauber,16.0,18.0,DNF,0.0
2025,12,British Grand Prix,Liam Lawson,LAW,Racing Bulls,15.0,19.0,DNF,0.0
2025,12,British Grand Prix,Franco Colapinto,COL,Alpine,20.0,20.0,DNF,0.0
2025,13,Belgian Grand Prix,Oscar Piastri,PIA,McLaren,2.0,1.0,Finished,25.0
2025,13,Belgian Grand Prix,Lando Norris,NOR,McLaren,1.0,2.0,Finished,18.0
2025,13,Belgian Grand Prix,Charles Leclerc,LEC,Ferrari,3.0,3.0,Finished,15.0
2025,13,Belgian Grand Prix,Max Verstappen,VER,Red Bull Racing,4.0,4.0,Finished,12.0
2025,13,Belgian Grand Prix,George Russell,RUS,Mercedes,6.0,5.0,Finished,10.0
2025,13,Belgian Grand Prix,Alexander Albon,ALB,Williams,5.0,6.0,Finished,8.0
2025,13,Belgian Grand Prix,Lewis Hamilton,HAM,Ferrari,18.0,7.0,Finished,6.0
2025,13,Belgian Grand Prix,Liam Lawson,LAW,Racing Bulls,9.0,8.0,Finished,4.0
2025,13,Belgian Grand Prix,Gabriel Bortoleto,BOR,Kick Sauber,10.0,9.0,Finished,2.0
2025,13,Belgian Grand Prix,Pierre Gasly,GAS,Alpine,13.0,10.0,Finished,1.0
2025,13,Belgian Grand Prix,Oliver Bearman,BEA,Haas F1 Team,12.0,11.0,Finished,0.0
2025,13,Belgian Grand Prix,Nico Hulkenberg,HUL,Kick Sauber,14.0,12.0,Finished,0.0
2025,13,Belgian Grand Prix,Yuki Tsunoda,TSU,Red Bull Racing,7.0,13.0,Finished,0.0
2025,13,Belgian Grand Prix,Lance Stroll,STR,Aston Martin,16.0,14.0,Finished,0.0
2025,13,Belgian Grand Prix,Esteban Ocon,OCO,Haas F1 Team,11.0,15.0,Finished,0.0
2025,13,Belgian Grand Prix,Kimi Antonelli,ANT,Mercedes,19.0,16.0,Finished,0.0
2025,13,Belgian Grand Prix,Fernando Alonso,ALO,Aston Martin,20.0,17.0,Finished,0.0
2025,13,Belgian Grand Prix,Carlos Sainz,SAI,Williams,17.0,18.0,Finished,0.0
2025,13,Belgian Grand Prix,Franco Colapinto,COL,Alpine,15.0,19.0,Finished,0.0
2025,13,Belgian Grand Prix,Isack Hadjar,HAD,Racing Bulls,8.0,20.0,DNF,0.0
2025,14,Hungarian Grand Prix,Lando Norris,NOR,McLaren,3.0,1.0,Finished,25.0
2025,14,Hungarian Grand Prix,Oscar Piastri,PIA,McLaren,2.0,2.0,Finished,18.0
2025,14,Hungarian Grand Prix,George Russell,RUS,Mercedes,4.0,3.0,Finished,15.0
2025,14,Hungarian Grand Prix,Charles Leclerc,LEC,Ferrari,1.0,4.0,Finished,12.0
2025,14,Hungarian Grand Prix,Fernando Alonso,ALO,Aston Martin,5.0,5.0,Finished,10.0
2025,14,Hungarian Grand Prix,Gabriel Bortoleto,BOR,Kick Sauber,7.0,6.0,Finished,8.0
2025,14,Hungarian Grand Prix,Lance Stroll,STR,Aston Martin,6.0,7.0,Finished,6.0
2025,14,Hungarian Grand Prix,Liam Lawson,LAW,Racing Bulls,9.0,8.0,Finished,4.0
2025,14,Hungarian Grand Prix,Max Verstappen,VER,Red Bull Racing,8.0,9.0,Finished,2.0
2025,14,Hungarian Grand Prix,Kimi Antonelli,ANT,Mercedes,15.0,10.0,DNF,1.0
2025,14,Hungarian Grand Prix,Isack Hadjar,HAD,Racing Bulls,10.0,11.0,DNF,0.0
2025,14,Hungarian Grand Prix,Lewis Hamilton,HAM,Ferrari,12.0,12.0,DNF,0.0
2025,14,Hungarian Grand Prix,Nico Hulkenberg,HUL,Kick Sauber,18.0,13.0,DNF,0.0
2025,14,Hungarian Grand Prix,Carlos Sainz,SAI,Williams,13.0,14.0,DNF,0.0
2025,14,Hungarian Grand Prix,Alexander Albon,ALB,Williams,19.0,15.0,DNF,0.0
2025,14,Hungarian Grand Prix,Esteban Ocon,OCO,Haas F1 Team,17.0,16.0,DNF,0.0
2025,14,Hungarian Grand Prix,Yuki Tsunoda,TSU,Red Bull Racing,20.0,17.0,DNF,0.0
2025,14,Hungarian Grand Prix,Franco Colapinto,COL,Alpine,14.0,18.0,DNF,0.0
2025,14,Hungarian Grand Prix,Pierre Gasly,GAS,Alpine,16.0,19.0,DNF,0.0
2025,14,Hungarian Grand Prix,Oliver Bearman,BEA,Haas F1 Team,11.0,20.0,DNF,0.0
2025,15,Dutch Grand Prix,Oscar Piastri,PIA,McLaren,1.0,1.0,Finished,25.0
2025,15,Dutch Grand Prix,Max Verstappen,VER,Red Bull Racing,3.0,2.0,Finished,18.0
2025,15,Dutch Grand Prix,Isack Hadjar,HAD,Racing Bulls,4.0,3.0,Finished,15.0
2025,15,Dutch Grand Prix,George Russell,RUS,Mercedes,5.0,4.0,Finished,12.0
2025,15,Dutch Grand Prix,Alexander Albon,ALB,Williams,15.0,5.0,Finished,10.0
2025,15,Dutch Grand Prix,Oliver Bearman,BEA,Haas F1 Team,20.0,6.0,Finished,8.0
2025,15,Dutch Grand Prix,Lance Stroll,STR,Aston Martin,19.0,7.0,Finished,6.0
2025,15,Dutch Grand Prix,Fernando Alonso,ALO,Aston Martin,10.0,8.0,Finished,4.0
2025,15,Dutch Grand Prix,Yuki Tsunoda,TSU,Red Bull Racing,12.0,9.0,Finished,2.0
2025,15,Dutch Grand Prix,Esteban Ocon,OCO,Haas F1 Team,18.0,10.0,Finished,1.0
2025,15,Dutch Grand Prix,Franco Colapinto,COL,Alpine,16.0,11.0,Finished,0.0
2025,15,Dutch Grand Prix,Liam Lawson,LAW,Racing Bulls,8.0,12.0,Finished,0.0
2025,15,Dutch Grand Prix,Carlos Sainz,SAI,Williams,9.0,13.0,Finished,0.0
2025,15,Dutch Grand Prix,Nico Hulkenberg,HUL,Kick Sauber,17.0,14.0,Finished,0.0
2025,15,Dutch Grand Prix,Gabriel Bortoleto,BOR,Kick Sauber,13.0,15.0,Finished,0.0
2025,15,Dutch Grand Prix,Kimi Antonelli,ANT,Mercedes,11.0,16.0,Finished,0.0
2025,15,Dutch Grand Prix,Pierre Gasly,GAS,Alpine,14.0,17.0,Finished,0.0
2025,15,Dutch Grand Prix,Lando Norris,NOR,McLaren,2.0,18.0,DNF,0.0
2025,15,Dutch Grand Prix,Charles Leclerc,LEC,Ferrari,6.0,19.0,DNF,0.0
2025,15,Dutch Grand Prix,Lewis Hamilton,HAM,Ferrari,7.0,20.0,DNF,0.0
2025,16,Italian Grand Prix,Max Verstappen,VER,Red Bull Racing,1.0,1.0,Finished,25.0
2025,16,Italian Grand Prix,Lando Norris,NOR,McLaren,2.0,2.0,Finished,18.0
2025,16,Italian Grand Prix,Oscar Piastri,PIA,McLaren,3.0,3.0,Finished,15.0
2025,16,Italian Grand Prix,Charles Leclerc,LEC,Ferrari,4.0,4.0,Finished,12.0
2025,16,Italian Grand Prix,George Russell,RUS,Mercedes,5.0,5.0,Finished,10.0
2025,16,Italian Grand Prix,Lewis Hamilton,HAM,Ferrari,10.0,6.0,Finished,8.0
2025,16,Italian Grand Prix,Alexander Albon,ALB,Williams,14.0,7.0,Finished,6.0
2025,16,Italian Grand Prix,Gabriel Bortoleto,BOR,Kick Sauber,7.0,8.0,Finished,4.0
2025,16,Italian Grand Prix,Kimi Antonelli,ANT,Mercedes,6.0,9.0,Finished,2.0
2025,16,Italian Grand Prix,Isack Hadjar,HAD,Racing Bulls,19.0,10.0,Finished,1.0
2025,16,Italian Grand Prix,Carlos Sainz,SAI,Williams,13.0,11.0,Finished,0.0
2025,16,Italian Grand Prix,Oliver Bearman,BEA,Haas F1 Team,11.0,12.0,Finished,0.0
2025,16,Italian Grand Prix,Yuki Tsunoda,TSU,Red Bull Racing,9.0,13.0,Finished,0.0
2025,16,Italian Grand Prix,Liam Lawson,LAW,Racing Bulls,18.0,14.0,Finished,0.0
2025,16,Italian Grand Prix,Esteban Ocon,OCO,Haas F1 Team,15.0,15.0,DNF,0.0
2025,16,Italian Grand Prix,Pierre Gasly,GAS,Alpine,20.0,16.0,DNF,0.0
2025,16,Italian Grand Prix,Franco Colapinto,COL,Alpine,17.0,17.0,DNF,0.0
2025,16,Italian Grand Prix,Lance Stroll,STR,Aston Martin,16.0,18.0,DNF,0.0
2025,16,Italian Grand Prix,Fernando Alonso,ALO,Aston Martin,8.0,19.0,DNF,0.0
2025,16,Italian Grand Prix,Nico Hulkenberg,HUL,Kick Sauber,12.0,20.0,DNF,0.0
2025,17,Azerbaijan Grand Prix,Max Verstappen,VER,Red Bull Racing,1.0,1.0,Finished,25.0
2025,17,Azerbaijan Grand Prix,George Russell,RUS,Mercedes,5.0,2.0,Finished,18.0
2025,17,Azerbaijan Grand Prix,Carlos Sainz,SAI,Williams,2.0,3.0,Finished,15.0
2025,17,Azerbaijan Grand Prix,Kimi Antonelli,ANT,Mercedes,4.0,4.0,Finished,12.0
2025,17,Azerbaijan Grand Prix,Liam Lawson,LAW,Racing Bulls,3.0,5.0,Finished,10.0
2025,17,Azerbaijan Grand Prix,Yuki Tsunoda,TSU,Red Bull Racing,6.0,6.0,Finished,8.0
2025,17,Azerbaijan Grand Prix,Lando Norris,NOR,McLaren,7.0,7.0,Finished,6.0
2025,17,Azerbaijan Grand Prix,Lewis Hamilton,HAM,Ferrari,12.0,8.0,Finished,4.0
2025,17,Azerbaijan Grand Prix,Charles Leclerc,LEC,Ferrari,10.0,9.0,Finished,2.0
2025,17,Azerbaijan Grand Prix,Isack Hadjar,HAD,Racing Bulls,8.0,10.0,Finished,1.0
2025,17,Azerbaijan Grand Prix,Gabriel Bortoleto,BOR,Kick Sauber,13.0,11.0,Finished,0.0
2025,17,Azerbaijan Grand Prix,Oliver Bearman,BEA,Haas F1 Team,15.0,12.0,Finished,0.0
2025,17,Azerbaijan Grand Prix,Alexander Albon,ALB,Williams,19.0,13.0,Finished,0.0
2025,17,Azerbaijan Grand Prix,Esteban Ocon,OCO,Haas F1 Team,20.0,14.0,Finished,0.0
2025,17,Azerbaijan Grand Prix,Fernando Alonso,ALO,Aston Martin,11.0,15.0,Finished,0.0
2025,17,Azerbaijan Grand Prix,Nico Hulkenberg,HUL,Kick Sauber,17.0,16.0,Finished,0.0
2025,17,Azerbaijan Grand Prix,Lance Stroll,STR,Aston Martin,14.0,17.0,Finished,0.0
2025,17,Azerbaijan Grand Prix,Pierre Gasly,GAS,Alpine,18.0,18.0,DNF,0.0
2025,17,Azerbaijan Grand Prix,Franco Colapinto,COL,Alpine,16.0,19.0,DNF,0.0
2025,17,Azerbaijan Grand Prix,Oscar Piastri,PIA,McLaren,9.0,20.0,DNF,0.0
2025,18,Singapore Grand Prix,George Russell,RUS,Mercedes,1.0,1.0,Finished,25.0
2025,18,Singapore Grand Prix,Max Verstappen,VER,Red Bull Racing,2.0,2.0,Finished,18.0
2025,18,Singapore Grand Prix,Lando Norris,NOR,McLaren,5.0,3.0,Finished,15.0
2025,18,Singapore Grand Prix,Oscar Piastri,PIA,McLaren,3.0,4.0,Finished,12.0
2025,18,Singapore Grand Prix,Kimi Antonelli,ANT,Mercedes,4.0,5.0,Finished,10.0
2025,18,Singapore Grand Prix,Charles Leclerc,LEC,Ferrari,7.0,6.0,Finished,8.0
2025,18,Singapore Grand Prix,Fernando Alonso,ALO,Aston Martin,10.0,7.0,Finished,6.0
2025,18,Singapore Grand Prix,Lewis Hamilton,HAM,Ferrari,6.0,8.0,Finished,4.0
2025,18,Singapore Grand Prix,Oliver Bearman,BEA,Haas F1 Team,9.0,9.0,Finished,2.0
2025,18,Singapore Grand Prix,Carlos Sainz,SAI,Williams,18.0,10.0,DNF,1.0
2025,18,Singapore Grand Prix,Isack Hadjar,HAD,Racing Bulls,8.0,11.0,DNF,0.0
2025,18,Singapore Grand Prix,Yuki Tsunoda,TSU,Red Bull Racing,13.0,12.0,DNF,0.0
2025,18,Singapore Grand Prix,Lance Stroll,STR,Aston Martin,15.0,13.0,DNF,0.0
2025,18,Singapore Grand Prix,Alexander Albon,ALB,Williams,20.0,14.0,DNF,0.0
2025,18,Singapore Grand Prix,Liam Lawson,LAW,Racing Bulls,12.0,15.0,DNF,0.0
2025,18,Singapore Grand Prix,Franco Colapinto,COL,Alpine,16.0,16.0,DNF,0.0
2025,18,Singapore Grand Prix,Gabriel Bortoleto,BOR,Kick Sauber,14.0,17.0,DNF,0.0
2025,18,Singapore Grand Prix,Esteban Ocon,OCO,Haas F1 Team,17.0,18.0,DNF,0.0
2025,18,Singapore Grand Prix,Pierre Gasly,GAS,Alpine,19.0,19.0,DNF,0.0
2025,18,Singapore Grand Prix,Nico Hulkenberg,HUL,Kick Sauber,11.0,20.0,DNF,0.0
2025,19,United States Grand Prix,Max Verstappen,VER,Red Bull Racing,1.0,1.0,Finished,25.0
2025,19,United States Grand Prix,Lando Norris,NOR,McLaren,2.0,2.0,Finished,18.0
2025,19,United States Grand Prix,Charles Leclerc,LEC,Ferrari,3.0,3.0,Finished,15.0
2025,19,United States Grand Prix,Lewis Hamilton,HAM,Ferrari,5.0,4.0,Finished,12.0
2025,19,United States Grand Prix,Oscar Piastri,PIA,McLaren,6.0,5.0,Finished,10.0
2025,19,United States Grand Prix,George Russell,RUS,Mercedes,4.0,6.0,Finished,8.0
2025,19,United States Grand Prix,Yuki Tsunoda,TSU,Red Bull Racing,13.0,7.0,Finished,6.0
2025,19,United States Grand Prix,Nico Hulkenberg,HUL,Kick Sauber,11.0,8.0,Finished,4.0
2025,19,United States Grand Prix,Oliver Bearman,BEA,Haas F1 Team,8.0,9.0,Finished,2.0
2025,19,United States Grand Prix,Fernando Alonso,ALO,Aston Martin,10.0,10.0,Finished,1.0
2025,19,United States Grand Prix,Liam Lawson,LAW,Racing Bulls,12.0,11.0,Finished,0.0
2025,19,United States Grand Prix,Lance Stroll,STR,Aston Martin,19.0,12.0,Finished,0.0
2025,19,United States Grand Prix,Kimi Antonelli,ANT,Mercedes,7.0,13.0,Finished,0.0
2025,19,United States Grand Prix,Alexander Albon,ALB,Williams,18.0,14.0,Finished,0.0
2025,19,United States Grand Prix,Esteban Ocon,OCO,Haas F1 Team,17.0,15.0,Finished,0.0
2025,19,United States Grand Prix,Isack Hadjar,HAD,Racing Bulls,20.0,16.0,Finished,0.0
2025,19,United States Grand Prix,Franco Colapinto,COL,Alpine,15.0,17.0,DNF,0.0
2025,19,United States Grand Prix,Gabriel Bortoleto,BOR,Kick Sauber,16.0,18.0,DNF,0.0
2025,19,United States Grand Prix,Pierre Gasly,GAS,Alpine,14.0,19.0,DNF,0.0
2025,19,United States Grand Prix,Carlos Sainz,SAI,Williams,9.0,20.0,DNF,0.0
2025,20,Mexico City Grand Prix,Lando Norris,NOR,McLaren,1.0,1.0,Finished,25.0
2025,20,Mexico City Grand Prix,Charles Leclerc,LEC,Ferrari,2.0,2.0,Finished,18.0
2025,20,Mexico City Grand Prix,Max Verstappen,VER,Red Bull Racing,5.0,3.0,Finished,15.0
2025,20,Mexico City Grand Prix,Oliver Bearman,BEA,Haas F1 Team,9.0,4.0,Finished,12.0
2025,20,Mexico City Grand Prix,Oscar Piastri,PIA,McLaren,7.0,5.0,Finished,10.0
2025,20,Mexico City Grand Prix,Kimi Antonelli,ANT,Mercedes,6.0,6.0,Finished,8.0
2025,20,Mexico City Grand Prix,George Russell,RUS,Mercedes,4.0,7.0,Finished,6.0
2025,20,Mexico City Grand Prix,Lewis Hamilton,HAM,Ferrari,3.0,8.0,Finished,4.0
2025,20,Mexico City Grand Prix,Esteban Ocon,OCO,Haas F1 Team,11.0,9.0,Finished,2.0
2025,20,Mexico City Grand Prix,Gabriel Bortoleto,BOR,Kick Sauber,16.0,10.0,Finished,1.0
2025,20,Mexico City Grand Prix,Yuki Tsunoda,TSU,Red Bull Racing,10.0,11.0,Finished,0.0
2025,20,Mexico City Grand Prix,Alexander Albon,ALB,Williams,17.0,12.0,DNF,0.0
2025,20,Mexico City Grand Prix,Isack Hadjar,HAD,Racing Bulls,8.0,13.0,DNF,0.0
2025,20,Mexico City Grand Prix,Lance Stroll,STR,Aston Martin,19.0,14.0,DNF,0.0
2025,20,Mexico City Grand Prix,Pierre Gasly,GAS,Alpine,18.0,15.0,DNF,0.0
2025,20,Mexico City Grand Prix,Franco Colapinto,COL,Alpine,20.0,16.0,DNF,0.0
2025,20,Mexico City Grand Prix,Carlos Sainz,SAI,Williams,12.0,17.0,DNF,0.0
2025,20,Mexico City Grand Prix,Fernando Alonso,ALO,Aston Martin,14.0,18.0,DNF,0.0
2025,20,Mexico City Grand Prix,Nico Hulkenberg,HUL,Kick Sauber,13.0,19.0,DNF,0.0
2025,20,Mexico City Grand Prix,Liam Lawson,LAW,Racing Bulls,15.0,20.0,DNF,0.0
2025,21,São Paulo Grand Prix,Lando Norris,NOR,McLaren,1.0,1.0,Finished,25.0
2025,21,São Paulo Grand Prix,Kimi Antonelli,ANT,Mercedes,2.0,2.0,Finished,18.0
2025,21,São Paulo Grand Prix,Max Verstappen,VER,Red Bull Racing,19.0,3.0,Finished,15.0
2025,21,São Paulo Grand Prix,George Russell,RUS,Mercedes,6.0,4.0,Finished,12.0
2025,21,São Paulo Grand Prix,Oscar Piastri,PIA,McLaren,4.0,5.0,Finished,10.0
2025,21,São Paulo Grand Prix,Oliver Bearman,BEA,Haas F1 Team,8.0,6.0,Finished,8.0
2025,21,São Paulo Grand Prix,Liam Lawson,LAW,Racing Bulls,7.0,7.0,Finished,6.0
2025,21,São Paulo Grand Prix,Isack Hadjar,HAD,Racing Bulls,5.0,8.0,Finished,4.0
2025,21,São Paulo Grand Prix,Nico Hulkenberg,HUL,Kick Sauber,10.0,9.0,Finished,2.0
2025,21,São Paulo Grand Prix,Pierre Gasly,GAS,Alpine,9.0,10.0,Finished,1.0
2025,21,São Paulo Grand Prix,Alexander Albon,ALB,Williams,12.0,11.0,Finished,0.0
2025,21,São Paulo Grand Prix,Esteban Ocon,OCO,Haas F1 Team,20.0,12.0,Finished,0.0
2025,21,São Paulo Grand Prix,Carlos Sainz,SAI,Williams,15.0,13.0,Finished,0.0
2025,21,São Paulo Grand Prix,Fernando Alonso,ALO,Aston Martin,11.0,14.0,Finished,0.0
2025,21,São Paulo Grand Prix,Franco Colapinto,COL,Alpine,16.0,15.0,Finished,0.0
2025,21,São Paulo Grand Prix,Lance Stroll,STR,Aston Martin,14.0,16.0,Finished,0.0
2025,21,São Paulo Grand Prix,Yuki Tsunoda,TSU,Red Bull Racing,17.0,17.0,Finished,0.0
2025,21,São Paulo Grand Prix,Lewis Hamilton,HAM,Ferrari,13.0,18.0,DNF,0.0
2025,21,São Paulo Grand Prix,Charles Leclerc,LEC,Ferrari,3.0,19.0,DNF,0.0
2025,21,São Paulo Grand Prix,Gabriel Bortoleto,BOR,Kick Sauber,18.0,20.0,DNF,0.0
2025,22,Las Vegas Grand Prix,Max Verstappen,VER,Red Bull Racing,2.0,1.0,Finished,25.0
2025,22,Las Vegas Grand Prix,George Russell,RUS,Mercedes,4.0,2.0,Finished,18.0
2025,22,Las Vegas Grand Prix,Kimi Antonelli,ANT,Mercedes,17.0,3.0,Finished,15.0
2025,22,Las Vegas Grand Prix,Charles Leclerc,LEC,Ferrari,9.0,4.0,Finished,12.0
2025,22,Las Vegas Grand Prix,Carlos Sainz,SAI,Williams,3.0,5.0,Finished,10.0
2025,22,Las Vegas Grand Prix,Isack Hadjar,HAD,Racing Bulls,8.0,6.0,Finished,8.0
2025,22,Las Vegas Grand Prix,Nico Hulkenberg,HUL,Kick Sauber,11.0,7.0,Finished,6.0
2025,22,Las Vegas Grand Prix,Lewis Hamilton,HAM,Ferrari,19.0,8.0,Finished,4.0
2025,22,Las Vegas Grand Prix,Esteban Ocon,OCO,Haas F1 Team,13.0,9.0,Finished,2.0
2025,22,Las Vegas Grand Prix,Oliver Bearman,BEA,Haas F1 Team,14.0,10.0,Finished,1.0
2025,22,Las Vegas Grand Prix,Fernando Alonso,ALO,Aston Martin,7.0,11.0,Finished,0.0
2025,22,Las Vegas Grand Prix,Yuki Tsunoda,TSU,Red Bull Racing,20.0,12.0,Finished,0.0
2025,22,Las Vegas Grand Prix,Pierre Gasly,GAS,Alpine,10.0,13.0,Finished,0.0
2025,22,Las Vegas Grand Prix,Liam Lawson,LAW,Racing Bulls,6.0,14.0,DNF,0.0
2025,22,Las Vegas Grand Prix,Franco Colapinto,COL,Alpine,15.0,15.0,DNF,0.0
2025,22,Las Vegas Grand Prix,Alexander Albon,ALB,Williams,16.0,16.0,DNF,0.0
2025,22,Las Vegas Grand Prix,Gabriel Bortoleto,BOR,Kick Sauber,18.0,17.0,DNF,0.0
2025,22,Las Vegas Grand Prix,Lance Stroll,STR,Aston Martin,12.0,18.0,DNF,0.0
2025,22,Las Vegas Grand Prix,Lando Norris,NOR,McLaren,1.0,19.0,DNF,0.0
2025,22,Las Vegas Grand Prix,Oscar Piastri,PIA,McLaren,5.0,20.0,DNF,0.0
2025,23,Qatar Grand Prix,Max Verstappen,VER,Red Bull Racing,3.0,1.0,Finished,25.0
2025,23,Qatar Grand Prix,Oscar Piastri,PIA,McLaren,1.0,2.0,Finished,18.0
2025,23,Qatar Grand Prix,Carlos Sainz,SAI,Williams,7.0,3.0,Finished,15.0
2025,23,Qatar Grand Prix,Lando Norris,NOR,McLaren,2.0,4.0,Finished,12.0
2025,23,Qatar Grand Prix,Kimi Antonelli,ANT,Mercedes,5.0,5.0,Finished,10.0
2025,23,Qatar Grand Prix,George Russell,RUS,Mercedes,4.0,6.0,Finished,8.0
2025,23,Qatar Grand Prix,Fernando Alonso,ALO,Aston Martin,8.0,7.0,Finished,6.0
2025,23,Qatar Grand Prix,Charles Leclerc,LEC,Ferrari,10.0,8.0,Finished,4.0
2025,23,Qatar Grand Prix,Liam Lawson,LAW,Racing Bulls,12.0,9.0,Finished,2.0
2025,23,Qatar Grand Prix,Yuki Tsunoda,TSU,Red Bull Racing,15.0,10.0,Finished,1.0
2025,23,Qatar Grand Prix,Alexander Albon,ALB,Williams,14.0,11.0,Finished,0.0
2025,23,Qatar Grand Prix,Lewis Hamilton,HAM,Ferrari,17.0,12.0,Finished,0.0
2025,23,Qatar Grand Prix,Gabriel Bortoleto,BOR,Kick Sauber,19.0,13.0,Finished,0.0
2025,23,Qatar Grand Prix,Franco Colapinto,COL,Alpine,20.0,14.0,DNF,0.0
2025,23,Qatar Grand Prix,Esteban Ocon,OCO,Haas F1 Team,16.0,15.0,DNF,0.0
2025,23,Qatar Grand Prix,Pierre Gasly,GAS,Alpine,9.0,16.0,DNF,0.0
2025,23,Qatar Grand Prix,Lance Stroll,STR,Aston Martin,18.0,17.0,DNF,0.0
2025,23,Qatar Grand Prix,Isack Hadjar,HAD,Racing Bulls,6.0,18.0,DNF,0.0
2025,23,Qatar Grand Prix,Oliver Bearman,BEA,Haas F1 Team,13.0,19.0,DNF,0.0
2025,23,Qatar Grand Prix,Nico Hulkenberg,HUL,Kick Sauber,11.0,20.0,DNF,0.0
2025,24,Abu Dhabi Grand Prix,Max Verstappen,VER,Red Bull Racing,1.0,1.0,Finished,25.0
2025,24,Abu Dhabi Grand Prix,Oscar Piastri,PIA,McLaren,3.0,2.0,Finished,18.0
2025,24,Abu Dhabi Grand Prix,Lando Norris,NOR,McLaren,2.0,3.0,Finished,15.0
2025,24,Abu Dhabi Grand Prix,Charles Leclerc,LEC,Ferrari,5.0,4.0,Finished,12.0
2025,24,Abu Dhabi Grand Prix,George Russell,RUS,Mercedes,4.0,5.0,Finished,10.0
2025,24,Abu Dhabi Grand Prix,Fernando Alonso,ALO,Aston Martin,6.0,6.0,Finished,8.0
2025,24,Abu Dhabi Grand Prix,Esteban Ocon,OCO,Haas F1 Team,8.0,7.0,Finished,6.0
2025,24,Abu Dhabi Grand Prix,Lewis Hamilton,HAM,Ferrari,16.0,8.0,Finished,4.0
2025,24,Abu Dhabi Grand Prix,Nico Hulkenberg,HUL,Kick Sauber,18.0,9.0,Finished,2.0
2025,24,Abu Dhabi Grand Prix,Lance Stroll,STR,Aston Martin,15.0,10.0,Finished,1.0
2025,24,Abu Dhabi Grand Prix,Gabriel Bortoleto,BOR,Kick Sauber,7.0,11.0,Finished,0.0
2025,24,Abu Dhabi Grand Prix,Oliver Bearman,BEA,Haas F1 Team,11.0,12.0,Finished,0.0
2025,24,Abu Dhabi Grand Prix,Carlos Sainz,SAI,Williams,12.0,13.0,Finished,0.0
2025,24,Abu Dhabi Grand Prix,Yuki Tsunoda,TSU,Red Bull Racing,10.0,14.0,Finished,0.0
2025,24,Abu Dhabi Grand Prix,Kimi Antonelli,ANT,Mercedes,14.0,15.0,Finished,0.0
2025,24,Abu Dhabi Grand Prix,Alexander Albon,ALB,Williams,17.0,16.0,Finished,0.0
2025,24,Abu Dhabi Grand Prix,Isack Hadjar,HAD,Racing Bulls,9.0,17.0,DNF,0.0
2025,24,Abu Dhabi Grand Prix,Liam Lawson,LAW,Racing Bulls,13.0,18.0,DNF,0.0
2025,24,Abu Dhabi Grand Prix,Pierre Gasly,GAS,Alpine,19.0,19.0,DNF,0.0
2025,24,Abu Dhabi Grand Prix,Franco Colapinto,COL,Alpine,20.0,20.0,DNF,0.0
